seq,product_id,abc_class,volume_m3,emplacement_code,floor,cost,remaining_m3,walk_distance,timestamp,position_row,position_col
1,31554,A,0.037,B07-N2-A7,2,0.08,2499.961925,1,2026-02-13T15:57:16.374365,3,29
2,31565,A,0.037,B07-N2-A7,2,0.05958764474008377,2499.9249250000003,1,2026-02-13T15:57:16.374365,3,29
3,31723,A,0.025,B07-N2-A7,2,0.04845364751494405,2499.899925,1,2026-02-13T15:57:16.374365,3,29
4,31725,A,0.034,B07-N2-A7,2,0.04472607979668314,2499.865925,1,2026-02-13T15:57:16.374365,3,29
5,31732,A,0.034,B07-N2-A7,2,0.04621186187938434,2499.831925,1,2026-02-13T15:57:16.374365,3,29
6,34015,A,0.041,B07-N2-A7,2,0.048347953216374265,2499.790925,1,2026-02-13T15:57:16.374365,3,29
7,31557,A,0.037,B07-N2-A7,2,0.0466557422751261,2499.753925,1,2026-02-13T15:57:16.374365,3,29
8,34016,A,0.041,B07-N2-A7,2,0.04466842688761816,2499.712925,1,2026-02-13T15:57:16.374365,3,29
9,35584,A,0.041,B07-N2-A7,2,0.043686868686868684,2499.6719249999996,1,2026-02-13T15:57:16.374365,3,29
10,35585,A,0.041,B07-N2-A7,2,0.03993233036397349,2499.6309249999995,1,2026-02-13T15:57:16.374365,3,29
11,31993,A,0.041,B07-N2-A7,2,0.042354190168695946,2499.5899249999993,1,2026-02-13T15:57:16.374365,3,29
12,31724,A,0.034,B07-N2-A7,2,0.029731486884246833,2499.555924999999,1,2026-02-13T15:57:16.374365,3,29
13,31772,A,0.000512,B07-N2-A7,2,0.03296612466124661,2499.555412999999,1,2026-02-13T15:57:16.374365,3,29
14,34637,A,0.000288,B07-N2-A7,2,0.03334406322532125,2499.555124999999,1,2026-02-13T15:57:16.374365,3,29
15,34013,A,0.041,B07-N2-A7,2,0.037928677014042865,2499.514124999999,1,2026-02-13T15:57:16.374365,3,29
16,31549,A,0.037,B07-N2-A7,2,0.036747546063977385,2499.477124999999,1,2026-02-13T15:57:16.374365,3,29
17,31584,A,0.034,B07-N2-A7,2,0.03782249646659146,2499.443124999999,1,2026-02-13T15:57:16.374365,3,29
18,35574,A,0.041,B07-N2-A7,2,0.036858491850468744,2499.4021249999987,1,2026-02-13T15:57:16.374365,3,29
19,31551,A,0.037,B07-N2-A7,2,0.035588701520986504,2499.365124999999,1,2026-02-13T15:57:16.374365,3,29
20,31569,A,0.037,B07-N2-A7,2,0.03354041052372246,2499.328124999999,1,2026-02-13T15:57:16.374365,3,29
21,31761,A,0.000512,B07-N2-A7,2,0.0291578331453171,2499.327612999999,1,2026-02-13T15:57:16.374365,3,29
22,31463,A,0.037,B07-N2-A7,2,0.03423603817377887,2499.290612999999,1,2026-02-13T15:57:16.374365,3,29
23,31994,A,0.041,B07-N2-A7,2,0.034763585793752674,2499.249612999999,1,2026-02-13T15:57:16.374365,3,29
24,31729,A,0.034,B07-N2-A7,2,0.03059108414050648,2499.215612999999,1,2026-02-13T15:57:16.374365,3,29
25,31493,A,0.037,B07-N2-A7,2,0.032150620453572955,2499.178612999999,1,2026-02-13T15:57:16.374365,3,29
26,31766,A,0.0032,B07-N2-A7,2,0.03273919879150945,2499.175412999999,1,2026-02-13T15:57:16.374365,3,29
27,31587,A,0.034,B07-N2-A7,2,0.03272594364699628,2499.141412999999,1,2026-02-13T15:57:16.374365,3,29
28,31731,A,0.034,B07-N2-A7,2,0.027644286251474956,2499.107412999999,1,2026-02-13T15:57:16.374365,3,29
29,34014,A,0.041,B07-N2-A7,2,0.0318541480271262,2499.0664129999986,1,2026-02-13T15:57:16.374365,3,29
30,31995,A,0.041,B07-N2-A7,2,0.029284128188171832,2499.0254129999985,1,2026-02-13T15:57:16.374365,3,29
31,31762,A,0.0008,B07-N2-A7,2,0.026634969722902968,2499.0246129999987,1,2026-02-13T15:57:16.374365,3,29
32,35576,A,0.041,B07-N2-A7,2,0.030800235992790553,2498.9836129999985,1,2026-02-13T15:57:16.374365,3,29
33,31756,A,0.038,B07-N2-A7,2,0.028537402263974793,2498.9456129999985,1,2026-02-13T15:57:16.374365,3,29
34,34392,A,0.041,B07-N2-A7,2,0.02875823057273635,2498.9046129999983,1,2026-02-13T15:57:16.374365,3,29
35,34017,A,0.041,B07-N2-A7,2,0.03194053824509537,2498.863612999998,1,2026-02-13T15:57:16.374365,3,29
36,31986,A,0.041,B07-N2-A7,2,0.02785767819400682,2498.822612999998,1,2026-02-13T15:57:16.374365,3,29
37,31773,A,0.0008,B07-N2-A7,2,0.026740778776208816,2498.821812999998,1,2026-02-13T15:57:16.374365,3,29
38,31461,A,0.037,B07-N2-A7,2,0.030045140104511092,2498.7848129999984,1,2026-02-13T15:57:16.374365,3,29
39,35580,A,0.041,B07-N2-A7,2,0.030304245925234372,2498.743812999998,1,2026-02-13T15:57:16.374365,3,29
40,31985,A,0.041,B07-N2-A7,2,0.028613305714396856,2498.702812999998,1,2026-02-13T15:57:16.374365,3,29
41,31661,A,0.041,B07-N2-A7,2,0.02700128693870671,2498.661812999998,1,2026-02-13T15:57:16.374365,3,29
42,35595,A,0.041,B07-N2-A7,2,0.02776905123118217,2498.6208129999977,1,2026-02-13T15:57:16.374365,3,29
43,34018,A,0.041,B07-N2-A7,2,0.028642312081015548,2498.5798129999976,1,2026-02-13T15:57:16.374365,3,29
44,31730,A,0.034,B07-N2-A7,2,0.027482903489321975,2498.5458129999975,1,2026-02-13T15:57:16.374365,3,29
45,31543,A,0.037,B07-N2-A7,2,0.02843925454804787,2498.5088129999976,1,2026-02-13T15:57:16.374365,3,29
46,31760,A,0.08,B07-N2-A7,2,0.028395795568003528,2498.4288129999977,1,2026-02-13T15:57:16.374365,3,29
47,31858,A,0.037,B07-N2-A7,2,0.026412653492563637,2498.391812999998,1,2026-02-13T15:57:16.374365,3,29
48,31473,A,0.037,B07-N2-A7,2,0.026683896085372336,2498.354812999998,1,2026-02-13T15:57:16.374365,3,29
49,31860,A,0.037,B07-N2-A7,2,0.025384415399177913,2498.3178129999983,1,2026-02-13T15:57:16.374365,3,29
50,31769,A,0.0048,B07-N2-A7,2,0.02666444677843908,2498.313012999998,1,2026-02-13T15:57:16.374365,3,29
51,31740,A,0.038,B07-N2-A7,2,0.025660575589009478,2498.275012999998,1,2026-02-13T15:57:16.374365,3,29
52,35578,A,0.041,B07-N2-A7,2,0.02704806408111928,2498.234012999998,1,2026-02-13T15:57:16.374365,3,29
53,31686,A,0.041,B07-N2-A7,2,0.027521929824561406,2498.193012999998,1,2026-02-13T15:57:16.374365,3,29
54,31737,A,0.038,B07-N2-A7,2,0.02486903696788164,2498.155012999998,1,2026-02-13T15:57:16.374365,3,29
55,31726,A,0.034,B07-N2-A7,2,0.023614368978618017,2498.1210129999977,1,2026-02-13T15:57:16.374365,3,29
56,34393,A,0.041,B07-N2-A7,2,0.02624485548683238,2498.0800129999975,1,2026-02-13T15:57:16.374365,3,29
57,31509,A,0.037,B07-N2-A7,2,0.024278004693922536,2498.0430129999977,1,2026-02-13T15:57:16.374365,3,29
58,31757,A,0.038,B07-N2-A7,2,0.025074927710999596,2498.0050129999977,1,2026-02-13T15:57:16.374365,3,29
59,34403,A,0.041,B07-N2-A7,2,0.028024986709197237,2497.9640129999975,1,2026-02-13T15:57:16.374365,3,29
60,31484,A,0.037,B07-N2-A7,2,0.023892645971914265,2497.9270129999977,1,2026-02-13T15:57:16.374365,3,29
61,31662,A,0.041,B07-N2-A7,2,0.023819825339401718,2497.8860129999975,1,2026-02-13T15:57:16.374365,3,29
62,35596,A,0.041,B07-N2-A7,2,0.026035045577728504,2497.8450129999974,1,2026-02-13T15:57:16.374365,3,29
63,35586,A,0.041,B07-N2-A7,2,0.028257267799950726,2497.804012999997,1,2026-02-13T15:57:16.374365,3,29
64,31688,A,0.041,B07-N2-A7,2,0.025115354443018115,2497.763012999997,1,2026-02-13T15:57:16.374365,3,29
65,31595,A,0.037,B07-N2-A7,2,0.025921863046381662,2497.7260129999972,1,2026-02-13T15:57:16.374365,3,29
66,32086,A,0.032,B07-N2-A7,2,0.029373779515307116,2497.694012999997,1,2026-02-13T15:57:16.374365,3,29
67,31866,A,0.037,B07-N2-A7,2,0.02446155392175931,2497.6570129999973,1,2026-02-13T15:57:16.374365,3,29
68,31727,A,0.034,B07-N2-A7,2,0.022615386859610224,2497.623012999997,1,2026-02-13T15:57:16.374365,3,29
69,32002,A,0.041,B07-N2-A7,2,0.02689993646347947,2497.582012999997,1,2026-02-13T15:57:16.374365,3,29
70,32088,A,0.02,B07-N2-A7,2,0.03166778114910336,2497.562012999997,1,2026-02-13T15:57:16.374365,3,29
71,31763,A,0.00125,B07-N2-A7,2,0.02313020707719039,2497.560762999997,1,2026-02-13T15:57:16.374365,3,29
72,31449,A,0.037,B07-N2-A7,2,0.024064992025518345,2497.5237629999974,1,2026-02-13T15:57:16.374365,3,29
73,31482,A,0.037,B07-N2-A7,2,0.023088101814032494,2497.4867629999976,1,2026-02-13T15:57:16.374365,3,29
74,32087,A,0.034,B07-N2-A7,2,0.029183155042076737,2497.4527629999975,1,2026-02-13T15:57:16.374365,3,29
75,31733,A,0.034,B07-N2-A7,2,0.026674472582046395,2497.4187629999974,1,2026-02-13T15:57:16.374365,3,29
76,31440,A,0.037,B07-N2-A7,2,0.022501737529337016,2497.3817629999976,1,2026-02-13T15:57:16.374365,3,29
77,44486,A,0.041,B07-N2-A7,2,0.024847911074804527,2497.3407629999974,1,2026-02-13T15:57:16.374365,3,29
78,31552,A,0.037,B07-N2-A7,2,0.025793992557150452,2497.3037629999976,1,2026-02-13T15:57:16.374365,3,29
79,31951,A,0.037,B07-N2-A7,2,0.021873828140195277,2497.266762999998,1,2026-02-13T15:57:16.374365,3,29
80,31494,A,0.037,B07-N2-A7,2,0.02255473541577521,2497.229762999998,1,2026-02-13T15:57:16.374365,3,29
81,31767,A,0.0048,B07-N2-A7,2,0.0235211226514179,2497.224962999998,1,2026-02-13T15:57:16.374365,3,29
82,32001,A,0.041,B07-N2-A7,2,0.02461099441137952,2497.1839629999977,1,2026-02-13T15:57:16.374365,3,29
83,32000,A,0.041,B07-N2-A7,2,0.026135971395599124,2497.1429629999975,1,2026-02-13T15:57:16.374365,3,29
84,31953,A,0.037,B07-N2-A7,2,0.02222187536468666,2497.1059629999977,1,2026-02-13T15:57:16.374365,3,29
85,31754,A,0.038,B07-N2-A7,2,0.023461605788306687,2497.0679629999977,1,2026-02-13T15:57:16.374365,3,29
86,31556,A,0.037,B07-N2-A7,2,0.023428929863461314,2497.030962999998,1,2026-02-13T15:57:16.374365,3,29
87,44489,A,0.041,B07-N2-A7,2,0.024118706318642134,2496.9899629999977,1,2026-02-13T15:57:16.374365,3,29
88,31698,A,0.041,B07-N2-A7,2,0.02173658925584471,2496.9489629999975,1,2026-02-13T15:57:16.374365,3,29
89,32076,A,0.025,B07-N2-A7,2,0.023226556320587132,2496.9239629999975,1,2026-02-13T15:57:16.374365,3,29
90,31848,A,0.037,B07-N2-A7,2,0.023204149972121734,2496.8869629999976,1,2026-02-13T15:57:16.374365,3,29
91,31647,A,0.041,B07-N2-A7,2,0.022354011877439347,2496.8459629999975,1,2026-02-13T15:57:16.374365,3,29
92,31501,A,0.037,B07-N2-A7,2,0.02094831822720141,2496.8089629999977,1,2026-02-13T15:57:16.374365,3,29
93,31992,A,0.041,B07-N2-A7,2,0.023152335291295498,2496.7679629999975,1,2026-02-13T15:57:16.374365,3,29
94,31437,A,0.037,B07-N2-A7,2,0.023131329339609187,2496.7309629999977,1,2026-02-13T15:57:16.374365,3,29
95,31770,A,0.0072,B07-N2-A7,2,0.022681986748097144,2496.7237629999977,1,2026-02-13T15:57:16.374365,3,29
96,34982,A,0.0048,B07-N2-A7,2,0.02225971849431413,2496.7189629999975,1,2026-02-13T15:57:16.374365,3,29
97,39907,A,0.06,B07-N2-A7,2,0.026976339129420004,2496.6589629999976,1,2026-02-13T15:57:16.374365,3,29
98,31799,A,0.037,B07-N2-A7,2,0.02349057973833327,2496.621962999998,1,2026-02-13T15:57:16.374365,3,29
99,31594,A,0.034,B07-N2-A7,2,0.0225127559289947,2496.5879629999977,1,2026-02-13T15:57:16.374365,3,29
100,31798,A,0.037,B07-N2-A7,2,0.023473774976984222,2496.550962999998,1,2026-02-13T15:57:16.374365,3,29
