id_produit,sku,nom_produit,unite_mesure,categorie,actif,colisage fardeau,colisage palette,volume pcs (m3),Poids(kg),Is_Gerbable
texte,texte,texte,texte,texte,booleen,nombre,nombre,nombre,nombre,booleen
O,O,O,O,N,O,O,N,O,N,N
31334,,,Unité(s),MOULURE,True,32,1600,0.0002,0,True
31335,,,Unité(s),MOULURE,True,32,2100,0.00025,0,True
31336,,,Unité(s),MOULURE,True,32,2300,0.00025,0,True
31337,,,Unité(s),MOULURE,True,20,1000,0.00025,0,True
31338,,,Unité(s),MOULURE,True,60,1300,0.000125,0,True
31339,,,Unité(s),MOULURE,True,22,2500,0.00025,0,True
31340,,,Unité(s),MOULURE,True,1,1000,0.00025,0,True
31341,,,Unité(s),MOULURE,True,12,1500,0.00025,0,True
31342,,,Unité(s),MOULURE,True,32,1900,0.00025,0,True
31343,,,Unité(s),MOULURE,True,24,1400,0.00025,0,True
31344,,,Unité(s),MOULURE,True,96,3000,5e-06,0,True
31347,,,Unité(s),MOULURE,True,100,1500,1.28e-05,0,True
31348,,,Unité(s),MOULURE,True,100,1700,1.28e-05,0,True
31349,,,Unité(s),MOULURE,True,200,2800,1.28e-05,0,True
31350,,,Unité(s),MOULURE,True,200,2400,1.28e-05,0,True
31351,,,Unité(s),MOULURE,True,100,2700,1.28e-05,0,True
31352,,,Unité(s),MOULURE,True,48,1200,2e-06,0,True
44790,,,Unité(s),MOULURE,True,100,1000,2e-06,0,True
44791,,,Unité(s),MOULURE,True,100,1600,2e-06,0,True
44792,,,Unité(s),MOULURE,True,100,2700,2e-06,0,True
44633,,,Unité(s),MOULURE,True,60,2400,2e-06,0,True
45515,,,Unité(s),MOULURE,True,200,1700,2e-06,0,True
45516,,,Unité(s),MOULURE,True,120,1700,2e-06,0,True
31353,,,Unité(s),MOULURE,True,100,2400,5e-06,0,True
31354,,,Unité(s),MOULURE,True,100,1100,5e-06,0,True
31355,,,Unité(s),MOULURE,True,100,2900,5e-06,0,True
31356,,,Unité(s),MOULURE,True,100,2600,5e-06,0,True
31357,,,Unité(s),MOULURE,True,100,1800,5e-06,0,True
31358,,,Unité(s),MOULURE,True,100,2900,5e-06,0,True
31359,,,Unité(s),MOULURE,True,1,1500,5e-06,0,True
41906,,,Unité(s),Tous,True,1,2600,0.065,0,True
41907,,,Unité(s),TABLEAUX DISTRIBUTION,True,1,1800,0.065,0,True
45380,,,Unité(s),TABLEAUX DISTRIBUTION,True,1,2700,0.065,0,True
35636,,,Unité(s),MOULURE,True,40,2200,1.2e-05,0,True
35637,,,Unité(s),MOULURE,True,40,1700,1.2e-05,0,True
35638,,,Unité(s),MOULURE,True,40,2800,1.2e-05,0,True
35639,,,Unité(s),MOULURE,True,40,3000,1.2e-05,0,True
42234,,,Unité(s),MOULURE,True,90,2300,1.2e-05,0,True
42235,,,Unité(s),MOULURE,True,1,2100,1.2e-05,0,True
31360,,,Unité(s),MOULURE,True,40,2300,1.2e-05,0,True
31361,,,Unité(s),MOULURE,True,24,1100,1.2e-05,0,True
31367,,,Unité(s),MOULURE,True,100,2000,7.5e-06,0,True
31362,,,Unité(s),MOULURE,True,150,2500,8.000000000000001e-06,0,True
31363,,,Unité(s),MOULURE,True,100,1000,8.000000000000001e-06,0,True
31364,,,Unité(s),MOULURE,True,120,1200,8.000000000000001e-06,0,True
31365,,,Unité(s),MOULURE,True,100,2500,8.000000000000001e-06,0,True
31366,,,Unité(s),MOULURE,True,100,2000,8.000000000000001e-06,0,True
41912,,,Unité(s),Tous,True,1,2500,0,0,True
44513,,,Unité(s),Tous,True,1,2800,0,0,True
31368,,,Unité(s),MONO ACCESSOIRES,True,1,1900,0.083,0,True
31369,,,Unité(s),MONO ACCESSOIRES,True,1,2800,0,0,True
42214,,,Unité(s),LAMPE LED MONO,True,1,1900,0,0,True
42215,,,Unité(s),LAMPE LED MONO,True,1,2900,0,0,True
42216,,,Unité(s),LAMPE LED MONO,True,1,2500,0,0,True
42217,,,Unité(s),LAMPE LED MONO,True,1,1400,0,0,True
42218,,,Unité(s),LAMPE LED MONO,True,1,2600,0,0,True
39005,,,Unité(s),ACCESSOIRES,True,1,2300,0,0,True
43683,,,Unité(s),TABLEAUX DISTRIBUTION,True,1,1200,0,0,True
31370,,,Unité(s),MINI DISJONCTEUR,True,50,1700,0.018,0,True
31371,,,Unité(s),MINI DISJONCTEUR,True,120,2400,0.018,0,True
31372,,,Unité(s),MINI DISJONCTEUR,True,50,1700,0.018,0,True
39085,,,Unité(s),MINI DISJONCTEUR,True,1,2600,0.018,0,True
31374,,,Unité(s),MINI DISJONCTEUR,True,120,1600,0.018,0,True
31375,,,Unité(s),MINI DISJONCTEUR,True,120,1400,0.018,0,True
31376,,,Unité(s),MINI DISJONCTEUR,True,120,1600,0.018,0,True
31377,,,Unité(s),MINI DISJONCTEUR,True,120,2700,0.018,0,True
31378,,,Unité(s),MINI DISJONCTEUR,True,120,2900,0.018,0,True
31379,,,Unité(s),MINI DISJONCTEUR,True,120,2700,0.018,0,True
31380,,,Unité(s),MINI DISJONCTEUR,True,120,2800,0.018,0,True
31381,,,Unité(s),MINI DISJONCTEUR,True,120,1800,0.018,0,True
43779,,,Unité(s),MINI DISJONCTEUR,True,1,1200,0.018,0,True
31383,,,Unité(s),MINI DISJONCTEUR,True,60,2100,0.018,0,True
31384,,,Unité(s),MINI DISJONCTEUR,True,60,1700,0.036,0,True
31385,,,Unité(s),MINI DISJONCTEUR,True,60,1700,0.036,0,True
38148,,,Unité(s),MINI DISJONCTEUR,True,1,2100,0.036,0,True
31386,,,Unité(s),MINI DISJONCTEUR,True,60,1800,0.036,0,True
31387,,,Unité(s),MINI DISJONCTEUR,True,60,3000,0.036,0,True
38147,,,Unité(s),MINI DISJONCTEUR,True,1,1100,0.036,0,True
31388,,,Unité(s),MINI DISJONCTEUR,True,60,2300,0.036,0,True
31389,,,Unité(s),MINI DISJONCTEUR,True,60,2800,0.036,0,True
31390,,,Unité(s),MINI DISJONCTEUR,True,60,2200,0.036,0,True
31391,,,Unité(s),MINI DISJONCTEUR,True,60,1000,0.036,0,True
38146,,,Unité(s),MINI DISJONCTEUR,True,1,1200,0.036,0,True
31392,,,Unité(s),MINI DISJONCTEUR,True,40,3000,0.054,0,True
31393,,,Unité(s),MINI DISJONCTEUR,True,40,1200,0.054,0,True
38106,,,Unité(s),MINI DISJONCTEUR,True,1,1200,0.072,0,True
31394,,,Unité(s),MINI DISJONCTEUR,True,30,2400,0.072,0,True
31395,,,Unité(s),MINI DISJONCTEUR,True,30,1600,0.072,0,True
31396,,,Unité(s),MINI DISJONCTEUR,True,30,2400,0.072,0,True
31397,,,Unité(s),MINI DISJONCTEUR,True,30,1500,0.072,0,True
31398,,,Unité(s),MINI DISJONCTEUR,True,30,1700,0.072,0,True
31399,,,Unité(s),MINI DISJONCTEUR,True,30,2400,0.072,0,True
31400,,,Unité(s),MINI DISJONCTEUR,True,30,1900,0.072,0,True
31401,,,Unité(s),MINI DISJONCTEUR,True,30,2900,0.072,0,True
31402,,,Unité(s),MINI DISJONCTEUR,True,30,1200,0.072,0,True
38105,,,Unité(s),MINI DISJONCTEUR,True,1,2300,0.072,0,True
36493,,,Unité(s),Tous,True,1,1300,0.025,0,True
31403,,,Unité(s),CHROME,True,1,1500,0.019,0,True
31404,,,Unité(s),CHROME,True,1,1100,0.019,0,True
31405,,,Unité(s),CHROME,True,1,1900,0.019,0,True
31406,,,Unité(s),CHROME,True,1,2500,0.019,0,True
31407,,,Unité(s),CHROME,True,1,1400,0.025,0,True
31408,,,Unité(s),CHROME,True,1,3000,0.019,0,True
31409,,,Unité(s),CHROME,True,1,1600,0.019,0,True
31410,,,Unité(s),CHROME,True,1,2200,0.019,0,True
31411,,,Unité(s),CHROME,True,1,2400,0.025,0,True
31412,,,Unité(s),CHROME,True,1,2700,0.019,0,True
31413,,,Unité(s),CHROME,True,1,1400,0.019,0,True
31414,,,Unité(s),CHROME,True,1,1800,0.019,0,True
31415,,,Unité(s),CHROME,True,1,2100,0.025,0,True
31416,,,Unité(s),CHROME,True,1,3000,0.025,0,True
31417,,,Unité(s),CHROME,True,1,2500,0.025,0,True
31418,,,Unité(s),CHROME,True,1,2500,0.025,0,True
42205,,,Unité(s),LAMPE LED MONO,True,1,2800,0,0,True
42206,,,Unité(s),LAMPE LED MONO,True,1,2600,0,0,True
44310,,,Unité(s),TABLEAUX DISTRIBUTION,True,1,1200,0.001,0,True
31419,,,Unité(s),TABLEAUX DISTRIBUTION,True,1,1700,0.001,0,True
33746,,,Unité(s),TABLEAUX DISTRIBUTION,True,1,1900,0.001,0,True
33778,,,Unité(s),TABLEAUX DISTRIBUTION,True,1,2700,0.001,0,True
34654,,,Unité(s),TABLEAUX DISTRIBUTION,True,1,2100,0.001,0,True
34655,,,Unité(s),TABLEAUX DISTRIBUTION,True,1,3000,0.001,0,True
33714,,,Unité(s),Tous,True,1,1100,0,0,True
31420,,,Unité(s),MINI DISJONCTEUR,True,1,1200,0,0,True
34793,,,Unité(s),MINI DISJONCTEUR,True,1,2500,0,0,True
31421,,,Unité(s),MINI DISJONCTEUR,True,1,2100,0.034,0,True
34842,,,Unité(s),Tous,True,1,2600,0.034,0,True
31422,,,Unité(s),MINI DISJONCTEUR,True,1,2600,0.034,0,True
31423,,,Unité(s),MINI DISJONCTEUR,True,1,1200,0.034,0,True
34945,,,Unité(s),MINI DISJONCTEUR,True,1,3000,0.034,0,True
34946,,,Unité(s),MINI DISJONCTEUR,True,1,1400,0.034,0,True
31424,,,Unité(s),MINI DISJONCTEUR,True,1,2700,0.034,0,True
31425,,,Unité(s),MINI DISJONCTEUR,True,1,1100,0.034,0,True
31426,,,Unité(s),MINI DISJONCTEUR,True,1,2200,0.034,0,True
34948,,,Unité(s),MINI DISJONCTEUR,True,1,1700,0.034,0,True
34949,,,Unité(s),MINI DISJONCTEUR,True,1,1100,0.034,0,True
31429,,,Unité(s),MINI DISJONCTEUR,True,1,2200,0.034,0,True
34950,,,Unité(s),MINI DISJONCTEUR,True,1,1800,0.034,0,True
31430,,,Unité(s),MINI DISJONCTEUR,True,1,2600,0.034,0,True
31427,,,Unité(s),MINI DISJONCTEUR,True,1,2300,0.034,0,True
31428,,,Unité(s),MINI DISJONCTEUR,True,1,1000,0.034,0,True
34947,,,Unité(s),MINI DISJONCTEUR,True,1,2900,0.034,0,True
31431,,,Unité(s),DPN,True,1,2700,0.034,0,True
31432,,,Unité(s),DPN,True,1,2300,0.034,0,True
31433,,,Unité(s),DPN,True,1,2100,0.034,0,True
45732,,,Unité(s),ICON,True,1,2500,0.034,0,True
43991,,,Unité(s),Tous,True,1,1300,0.034,0,True
31434,,,Unité(s),DISPINA,True,50,1200,0.037,0,True
31435,,,Unité(s),DISPINA,True,50,1300,0.037,0,True
31436,,,Unité(s),DISPINA,True,50,2700,0.037,0,True
41380,,,Unité(s),OCTANS,True,1,2800,0.037,0,True
38141,,,Unité(s),DISPINA,True,1,2700,0.037,0,True
38142,,,Unité(s),DISPINA,True,1,1100,0.037,0,True
31437,,,Unité(s),DISPINA,True,100,1000,0.037,0,True
41372,,,Unité(s),DISPINA,True,100,1200,0.037,0,True
41383,,,Unité(s),DISPINA,True,1,2200,0.037,0,True
31438,,,Unité(s),DISPINA,True,50,1900,0.037,0,True
41381,,,Unité(s),DISPINA,True,1,3000,0.037,0,True
38140,,,Unité(s),DISPINA,True,1,1300,0.037,0,True
38134,,,Unité(s),DISPINA,True,1,2400,0.037,0,True
31439,,,Unité(s),DISPINA,True,1,1000,0.037,0,True
31440,,,Unité(s),DISPINA,True,40,1200,0.037,0,True
31441,,,Unité(s),DISPINA,True,20,2000,0.037,0,True
31442,,,Unité(s),DISPINA,True,20,1800,0.037,0,True
31443,,,Unité(s),DISPINA,True,20,2500,0.037,0,True
36222,,,Unité(s),DISPINA,True,1,2300,0.037,0,True
31444,,,Unité(s),DISPINA,True,100,2500,0.037,0,True
33028,,,Unité(s),DISPINA,True,100,2300,0.037,0,True
33029,,,Unité(s),DISPINA,True,100,2100,0.037,0,True
33030,,,Unité(s),DISPINA,True,100,2700,0.037,0,True
31445,,,Unité(s),DISPINA,True,40,2900,0.037,0,True
33031,,,Unité(s),DISPINA,True,100,1900,0.037,0,True
33032,,,Unité(s),DISPINA,True,50,2000,0.037,0,True
33033,,,Unité(s),DISPINA,True,1,1400,0.037,0,True
33034,,,Unité(s),DISPINA,True,100,1300,0.037,0,True
33035,,,Unité(s),DISPINA,True,100,1000,0.037,0,True
34884,,,Unité(s),DISPINA,True,1,1600,0.037,0,True
33036,,,Unité(s),DISPINA,True,1,2700,0.037,0,True
33037,,,Unité(s),DISPINA,True,1,2300,0.037,0,True
33038,,,Unité(s),DISPINA,True,50,2200,0.037,0,True
33039,,,Unité(s),DISPINA,True,1,2100,0.037,0,True
33040,,,Unité(s),DISPINA,True,50,1100,0.037,0,True
33041,,,Unité(s),DISPINA,True,100,1200,0.037,0,True
33042,,,Unité(s),DISPINA,True,100,1700,0.037,0,True
33043,,,Unité(s),DISPINA,True,100,1300,0.037,0,True
34867,,,Unité(s),DISPINA,True,100,2200,0.037,0,True
33044,,,Unité(s),DISPINA,True,100,2200,0.037,0,True
33045,,,Unité(s),DISPINA,True,100,1000,0.037,0,True
31446,,,Unité(s),DISPINA,True,100,1300,0.037,0,True
33046,,,Unité(s),DISPINA,True,100,2800,0.037,0,True
33047,,,Unité(s),DISPINA,True,100,2400,0.037,0,True
34175,,,Unité(s),DISPINA,True,100,2400,0.037,0,True
33048,,,Unité(s),DISPINA,True,50,2800,0.037,0,True
33049,,,Unité(s),DISPINA,True,50,2900,0.037,0,True
33050,,,Unité(s),DISPINA,True,1,2500,0.037,0,True
33051,,,Unité(s),DISPINA,True,1,1000,0.037,0,True
33052,,,Unité(s),DISPINA,True,1,1600,0.037,0,True
31447,,,Unité(s),DISPINA,True,50,2700,0.037,0,True
31448,,,Unité(s),DISPINA,True,50,1200,0.037,0,True
33053,,,Unité(s),DISPINA,True,100,2200,0.037,0,True
33054,,,Unité(s),DISPINA,True,100,2700,0.037,0,True
31449,,,Unité(s),DISPINA,True,100,1600,0.037,0,True
31450,,,Unité(s),DISPINA,True,50,1900,0.037,0,True
42236,,,Unité(s),DISPINA,True,50,2300,0.037,0,True
36225,,,Unité(s),DISPINA,True,1,2200,0.037,0,True
44500,,,Unité(s),DISPINA,True,1,1000,0.037,0,True
38100,,,Unité(s),DISPINA,True,1,1200,0.037,0,True
45662,,,Unité(s),DISPINA,True,1,1900,0.037,0,True
31451,,,Unité(s),DISPINA,True,80,1000,0.037,0,True
31452,,,Unité(s),DISPINA,True,50,2900,0.037,0,True
33559,,,Unité(s),DISPINA,True,30,1300,0.037,0,True
31453,,,Unité(s),DISPINA,True,60,2900,0.037,0,True
31454,,,Unité(s),DISPINA,True,50,2400,0.037,0,True
31455,,,Unité(s),DISPINA,True,50,1300,0.037,0,True
31456,,,Unité(s),DISPINA,True,50,1900,0.037,0,True
31457,,,Unité(s),DISPINA,True,40,1700,0.037,0,True
39479,,,Unité(s),DISPINA,True,1,2200,0.037,0,True
39478,,,Unité(s),DISPINA,True,1,2400,0.037,0,True
42481,,,Unité(s),DISPINA,True,1,1600,0.037,0,True
39967,,,Unité(s),DISPINA,True,1,2700,0.037,0,True
36219,,,Unité(s),DISPINA,True,1,1800,0.037,0,True
40925,,,Unité(s),DISPINA METALIC,True,120,2100,0.037,0,True
41177,,,Unité(s),DISPINA METALIC,True,80,2600,0.037,0,True
41178,,,Unité(s),DISPINA METALIC,True,75,1400,0.037,0,True
40900,,,Unité(s),DISPINA METALIC,True,40,1200,0.037,0,True
41315,,,Unité(s),DISPINA METALIC,True,40,1100,0.037,0,True
41309,,,Unité(s),DISPINA METALIC,True,80,3000,0.037,0,True
31484,,,Unité(s),DISPINA METALIC,True,120,1900,0.037,0,True
31485,,,Unité(s),DISPINA METALIC,True,80,1800,0.037,0,True
31486,,,Unité(s),DISPINA METALIC,True,75,2600,0.037,0,True
31487,,,Unité(s),DISPINA METALIC,True,40,2400,0.037,0,True
31488,,,Unité(s),DISPINA METALIC,True,40,1700,0.037,0,True
31489,,,Unité(s),DISPINA METALIC,True,40,1100,0.037,0,True
34869,,,Unité(s),DISPINA METALIC,True,1,2200,0.037,0,True
31490,,,Unité(s),DISPINA METALIC,True,80,2500,0.037,0,True
31492,,,Unité(s),DISPINA METALIC,True,1,1800,0.037,0,True
31491,,,Unité(s),DISPINA METALIC,True,1,1000,0.037,0,True
31493,,,Unité(s),DISPINA METALIC,True,120,2100,0.037,0,True
31494,,,Unité(s),DISPINA METALIC,True,80,2500,0.037,0,True
31495,,,Unité(s),DISPINA METALIC,True,75,2600,0.037,0,True
31496,,,Unité(s),DISPINA METALIC,True,40,2100,0.037,0,True
31497,,,Unité(s),DISPINA METALIC,True,40,1800,0.037,0,True
31498,,,Unité(s),DISPINA METALIC,True,40,2800,0.037,0,True
31501,,,Unité(s),DISPINA METALIC,True,120,2100,0.037,0,True
31502,,,Unité(s),DISPINA METALIC,True,80,1200,0.037,0,True
31503,,,Unité(s),DISPINA METALIC,True,75,2200,0.037,0,True
31504,,,Unité(s),DISPINA METALIC,True,40,2600,0.037,0,True
31505,,,Unité(s),DISPINA METALIC,True,40,2300,0.037,0,True
31506,,,Unité(s),DISPINA METALIC,True,40,2200,0.037,0,True
34870,,,Unité(s),DISPINA METALIC,True,1,2900,0.037,0,True
34873,,,Unité(s),DISPINA METALIC,True,1,1100,0.037,0,True
31507,,,Unité(s),DISPINA METALIC,True,80,1900,0.037,0,True
31499,,,Unité(s),DISPINA METALIC,True,80,2400,0.037,0,True
31508,,,Unité(s),DISPINA METALIC,True,1,2700,0.037,0,True
34875,,,Unité(s),DISPINA METALIC,True,1,2400,0.037,0,True
31500,,,Unité(s),DISPINA METALIC,True,1,1100,0.037,0,True
34871,,,Unité(s),DISPINA METALIC,True,1,1400,0.037,0,True
34872,,,Unité(s),DISPINA METALIC,True,1,2400,0.037,0,True
31509,,,Unité(s),DISPINA METALIC,True,120,2300,0.037,0,False
31510,,,Unité(s),DISPINA METALIC,True,80,2200,0.037,0,False
31511,,,Unité(s),DISPINA METALIC,True,75,1300,0.037,0,False
31512,,,Unité(s),DISPINA METALIC,True,40,2900,0.037,0,False
31513,,,Unité(s),DISPINA METALIC,True,40,2700,0.037,0,False
31514,,,Unité(s),DISPINA METALIC,True,40,1400,0.037,0,False
34876,,,Unité(s),DISPINA METALIC,True,1,3000,0.037,0,False
31515,,,Unité(s),DISPINA METALIC,True,80,2100,0.037,0,False
31516,,,Unité(s),DISPINA METALIC,True,1,2800,0.037,0,False
31458,,,Unité(s),DISPINA,True,50,2100,0.037,0,False
31459,,,Unité(s),DISPINA,True,50,1300,0.037,0,False
31460,,,Unité(s),DISPINA,True,30,1100,0.037,0,False
37135,,,Unité(s),DISPINA,True,1,2300,0.037,0,False
45665,,,Unité(s),DISPINA,True,1,1400,0.037,0,False
31461,,,Unité(s),DISPINA,True,100,1600,0.037,0,False
31462,,,Unité(s),DISPINA,True,100,1100,0.037,0,False
31463,,,Unité(s),DISPINA,True,100,3000,0.037,0,False
31464,,,Unité(s),DISPINA,True,50,2300,0.037,0,False
36682,,,Unité(s),DISPINA,True,100,2500,0.037,0,False
31466,,,Unité(s),DISPINA,True,50,1400,0.037,0,False
31467,,,Unité(s),DISPINA,True,100,1500,0.037,0,False
35864,,,Unité(s),DISPINA,True,1,1600,0.037,0,False
41384,,,Unité(s),DISPINA,True,1,1400,0.037,0,False
41382,,,Unité(s),DISPINA,True,1,2700,0.037,0,False
31465,,,Unité(s),DISPINA,True,100,2000,0.037,0,False
38949,,,Unité(s),DISPINA,True,1,2900,0.037,0,False
31468,,,Unité(s),DISPINA,True,100,2700,0.037,0,False
31469,,,Unité(s),DISPINA,True,100,2000,0.037,0,False
31470,,,Unité(s),DISPINA,True,50,2200,0.037,0,False
31471,,,Unité(s),DISPINA,True,30,2600,0.037,0,False
31472,,,Unité(s),DISPINA,True,50,1100,0.037,0,False
36220,,,Unité(s),DISPINA,True,1,1800,0.037,0,False
36221,,,Unité(s),DISPINA,True,1,1500,0.037,0,False
38099,,,Unité(s),DISPINA,True,1,1300,0.037,0,False
31473,,,Unité(s),DISPINA,True,100,1100,0.037,0,False
31474,,,Unité(s),DISPINA,True,50,2500,0.037,0,False
31475,,,Unité(s),DISPINA,True,50,2500,0.037,0,False
31476,,,Unité(s),DISPINA,True,50,1400,0.037,0,False
31477,,,Unité(s),DISPINA,True,50,2500,0.037,0,False
31478,,,Unité(s),DISPINA,True,50,2500,0.037,0,False
31479,,,Unité(s),DISPINA,True,30,2500,0.037,0,False
31480,,,Unité(s),DISPINA,True,30,1700,0.037,0,False
31481,,,Unité(s),DISPINA,True,50,2700,0.037,0,False
31482,,,Unité(s),DISPINA,True,100,1000,0.037,0,False
31483,,,Unité(s),DISPINA,True,50,2700,0.037,0,False
31517,,,Unité(s),EVOLUTION PLUS,True,30,2800,0.037,0,False
31518,,,Unité(s),EVOLUTION PLUS,True,30,2100,0.037,0,False
31519,,,Unité(s),EVOLUTION PLUS,True,30,1900,0.037,0,False
31520,,,Unité(s),EVOLUTION PLUS,True,30,2100,0.037,0,False
31521,,,Unité(s),EVOLUTION PLUS,True,30,2800,0.037,0,False
31522,,,Unité(s),EVOLUTION PLUS,True,30,3000,0.037,0,False
31523,,,Unité(s),EVOLUTION PLUS,True,30,3000,0.037,0,False
31524,,,Unité(s),EVOLUTION PLUS,True,30,3000,0.037,0,False
31525,,,Unité(s),EVOLUTION PLUS,True,30,1100,0.037,0,False
31526,,,Unité(s),EVOLUTION PLUS,True,30,2100,0.037,0,False
31527,,,Unité(s),EVOLUTION PLUS,True,30,1700,0.037,0,False
31528,,,Unité(s),EVOLUTION PLUS,True,30,1900,0.037,0,False
31529,,,Unité(s),EVOLUTION PLUS,True,30,1800,0.037,0,False
31530,,,Unité(s),EVOLUTION PLUS,True,30,2200,0.037,0,False
31531,,,Unité(s),EVOLUTION PLUS,True,30,2200,0.037,0,False
31532,,,Unité(s),EVOLUTION PLUS,True,30,2700,0.037,0,False
31541,,,Unité(s),EVOLUTION,True,1,1700,0.037,0,False
31542,,,Unité(s),EVOLUTION,True,50,1700,0.037,0,False
31543,,,Unité(s),EVOLUTION,True,100,2000,0.037,0,False
31544,,,Unité(s),EVOLUTION,True,50,2000,0.037,0,False
31545,,,Unité(s),EVOLUTION,True,100,1400,0.037,0,False
31546,,,Unité(s),EVOLUTION,True,1,2100,0.037,0,False
31547,,,Unité(s),EVOLUTION,True,100,1400,0.037,0,False
31548,,,Unité(s),EVOLUTION,True,50,1800,0.037,0,False
31549,,,Unité(s),EVOLUTION,True,100,2800,0.037,0,False
31550,,,Unité(s),EVOLUTION,True,50,1400,0.037,0,False
31551,,,Unité(s),EVOLUTION,True,100,1500,0.037,0,False
31552,,,Unité(s),EVOLUTION,True,80,2500,0.037,0,False
37160,,,Unité(s),EVOLUTION,True,50,1900,0.037,0,False
31553,,,Unité(s),EVOLUTION,True,50,2600,0.037,0,False
31571,,,Unité(s),EVOLUTION PLUS,True,100,2300,0.034,0,False
31572,,,Unité(s),EVOLUTION PLUS,True,1,1000,0.034,0,False
31573,,,Unité(s),EVOLUTION PLUS,True,100,2700,0.034,0,False
31574,,,Unité(s),EVOLUTION PLUS,True,100,2300,0.034,0,False
31575,,,Unité(s),EVOLUTION PLUS,True,100,2500,0.034,0,False
31576,,,Unité(s),EVOLUTION PLUS,True,100,3000,0.034,0,False
31577,,,Unité(s),EVOLUTION PLUS,True,100,1400,0.034,0,False
31578,,,Unité(s),EVOLUTION PLUS,True,100,2600,0.034,0,False
31579,,,Unité(s),EVOLUTION PLUS,True,100,2200,0.034,0,False
31580,,,Unité(s),EVOLUTION PLUS,True,100,1900,0.034,0,False
44501,,,Unité(s),DISPINA,True,1,1700,0.034,0,False
31581,,,Unité(s),EVOLUTION PLUS,True,100,2700,0.034,0,False
31582,,,Unité(s),EVOLUTION PLUS,True,100,1900,0.034,0,False
42560,,,Unité(s),EVOLUTION PLUS,True,1,2800,0.034,0,False
31583,,,Unité(s),EVOLUTION PLUS,True,100,1800,0.034,0,False
36659,,,Unité(s),EVOLUTION PLUS,True,1,1800,0.034,0,False
31584,,,Unité(s),EVOLUTION PLUS,True,100,1700,0.034,0,False
31586,,,Unité(s),EVOLUTION PLUS,True,100,1900,0.034,0,False
31585,,,Unité(s),EVOLUTION PLUS,True,100,2700,0.034,0,False
31587,,,Unité(s),EVOLUTION PLUS,True,100,1500,0.034,0,False
34834,,,Unité(s),EVOLUTION PLUS,True,1,1200,0.034,0,False
31588,,,Unité(s),EVOLUTION PLUS,True,100,2700,0.034,0,False
31589,,,Unité(s),EVOLUTION PLUS,True,100,1200,0.034,0,False
31590,,,Unité(s),EVOLUTION PLUS,True,100,1300,0.034,0,False
34836,,,Unité(s),EVOLUTION PLUS,True,1,1800,0.034,0,False
31591,,,Unité(s),EVOLUTION PLUS,True,100,1600,0.034,0,False
31592,,,Unité(s),EVOLUTION PLUS,True,100,1500,0.034,0,False
31593,,,Unité(s),EVOLUTION PLUS,True,100,2200,0.034,0,False
31594,,,Unité(s),EVOLUTION PLUS,True,100,1400,0.034,0,False
41894,,,Unité(s),EVOLUTION PLUS,True,1,1900,0.034,0,False
44121,,,Unité(s),EVOLUTION PLUS,True,100,1700,0.034,0,False
31554,,,Unité(s),EVOLUTION,True,100,2600,0.037,0,False
31595,,,Unité(s),EVOLUTION PLUS,True,100,1200,0.037,0,False
31556,,,Unité(s),EVOLUTION,True,100,2100,0.037,0,False
31596,,,Unité(s),EVOLUTION PLUS,True,100,2200,0.037,0,False
31555,,,Unité(s),EVOLUTION,True,100,2500,0.037,0,False
31557,,,Unité(s),EVOLUTION,True,100,1800,0.037,0,False
31597,,,Unité(s),EVOLUTION PLUS,True,100,1700,0.037,0,False
31558,,,Unité(s),EVOLUTION,True,100,1900,0.037,0,False
31560,,,Unité(s),EVOLUTION,True,100,2000,0.037,0,False
31561,,,Unité(s),EVOLUTION,True,100,1600,0.037,0,False
31562,,,Unité(s),EVOLUTION,True,100,1900,0.037,0,False
31602,,,Unité(s),EVOLUTION PLUS,True,100,1300,0.037,0,False
31598,,,Unité(s),EVOLUTION PLUS,True,100,1700,0.037,0,False
38965,,,Unité(s),EVOLUTION,True,100,1300,0.037,0,False
31559,,,Unité(s),EVOLUTION,True,100,2800,0.037,0,False
31563,,,Unité(s),EVOLUTION,True,100,1100,0.037,0,False
31599,,,Unité(s),EVOLUTION PLUS,True,100,1400,0.037,0,False
31600,,,Unité(s),EVOLUTION PLUS,True,100,2700,0.037,0,False
31601,,,Unité(s),EVOLUTION PLUS,True,100,1800,0.037,0,False
31564,,,Unité(s),EVOLUTION,True,50,2600,0.037,0,False
31565,,,Unité(s),EVOLUTION,True,100,1700,0.037,0,False
31566,,,Unité(s),EVOLUTION,True,50,1700,0.037,0,False
31567,,,Unité(s),EVOLUTION,True,50,2600,0.037,0,False
31568,,,Unité(s),EVOLUTION,True,50,1400,0.037,0,False
31569,,,Unité(s),EVOLUTION,True,100,1100,0.037,0,False
31570,,,Unité(s),EVOLUTION,True,50,3000,0.037,0,False
40680,,,Unité(s),TABLEAUX DISTRIBUTION,True,1,1900,0.041,0,False
34789,,,Unité(s),MOULURE,True,1,1800,0.041,0,False
34018,,,Unité(s),ICON,True,100,1800,0.041,0,False
34391,,,Unité(s),ICON,True,50,2700,0.041,0,False
34392,,,Unité(s),ICON,True,80,2200,0.041,0,False
34393,,,Unité(s),ICON,True,60,2100,0.041,0,False
34394,,,Unité(s),ICON,True,32,2900,0.041,0,False
34395,,,Unité(s),ICON,True,32,1900,0.041,0,False
34455,,,Unité(s),ICON,True,50,1000,0.041,0,False
34396,,,Unité(s),ICON,True,100,2400,0.041,0,False
34397,,,Unité(s),ICON,True,50,1600,0.041,0,False
34014,,,Unité(s),ICON,True,100,3000,0.041,0,False
34398,,,Unité(s),ICON,True,50,2500,0.041,0,False
34887,,,Unité(s),ICON,True,1,2600,0.041,0,False
44486,,,Unité(s),ICON,True,80,1900,0.041,0,False
34399,,,Unité(s),ICON,True,50,2900,0.041,0,False
44490,,,Unité(s),ICON,True,60,2900,0.041,0,False
34400,,,Unité(s),ICON,True,50,2500,0.041,0,False
36094,,,Unité(s),LARISSA,True,1,1400,0.041,0,False
34401,,,Unité(s),ICON,True,50,2300,0.041,0,False
45733,,,Unité(s),ICON,True,1,2000,0.041,0,False
34402,,,Unité(s),ICON,True,50,2500,0.041,0,False
35578,,,Unité(s),ICON,True,100,2600,0.041,0,False
35579,,,Unité(s),ICON,True,50,2500,0.041,0,False
42440,,,Unité(s),ICON,True,200,1800,0.041,0,False
35595,,,Unité(s),ICON,True,80,2100,0.041,0,False
35596,,,Unité(s),ICON,True,60,2900,0.041,0,False
35597,,,Unité(s),ICON,True,32,1500,0.041,0,False
35598,,,Unité(s),ICON,True,32,2600,0.041,0,False
35582,,,Unité(s),ICON,True,50,1400,0.041,0,False
35583,,,Unité(s),ICON,True,100,1600,0.041,0,False
35602,,,Unité(s),ICON,True,50,2000,0.041,0,False
35576,,,Unité(s),ICON,True,100,1800,0.041,0,False
35577,,,Unité(s),ICON,True,50,1100,0.041,0,False
44489,,,Unité(s),ICON,True,80,2200,0.041,0,False
35590,,,Unité(s),ICON,True,50,2300,0.041,0,False
44485,,,Unité(s),ICON,True,60,2100,0.041,0,False
35589,,,Unité(s),ICON,True,50,1500,0.041,0,False
35591,,,Unité(s),ICON,True,50,1200,0.041,0,False
35594,,,Unité(s),ICON,True,50,2200,0.041,0,False
41173,,,Unité(s),ICON,True,50,1900,0.041,0,False
35592,,,Unité(s),ICON,True,50,1600,0.041,0,False
35584,,,Unité(s),ICON,True,100,2100,0.041,0,False
35586,,,Unité(s),ICON,True,100,1400,0.041,0,False
35585,,,Unité(s),ICON,True,100,2400,0.041,0,False
35587,,,Unité(s),ICON,True,100,2600,0.041,0,False
43623,,,Unité(s),ICON,True,1,1900,0.041,0,False
35603,,,Unité(s),ICON,True,1,1900,0.041,0,False
44628,,,Unité(s),ICON,True,1,1400,0.041,0,False
35588,,,Unité(s),ICON,True,50,2500,0.041,0,False
43622,,,Unité(s),ICON,True,1,2300,0.041,0,False
35574,,,Unité(s),ICON,True,100,2400,0.041,0,False
35575,,,Unité(s),ICON,True,50,2100,0.041,0,False
35593,,,Unité(s),ICON,True,50,1800,0.041,0,False
35834,,,Unité(s),ICON,True,50,2300,0.041,0,False
44641,,,Unité(s),ICON,True,1,2500,0.041,0,False
44333,,,Unité(s),ICON,True,1,2200,0.041,0,False
35580,,,Unité(s),ICON,True,100,2600,0.041,0,False
35581,,,Unité(s),ICON,True,50,2000,0.041,0,False
34888,,,Unité(s),ICON,True,50,3000,0.041,0,False
37103,,,Unité(s),ICON,True,1,1900,0.041,0,False
34016,,,Unité(s),ICON,True,100,1100,0.041,0,False
39007,,,Unité(s),LARISSA,True,1,2500,0.041,0,False
34403,,,Unité(s),ICON,True,100,2600,0.041,0,False
34015,,,Unité(s),ICON,True,100,1100,0.041,0,False
39006,,,Unité(s),ICON,True,1,2800,0.041,0,False
34404,,,Unité(s),ICON,True,1,2300,0.041,0,False
34019,,,Unité(s),ICON,True,100,2400,0.041,0,False
40588,,,Unité(s),ICON,True,1,1800,0.041,0,False
34405,,,Unité(s),ICON,True,50,2100,0.041,0,False
34406,,,Unité(s),ICON,True,50,1500,0.041,0,False
44434,,,Unité(s),ICON,True,1,1000,0.041,0,False
41760,,,Unité(s),ICON,True,1,2800,0.041,0,False
34970,,,Unité(s),ICON,True,50,2200,0.041,0,False
34013,,,Unité(s),ICON,True,100,3000,0.041,0,False
34407,,,Unité(s),ICON,True,50,2100,0.041,0,False
34408,,,Unité(s),ICON,True,50,1000,0.041,0,False
34409,,,Unité(s),ICON,True,50,2100,0.041,0,False
34017,,,Unité(s),ICON,True,100,1500,0.041,0,False
34410,,,Unité(s),ICON,True,50,1400,0.041,0,False
31630,,,Unité(s),MINI DISJONCTEUR,True,60,1200,0.034,0,False
31631,,,Unité(s),MINI DISJONCTEUR,True,60,2400,0.034,0,False
31633,,,Unité(s),MINI DISJONCTEUR,True,60,1900,0.034,0,False
31632,,,Unité(s),MINI DISJONCTEUR,True,60,2800,0.034,0,False
31635,,,Unité(s),MINI DISJONCTEUR,True,60,1100,0.034,0,False
31634,,,Unité(s),MINI DISJONCTEUR,True,60,1300,0.034,0,False
31637,,,Unité(s),MINI DISJONCTEUR,True,60,2100,0.034,0,False
31636,,,Unité(s),MINI DISJONCTEUR,True,60,2300,0.034,0,False
36753,,,Unité(s),MINI DISJONCTEUR,True,30,1200,0.034,0,False
40907,,,Unité(s),MINI DISJONCTEUR,True,1,1400,0.034,0,False
31626,,,Unité(s),MINI DISJONCTEUR,True,1,3000,0.034,0,False
31641,,,Unité(s),MINI DISJONCTEUR,True,30,2000,0.034,0,False
34894,,,Unité(s),MINI DISJONCTEUR,True,30,2900,0.034,0,False
31642,,,Unité(s),MINI DISJONCTEUR,True,30,1300,0.034,0,False
31628,,,Unité(s),MINI DISJONCTEUR,True,30,1500,0.034,0,False
31643,,,Unité(s),MINI DISJONCTEUR,True,30,2400,0.034,0,False
31629,,,Unité(s),MINI DISJONCTEUR,True,30,1800,0.034,0,False
31644,,,Unité(s),MINI DISJONCTEUR,True,30,1300,0.034,0,False
31645,,,Unité(s),MINI DISJONCTEUR,True,32,2400,0.034,0,False
31638,,,Unité(s),MINI DISJONCTEUR,True,60,1900,0.034,0,False
31640,,,Unité(s),MINI DISJONCTEUR,True,60,2100,0.034,0,False
31639,,,Unité(s),MINI DISJONCTEUR,True,60,1100,0.034,0,False
31646,,,Unité(s),LARISSA,True,50,2800,0.041,0,False
31647,,,Unité(s),LARISSA,True,200,1900,0.041,0,False
31649,,,Unité(s),LARISSA,True,200,1700,0.041,0,False
31650,,,Unité(s),LARISSA,True,200,1300,0.041,0,False
31651,,,Unité(s),LARISSA,True,200,1000,0.041,0,False
31652,,,Unité(s),LARISSA,True,200,1700,0.041,0,False
31653,,,Unité(s),LARISSA,True,200,2600,0.041,0,False
31654,,,Unité(s),LARISSA,True,200,2800,0.041,0,False
31655,,,Unité(s),LARISSA,True,200,1300,0.041,0,False
31656,,,Unité(s),LARISSA,True,200,2600,0.041,0,False
31657,,,Unité(s),LARISSA,True,200,2800,0.041,0,True
31658,,,Unité(s),LARISSA,True,200,2800,0.041,0,True
31659,,,Unité(s),LARISSA,True,200,1600,0.041,0,True
31660,,,Unité(s),LARISSA,True,200,1500,0.041,0,True
31661,,,Unité(s),LARISSA,True,200,2100,0.041,0,True
31662,,,Unité(s),LARISSA,True,200,1400,0.041,0,True
31663,,,Unité(s),LARISSA,True,100,2000,0.041,0,True
31664,,,Unité(s),LARISSA,True,50,1800,0.041,0,True
31665,,,Unité(s),LARISSA,True,40,1300,0.041,0,True
31666,,,Unité(s),LARISSA,True,20,1300,0.041,0,True
31667,,,Unité(s),LARISSA,True,20,1900,0.041,0,True
31668,,,Unité(s),LARISSA,True,20,3000,0.041,0,True
31669,,,Unité(s),LARISSA,True,100,2500,0.041,0,True
31670,,,Unité(s),LARISSA,True,40,1600,0.041,0,True
34885,,,Unité(s),LARISSA,True,1,1100,0.041,0,True
31671,,,Unité(s),LARISSA,True,100,1100,0.041,0,True
42242,,,Unité(s),LARISSA,True,100,1100,0.041,0,True
31672,,,Unité(s),LARISSA,True,50,1600,0.041,0,True
31673,,,Unité(s),LARISSA,True,50,1300,0.041,0,True
42243,,,Unité(s),LARISSA,True,1,1000,0.041,0,True
31708,,,Unité(s),LARISSA,True,100,2000,0.041,0,True
39048,,,Unité(s),LARISSA,True,100,2900,0.041,0,True
31709,,,Unité(s),LARISSA,True,100,2500,0.041,0,True
31710,,,Unité(s),LARISSA,True,100,1200,0.041,0,True
31711,,,Unité(s),LARISSA,True,100,2100,0.041,0,True
31712,,,Unité(s),LARISSA,True,100,2000,0.041,0,True
31713,,,Unité(s),LARISSA,True,100,2000,0.041,0,True
31714,,,Unité(s),LARISSA,True,100,1000,0.041,0,True
31715,,,Unité(s),LARISSA,True,100,2200,0.041,0,True
31716,,,Unité(s),LARISSA,True,100,2300,0.041,0,True
31717,,,Unité(s),LARISSA,True,100,1300,0.041,0,True
31718,,,Unité(s),LARISSA,True,100,2800,0.041,0,True
31719,,,Unité(s),LARISSA,True,100,1200,0.041,0,True
31720,,,Unité(s),LARISSA,True,100,1500,0.041,0,True
31674,,,Unité(s),LARISSA,True,100,2500,0.041,0,True
31675,,,Unité(s),LARISSA,True,50,3000,0.041,0,True
31721,,,Unité(s),LARISSA,True,100,2700,0.041,0,True
31722,,,Unité(s),LARISSA,True,100,1000,0.041,0,True
31676,,,Unité(s),LARISSA,True,60,2600,0.041,0,True
31677,,,Unité(s),LARISSA,True,50,2700,0.041,0,True
31678,,,Unité(s),LARISSA,True,60,2700,0.041,0,True
31679,,,Unité(s),LARISSA,True,50,1100,0.041,0,True
31680,,,Unité(s),LARISSA,True,50,1200,0.041,0,True
34883,,,Unité(s),LARISSA,True,1,1000,0.041,0,True
31681,,,Unité(s),LARISSA,True,50,2200,0.041,0,True
33448,,,Unité(s),LARISSA,True,40,1300,0.041,0,True
31682,,,Unité(s),LARISSA,True,50,1900,0.041,0,True
31683,,,Unité(s),LARISSA,True,50,2400,0.041,0,True
31684,,,Unité(s),LARISSA,True,50,2100,0.041,0,True
31685,,,Unité(s),LARISSA,True,30,1600,0.041,0,True
31686,,,Unité(s),LARISSA,True,100,1800,0.041,0,True
31687,,,Unité(s),LARISSA,True,100,2800,0.041,0,True
31688,,,Unité(s),LARISSA,True,100,1900,0.041,0,True
31689,,,Unité(s),LARISSA,True,100,2200,0.041,0,True
31691,,,Unité(s),LARISSA,True,50,2100,0.041,0,True
31692,,,Unité(s),LARISSA,True,100,1500,0.041,0,True
31690,,,Unité(s),LARISSA,True,100,1500,0.041,0,True
31693,,,Unité(s),LARISSA,True,50,1400,0.041,0,True
31694,,,Unité(s),LARISSA,True,50,1100,0.041,0,True
31695,,,Unité(s),LARISSA,True,50,2200,0.041,0,True
31696,,,Unité(s),LARISSA,True,50,1300,0.041,0,True
31697,,,Unité(s),LARISSA,True,50,2300,0.041,0,True
31648,,,Unité(s),LARISSA,True,200,2600,0.041,0,True
31698,,,Unité(s),LARISSA,True,100,1400,0.041,0,True
31699,,,Unité(s),LARISSA,True,50,2300,0.041,0,True
31700,,,Unité(s),LARISSA,True,50,1300,0.041,0,True
31701,,,Unité(s),LARISSA,True,50,1200,0.041,0,True
31702,,,Unité(s),LARISSA,True,50,1300,0.041,0,True
31703,,,Unité(s),LARISSA,True,50,1100,0.041,0,True
36256,,,Unité(s),LARISSA,True,30,1900,0.041,0,True
31705,,,Unité(s),LARISSA,True,30,2400,0.041,0,True
31704,,,Unité(s),LARISSA,True,50,2900,0.041,0,True
31706,,,Unité(s),LARISSA,True,100,1900,0.041,0,True
31707,,,Unité(s),LARISSA,True,50,1800,0.041,0,True
41063,,,Unité(s),LEON,True,1,2100,0.025,0,True
41062,,,Unité(s),LEON,True,1,2000,0.025,0,True
41061,,,Unité(s),LEON,True,1,2600,0.025,0,True
41064,,,Unité(s),LEON,True,1,1100,0.025,0,True
41092,,,Unité(s),LEON,True,1,2000,0.025,0,True
41093,,,Unité(s),LEON,True,1,2200,0.025,0,True
44399,,,Unité(s),Tous,True,1,2000,0.025,0,True
41058,,,Unité(s),LEON,True,1,2400,0.025,0,True
41059,,,Unité(s),LEON,True,1,2100,0.025,0,True
40970,,,Unité(s),LEON,True,1,1300,0.025,0,True
40971,,,Unité(s),LEON,True,1,1900,0.025,0,True
41057,,,Unité(s),LEON,True,1,1800,0.025,0,True
44405,,,Unité(s),Tous,True,1,2800,0.025,0,True
41060,,,Unité(s),LEON,True,1,1500,0.025,0,True
40969,,,Unité(s),LEON,True,1,1700,0.025,0,True
41056,,,Unité(s),LEON,True,1,1800,0.025,0,True
44398,,,Unité(s),Tous,True,1,3000,0.025,0,True
44403,,,Unité(s),Tous,True,1,2200,0.025,0,True
44400,,,Unité(s),DISPINA METALIC,True,1,1900,0.025,0,True
44404,,,Unité(s),Tous,True,1,2900,0.025,0,True
44402,,,Unité(s),Tous,True,1,1200,0.025,0,True
44401,,,Unité(s),LEON,True,1,1500,0.025,0,True
45483,,,Unité(s),LEON,True,1,2900,0.025,0,True
33635,,,Unité(s),LEON,True,120,1200,0.025,0,True
33636,,,Unité(s),LEON,True,84,2100,0.025,0,True
33637,,,Unité(s),LEON,True,66,2100,0.025,0,True
33638,,,Unité(s),LEON,True,48,2800,0.025,0,True
45484,,,Unité(s),LEON,True,1,2500,0.025,0,True
33639,,,Unité(s),LEON,True,50,2400,0.025,0,True
33640,,,Unité(s),LEON,True,300,1100,0.025,0,True
33641,,,Unité(s),LEON,True,200,3000,0.025,0,True
33642,,,Unité(s),LEON,True,200,1200,0.025,0,True
44447,,,Unité(s),LEON NOIR,True,1,2000,0.025,0,True
44450,,,Unité(s),LEON NOIR,True,1,2100,0.025,0,True
44449,,,Unité(s),LEON NOIR,True,1,1700,0.025,0,True
36238,,,Unité(s),LEON,True,50,1800,0.025,0,True
36239,,,Unité(s),LEON,True,25,1900,0.025,0,True
36240,,,Unité(s),LEON,True,20,2700,0.025,0,True
36241,,,Unité(s),LEON,True,20,2100,0.025,0,True
44435,,,Unité(s),LEON NOIR,True,1,2100,0.025,0,True
44440,,,Unité(s),LEON NOIR,True,1,1800,0.025,0,True
44439,,,Unité(s),LEON NOIR,True,1,2000,0.025,0,True
44436,,,Unité(s),LEON NOIR,True,1,1500,0.025,0,True
44441,,,Unité(s),LEON NOIR,True,1,3000,0.025,0,True
44438,,,Unité(s),LEON NOIR,True,1,1900,0.025,0,True
33643,,,Unité(s),LEON,True,150,2200,0.025,0,True
33644,,,Unité(s),LEON,True,150,2700,0.025,0,True
33645,,,Unité(s),LEON,True,150,1600,0.025,0,True
33646,,,Unité(s),LEON,True,150,2600,0.025,0,True
33647,,,Unité(s),LEON,True,150,1000,0.025,0,True
33648,,,Unité(s),LEON,True,150,2500,0.025,0,True
33649,,,Unité(s),LEON,True,150,1100,0.025,0,True
33650,,,Unité(s),LEON,True,150,1200,0.025,0,True
33651,,,Unité(s),LEON,True,420,2100,0.025,0,True
33652,,,Unité(s),LEON,True,150,2300,0.025,0,True
33653,,,Unité(s),LEON,True,150,1700,0.025,0,True
33654,,,Unité(s),LEON,True,150,2200,0.025,0,True
39948,,,Unité(s),LEON NOIR,True,150,1200,0.025,0,True
39951,,,Unité(s),LEON NOIR,True,150,2100,0.025,0,True
39942,,,Unité(s),LEON NOIR,True,300,1400,0.025,0,True
39949,,,Unité(s),LEON NOIR,True,150,1600,0.025,0,True
39940,,,Unité(s),LEON NOIR,True,150,1500,0.025,0,True
42580,,,Unité(s),LEON NOIR,True,1,2400,0.025,0,True
39946,,,Unité(s),LEON NOIR,True,150,2200,0.025,0,True
39945,,,Unité(s),LEON NOIR,True,150,1800,0.025,0,True
39943,,,Unité(s),LEON NOIR,True,150,2200,0.025,0,True
39944,,,Unité(s),LEON NOIR,True,150,1600,0.025,0,True
43772,,,Unité(s),LEON NOIR,True,150,1700,0.025,0,True
39947,,,Unité(s),LEON NOIR,True,150,1500,0.025,0,True
39950,,,Unité(s),LEON NOIR,True,150,1000,0.025,0,True
41924,,,Unité(s),LEON NOIR,True,150,1500,0.025,0,True
39952,,,Unité(s),LEON NOIR,True,150,1600,0.025,0,True
33655,,,Unité(s),LEON,True,150,1200,0.025,0,True
33656,,,Unité(s),LEON,True,150,2500,0.025,0,True
33657,,,Unité(s),LEON,True,150,2000,0.025,0,True
33658,,,Unité(s),LEON,True,150,1800,0.025,0,True
33659,,,Unité(s),LEON,True,150,3000,0.025,0,True
33660,,,Unité(s),LEON,True,150,2200,0.025,0,True
33661,,,Unité(s),LEON,True,150,2000,0.025,0,True
33662,,,Unité(s),LEON,True,150,2000,0.025,0,True
33663,,,Unité(s),LEON,True,150,2900,0.025,0,True
33665,,,Unité(s),LEON,True,150,2400,0.025,0,True
33664,,,Unité(s),LEON,True,150,2700,0.025,0,True
33666,,,Unité(s),LEON,True,150,2400,0.025,0,True
33667,,,Unité(s),LEON,True,150,1800,0.025,0,True
33668,,,Unité(s),LEON,True,150,2300,0.025,0,True
33669,,,Unité(s),LEON,True,150,2600,0.025,0,True
33670,,,Unité(s),LEON,True,1,2000,0.025,0,True
33671,,,Unité(s),LEON,True,150,3000,0.025,0,True
33672,,,Unité(s),LEON,True,150,1000,0.025,0,True
33673,,,Unité(s),LEON,True,60,2800,0.025,0,True
33674,,,Unité(s),LEON,True,90,2700,0.025,0,True
33675,,,Unité(s),LEON,True,90,1300,0.025,0,True
33676,,,Unité(s),LEON,True,90,1100,0.025,0,True
33677,,,Unité(s),LEON,True,60,1500,0.025,0,True
33678,,,Unité(s),LEON,True,60,2300,0.025,0,True
33679,,,Unité(s),LEON,True,60,1300,0.025,0,True
33680,,,Unité(s),LEON,True,60,2300,0.025,0,True
33738,,,Unité(s),LEON,True,260,2500,0.025,0,True
33739,,,Unité(s),LEON,True,260,2500,0.025,0,True
33740,,,Unité(s),LEON,True,260,2700,0.025,0,True
33741,,,Unité(s),LEON,True,260,2600,0.025,0,True
33681,,,Unité(s),LEON,True,1,1500,0.025,0,True
33682,,,Unité(s),LEON,True,1,2000,0.025,0,True
33742,,,Unité(s),LEON,True,1,2900,0.025,0,True
33743,,,Unité(s),LEON,True,260,3000,0.025,0,True
33744,,,Unité(s),LEON,True,260,2500,0.025,0,True
33745,,,Unité(s),LEON,True,260,2000,0.025,0,True
33683,,,Unité(s),LEON,True,60,1000,0.025,0,True
33684,,,Unité(s),LEON,True,60,1800,0.025,0,True
33685,,,Unité(s),LEON,True,60,1700,0.025,0,True
33686,,,Unité(s),LEON,True,60,1300,0.025,0,True
33687,,,Unité(s),LEON,True,60,2700,0.025,0,True
33688,,,Unité(s),LEON,True,60,2200,0.025,0,True
33689,,,Unité(s),LEON,True,60,2200,0.025,0,True
33690,,,Unité(s),LEON,True,60,2000,0.025,0,True
39954,,,Unité(s),LEON NOIR,True,260,2300,0.025,0,True
39958,,,Unité(s),LEON NOIR,True,260,1100,0.025,0,True
39955,,,Unité(s),LEON NOIR,True,260,2700,0.025,0,True
39959,,,Unité(s),LEON NOIR,True,260,1500,0.025,0,True
39953,,,Unité(s),LEON NOIR,True,260,1500,0.025,0,True
39957,,,Unité(s),LEON NOIR,True,260,2200,0.025,0,True
39956,,,Unité(s),LEON NOIR,True,260,1600,0.025,0,True
39960,,,Unité(s),LEON NOIR,True,260,1400,0.025,0,True
39941,,,Unité(s),LEON NOIR,True,90,2400,0.025,0,True
40413,,,Unité(s),LEON NOIR,True,1,2400,0.025,0,True
33691,,,Unité(s),LEON,True,60,3000,0.025,0,True
33692,,,Unité(s),LEON,True,1,2900,0.025,0,True
33696,,,Unité(s),LEON,True,90,2700,0.025,0,True
33694,,,Unité(s),LEON,True,90,1400,0.025,0,True
33695,,,Unité(s),LEON,True,90,3000,0.025,0,True
33697,,,Unité(s),LEON,True,60,2900,0.025,0,True
33698,,,Unité(s),LEON,True,1,3000,0.025,0,True
33699,,,Unité(s),LEON,True,60,3000,0.025,0,True
33700,,,Unité(s),LEON,True,60,2500,0.025,0,True
33701,,,Unité(s),LEON,True,12,2700,0.025,0,True
33702,,,Unité(s),LEON,True,12,2600,0.025,0,True
44437,,,Unité(s),LEON NOIR,True,1,2900,0.025,0,True
33703,,,Unité(s),LEON,True,50,2800,0.025,0,True
33704,,,Unité(s),LEON,True,120,2500,0.025,0,True
33705,,,Unité(s),LEON,True,200,1500,0.025,0,True
33706,,,Unité(s),LEON,True,120,2000,0.025,0,True
31723,,,Unité(s),MONO ACCESSOIRES,True,200,3000,0.025,0,True
34837,,,Unité(s),MONO ACCESSOIRES,True,1,1400,0.025,0,True
31724,,,Unité(s),MONO ACCESSOIRES,True,120,2600,0.034,0,True
31725,,,Unité(s),MONO ACCESSOIRES,True,150,2900,0.034,0,True
31726,,,Unité(s),MONO ACCESSOIRES,True,120,1400,0.034,0,True
31727,,,Unité(s),MONO ACCESSOIRES,True,100,1800,0.034,0,True
36520,,,Unité(s),MONO ACCESSOIRES,True,100,2200,0.034,0,True
31728,,,Unité(s),MONO ACCESSOIRES,True,225,2800,0.034,0,True
31729,,,Unité(s),MONO ACCESSOIRES,True,150,1500,0.034,0,True
31730,,,Unité(s),MONO ACCESSOIRES,True,60,3000,0.034,0,True
31731,,,Unité(s),MONO ACCESSOIRES,True,100,2200,0.034,0,True
31732,,,Unité(s),MONO ACCESSOIRES,True,200,1300,0.034,0,True
34838,,,Unité(s),MONO ACCESSOIRES,True,1,1100,0.034,0,True
31733,,,Unité(s),MONO ACCESSOIRES,True,30,2400,0.034,0,True
31734,,,Unité(s),MONO ACCESSOIRES,True,20,2800,0.034,0,True
31735,,,Unité(s),MONO ACCESSOIRES,True,25,2900,0.034,0,True
31736,,,Unité(s),MONO ACCESSOIRES,True,25,1600,0.034,0,True
31737,,,Unité(s),MONO ACCESSOIRES,True,200,1300,0.038,0,True
31738,,,Unité(s),MONO ACCESSOIRES,True,25,2400,0.038,0,True
31739,,,Unité(s),MONO ACCESSOIRES,True,25,1700,0.038,0,True
31740,,,Unité(s),MONO ACCESSOIRES,True,160,1500,0.038,0,True
41562,,,Unité(s),MINI DISJONCTEUR,True,500,2200,0.038,0,True
31741,,,Unité(s),MONO ACCESSOIRES,True,9,1800,0.038,0,True
31742,,,Unité(s),MONO ACCESSOIRES,True,9,2400,0.038,0,True
31743,,,Unité(s),MONO ACCESSOIRES,True,9,1400,0.038,0,True
33067,,,Unité(s),MONO ACCESSOIRES,True,1,3000,0.038,0,True
31744,,,Unité(s),MONO ACCESSOIRES,True,9,2600,0.038,0,True
31745,,,Unité(s),MONO ACCESSOIRES,True,9,1300,0.038,0,True
31746,,,Unité(s),MONO ACCESSOIRES,True,9,2600,0.038,0,True
33068,,,Unité(s),MONO ACCESSOIRES,True,1,1200,0.038,0,True
31747,,,Unité(s),MONO ACCESSOIRES,True,6,2300,0.038,0,True
31748,,,Unité(s),MONO ACCESSOIRES,True,6,2500,0.038,0,True
31749,,,Unité(s),MONO ACCESSOIRES,True,6,2300,0.038,0,True
31750,,,Unité(s),MONO ACCESSOIRES,True,480,2900,0.038,0,True
31751,,,Unité(s),MONO ACCESSOIRES,True,1,2900,0.038,0,True
31752,,,Unité(s),MONO ACCESSOIRES,True,1,1700,0.038,0,True
31753,,,Unité(s),MONO ACCESSOIRES,True,1,3000,0.038,0,True
31754,,,Unité(s),MONO ACCESSOIRES,True,200,1500,0.038,0,True
31755,,,Unité(s),MONO ACCESSOIRES,True,200,2800,0.038,0,True
34839,,,Unité(s),MONO ACCESSOIRES,True,1,2300,0.038,0,True
31756,,,Unité(s),MONO ACCESSOIRES,True,120,1700,0.038,0,True
35983,,,Unité(s),MONO ACCESSOIRES,True,120,1300,0.038,0,False
31757,,,Unité(s),MONO ACCESSOIRES,True,120,2000,0.038,0,False
35984,,,Unité(s),MONO ACCESSOIRES,True,120,1200,0.038,0,False
41239,,,Unité(s),MONO ACCESSOIRES,True,50,2600,0.038,0,False
38152,,,Unité(s),MONO ACCESSOIRES,True,50,1700,0.038,0,False
31758,,,Unité(s),MONO ACCESSOIRES,True,1,3000,0.038,0,False
42600,,,Unité(s),Tous,True,1,1000,0.038,0,False
42599,,,Unité(s),Tous,True,1,2900,0.038,0,False
42598,,,Unité(s),Tous,True,1,2200,0.038,0,False
44012,,,Unité(s),DISJONCTEUR,True,200,1400,0.038,0,False
44013,,,Unité(s),DISJONCTEUR,True,200,2500,0.038,0,False
42607,,,Unité(s),Tous,True,1,1500,0.038,0,False
41731,,,Unité(s),MINI DISJONCTEUR,True,1,1600,0.038,0,False
45204,,,Unité(s),MINI DISJONCTEUR,True,1,2000,0.026,0,False
45210,,,Unité(s),MINI DISJONCTEUR,True,1,2300,0.026,0,False
45205,,,Unité(s),MINI DISJONCTEUR,True,1,2100,0.026,0,False
45211,,,Unité(s),MINI DISJONCTEUR,True,1,2700,0.026,0,False
45206,,,Unité(s),MINI DISJONCTEUR,True,1,1200,0.026,0,False
45212,,,Unité(s),MINI DISJONCTEUR,True,1,2200,0.026,0,False
45207,,,Unité(s),MINI DISJONCTEUR,True,1,2700,0.026,0,False
45213,,,Unité(s),MINI DISJONCTEUR,True,1,2000,0.026,0,False
45208,,,Unité(s),MINI DISJONCTEUR,True,1,2300,0.026,0,False
45214,,,Unité(s),MINI DISJONCTEUR,True,1,1500,0.026,0,False
45209,,,Unité(s),MINI DISJONCTEUR,True,1,2700,0.026,0,False
45215,,,Unité(s),MINI DISJONCTEUR,True,1,2500,0.026,0,False
36079,,,Unité(s),MINI DISJONCTEUR,True,60,1800,0.026,0,False
36080,,,Unité(s),MINI DISJONCTEUR,True,60,1200,0.026,0,False
38153,,,Unité(s),MINI DISJONCTEUR,True,1,2900,0.026,0,False
36641,,,Unité(s),MINI DISJONCTEUR,True,60,1000,0.026,0,False
43694,,,Unité(s),MINI DISJONCTEUR,True,1,2800,0.026,0,False
36081,,,Unité(s),MINI DISJONCTEUR,True,60,2900,0.026,0,False
35840,,,Unité(s),MINI DISJONCTEUR,True,60,1900,0.026,0,False
35912,,,Unité(s),MINI DISJONCTEUR,True,60,1700,0.026,0,False
36077,,,Unité(s),MINI DISJONCTEUR,True,60,2800,0.026,0,False
36078,,,Unité(s),MINI DISJONCTEUR,True,60,2400,0.026,0,False
42572,,,Unité(s),MINI DISJONCTEUR,True,1,2100,0.026,0,False
38086,,,Unité(s),MINI DISJONCTEUR,True,1,1400,0.026,0,False
38087,,,Unité(s),MINI DISJONCTEUR,True,1,1600,0.026,0,False
38088,,,Unité(s),MINI DISJONCTEUR,True,1,1200,0.026,0,False
38092,,,Unité(s),MINI DISJONCTEUR,True,1,1000,0.026,0,False
38089,,,Unité(s),MINI DISJONCTEUR,True,1,1900,0.026,0,False
38090,,,Unité(s),MINI DISJONCTEUR,True,1,1900,0.026,0,False
38091,,,Unité(s),MINI DISJONCTEUR,True,1,1500,0.026,0,False
38056,,,Unité(s),MINI DISJONCTEUR,True,1,2000,0.026,0,False
38044,,,Unité(s),MINI DISJONCTEUR,True,1,1100,0.026,0,False
38057,,,Unité(s),MINI DISJONCTEUR,True,1,3000,0.026,0,False
38045,,,Unité(s),MINI DISJONCTEUR,True,1,2400,0.026,0,False
38052,,,Unité(s),MINI DISJONCTEUR,True,1,1100,0.026,0,False
38040,,,Unité(s),MINI DISJONCTEUR,True,1,2200,0.026,0,False
38058,,,Unité(s),MINI DISJONCTEUR,True,1,2800,0.026,0,False
38046,,,Unité(s),MINI DISJONCTEUR,True,1,2000,0.026,0,False
38059,,,Unité(s),MINI DISJONCTEUR,True,1,2800,0.026,0,False
38047,,,Unité(s),MINI DISJONCTEUR,True,1,1800,0.026,0,False
38053,,,Unité(s),MINI DISJONCTEUR,True,1,1900,0.026,0,False
38041,,,Unité(s),MINI DISJONCTEUR,True,1,2500,0.026,0,False
38060,,,Unité(s),MINI DISJONCTEUR,True,1,2400,0.026,0,False
38048,,,Unité(s),MINI DISJONCTEUR,True,1,1100,0.026,0,False
45185,,,Unité(s),DISJONCTEUR DE BRANCHEMENT,True,1,2500,0.026,0,False
38061,,,Unité(s),MINI DISJONCTEUR,True,1,1300,0.026,0,False
38049,,,Unité(s),MINI DISJONCTEUR,True,1,2200,0.026,0,False
38054,,,Unité(s),MINI DISJONCTEUR,True,1,2600,0.026,0,False
38042,,,Unité(s),MINI DISJONCTEUR,True,1,1900,0.026,0,False
38062,,,Unité(s),MINI DISJONCTEUR,True,1,2700,0.026,0,False
38050,,,Unité(s),MINI DISJONCTEUR,True,1,1600,0.026,0,False
38063,,,Unité(s),MINI DISJONCTEUR,True,1,2100,0.026,0,False
38051,,,Unité(s),MINI DISJONCTEUR,True,1,1500,0.026,0,False
38055,,,Unité(s),MINI DISJONCTEUR,True,1,2100,0.026,0,False
38043,,,Unité(s),MINI DISJONCTEUR,True,1,1600,0.026,0,False
38078,,,Unité(s),MINI DISJONCTEUR,True,1,1800,0.026,0,False
38067,,,Unité(s),MINI DISJONCTEUR,True,1,1000,0.026,0,False
45190,,,Unité(s),DISJONCTEUR DE BRANCHEMENT,True,1,2800,0.026,0,False
38079,,,Unité(s),MINI DISJONCTEUR,True,1,2400,0.026,0,False
38068,,,Unité(s),MINI DISJONCTEUR,True,1,1500,0.026,0,False
38080,,,Unité(s),MINI DISJONCTEUR,True,1,1300,0.026,0,False
38069,,,Unité(s),MINI DISJONCTEUR,True,1,1000,0.026,0,False
45187,,,Unité(s),DISJONCTEUR DE BRANCHEMENT,True,1,1200,0.026,0,False
38081,,,Unité(s),MINI DISJONCTEUR,True,1,1700,0.026,0,False
38070,,,Unité(s),MINI DISJONCTEUR,True,1,1300,0.026,0,False
38075,,,Unité(s),MINI DISJONCTEUR,True,1,1200,0.026,0,False
38064,,,Unité(s),MINI DISJONCTEUR,True,1,2500,0.026,0,False
38082,,,Unité(s),MINI DISJONCTEUR,True,1,2700,0.026,0,False
38071,,,Unité(s),MINI DISJONCTEUR,True,1,2300,0.026,0,False
45186,,,Unité(s),DISJONCTEUR DE BRANCHEMENT,True,1,2100,0.026,0,False
38083,,,Unité(s),MINI DISJONCTEUR,True,1,1000,0.026,0,False
38072,,,Unité(s),MINI DISJONCTEUR,True,1,2100,0.026,0,False
38076,,,Unité(s),MINI DISJONCTEUR,True,1,2600,0.026,0,False
38065,,,Unité(s),MINI DISJONCTEUR,True,1,2700,0.026,0,False
38084,,,Unité(s),MINI DISJONCTEUR,True,1,1200,0.026,0,False
38073,,,Unité(s),MINI DISJONCTEUR,True,1,2700,0.026,0,False
45188,,,Unité(s),Tous,True,1,2200,0.026,0,False
38085,,,Unité(s),MINI DISJONCTEUR,True,1,2200,0.026,0,False
38074,,,Unité(s),MINI DISJONCTEUR,True,1,1900,0.026,0,False
38077,,,Unité(s),MINI DISJONCTEUR,True,1,1100,0.026,0,False
38066,,,Unité(s),MINI DISJONCTEUR,True,1,1700,0.026,0,False
44638,,,Unité(s),MINI DISJONCTEUR,True,60,1400,0.026,0,False
44637,,,Unité(s),MINI DISJONCTEUR,True,30,1900,0.026,0,False
44432,,,Unité(s),MINI DISJONCTEUR,True,30,2900,0.026,0,False
42452,,,Unité(s),MINI DISJONCTEUR,True,20,2100,0.026,0,False
39030,,,Unité(s),MINI DISJONCTEUR,True,120,2600,0.026,0,False
41710,,,Unité(s),MINI DISJONCTEUR,True,120,2400,0.026,0,False
31373,,,Unité(s),MINI DISJONCTEUR,True,120,3000,0.026,0,False
36622,,,Unité(s),MINI DISJONCTEUR,True,120,2500,0.026,0,False
39031,,,Unité(s),MINI DISJONCTEUR,True,120,2300,0.026,0,False
41681,,,Unité(s),MINI DISJONCTEUR,True,120,1100,0.026,0,False
39032,,,Unité(s),MINI DISJONCTEUR,True,1,3000,0.026,0,False
41706,,,Unité(s),MINI DISJONCTEUR,True,1,2300,0.026,0,False
41707,,,Unité(s),MINI DISJONCTEUR,True,1,1300,0.026,0,False
41708,,,Unité(s),MINI DISJONCTEUR,True,1,1900,0.026,0,False
41709,,,Unité(s),MINI DISJONCTEUR,True,1,1000,0.026,0,False
31382,,,Unité(s),MINI DISJONCTEUR,True,120,2200,0.026,0,False
36223,,,Unité(s),MINI DISJONCTEUR,True,60,1600,0.026,0,False
36621,,,Unité(s),MINI DISJONCTEUR,True,60,1900,0.026,0,False
39033,,,Unité(s),MINI DISJONCTEUR,True,60,1400,0.026,0,False
39034,,,Unité(s),MINI DISJONCTEUR,True,1,1900,0.026,0,False
45189,,,Unité(s),MINI DISJONCTEUR,True,1,2800,0.026,0,False
39035,,,Unité(s),MINI DISJONCTEUR,True,60,2900,0.026,0,False
39036,,,Unité(s),MINI DISJONCTEUR,True,60,1600,0.026,0,False
39037,,,Unité(s),MINI DISJONCTEUR,True,1,1000,0.026,0,False
39038,,,Unité(s),MINI DISJONCTEUR,True,1,1000,0.026,0,False
39054,,,Unité(s),MINI DISJONCTEUR,True,1,1900,0.026,0,False
39055,,,Unité(s),MINI DISJONCTEUR,True,1,1200,0.026,0,False
39056,,,Unité(s),MINI DISJONCTEUR,True,1,1400,0.026,0,False
39057,,,Unité(s),MINI DISJONCTEUR,True,1,1100,0.026,0,False
39058,,,Unité(s),MINI DISJONCTEUR,True,40,2500,0.026,0,False
39076,,,Unité(s),MINI DISJONCTEUR,True,1,2600,0.026,0,False
39077,,,Unité(s),MINI DISJONCTEUR,True,1,1200,0.026,0,False
39078,,,Unité(s),MINI DISJONCTEUR,True,1,1000,0.026,0,False
39079,,,Unité(s),MINI DISJONCTEUR,True,1,2900,0.026,0,False
39080,,,Unité(s),MINI DISJONCTEUR,True,1,2600,0.026,0,False
41703,,,Unité(s),MINI DISJONCTEUR,True,30,1900,0.026,0,False
41704,,,Unité(s),MINI DISJONCTEUR,True,1,1200,0.026,0,False
41705,,,Unité(s),MINI DISJONCTEUR,True,30,1800,0.026,0,False
38963,,,Unité(s),MINI DISJONCTEUR,True,30,1600,0.026,0,False
42091,,,Unité(s),MINI DISJONCTEUR,True,1,2200,0.026,0,False
35996,,,Unité(s),DPN,True,100,1100,0.026,0,False
35997,,,Unité(s),DPN,True,100,2900,0.026,0,False
38101,,,Unité(s),DPN,True,1,1600,0.026,0,False
35998,,,Unité(s),DPN,True,100,2500,0.026,0,False
35999,,,Unité(s),DPN,True,100,2600,0.026,0,False
37150,,,Unité(s),DPN,True,100,1400,0.026,0,False
36000,,,Unité(s),DPN,True,100,1200,0.026,0,False
38103,,,Unité(s),DPN,True,1,2100,0.026,0,False
35987,,,Unité(s),DPN,True,100,2000,0.026,0,False
38102,,,Unité(s),DPN,True,1,2700,0.026,0,False
38104,,,Unité(s),DPN,True,1,2000,0.026,0,False
35995,,,Unité(s),DPN,True,100,1500,0.026,0,False
38094,,,Unité(s),MINI DISJONCTEUR,True,1,1700,0.026,0,False
38095,,,Unité(s),MINI DISJONCTEUR,True,1,2100,0.026,0,False
38093,,,Unité(s),MINI DISJONCTEUR,True,1,2300,0.026,0,False
42239,,,Unité(s),MINI DISJONCTEUR,True,1,2900,0.026,0,False
42240,,,Unité(s),MINI DISJONCTEUR,True,1,2100,0.026,0,False
36085,,,Unité(s),MINI DISJONCTEUR,True,120,2500,0.026,0,False
31759,,,Unité(s),MOULURE,True,20,1900,0.08000000000000002,0,False
31760,,,Unité(s),MOULURE,True,14,2100,0.08000000000000002,0,False
32482,,,Unité(s),MOULURE,True,14,2200,0.08000000000000002,0,False
35923,,,Unité(s),MOULURE,True,14,1400,0.08000000000000002,0,False
31761,,,Unité(s),MOULURE,True,150,1000,0.000512,0,False
31762,,,Unité(s),MOULURE,True,90,2400,0.0008,0,False
31763,,,Unité(s),MOULURE,True,52,1300,0.00125,0,False
31764,,,Unité(s),MOULURE,True,72,1700,0.002,0,False
31765,,,Unité(s),MOULURE,True,60,2300,0.00128,0,False
35922,,,Unité(s),MOULURE,True,80,2500,0.002,0,False
31766,,,Unité(s),MOULURE,True,80,3000,0.0032,0,False
31767,,,Unité(s),MOULURE,True,50,2000,0.0048,0,False
31768,,,Unité(s),MOULURE,True,1,2200,0.0025,0,False
34982,,,Unité(s),MOULURE,True,56,2400,0.0048,0,False
31769,,,Unité(s),MOULURE,True,28,2400,0.0048,0,False
31770,,,Unité(s),MOULURE,True,20,1800,0.0072,0,False
31771,,,Unité(s),MOULURE,True,52,1800,0.0032,0,False
38711,,,Unité(s),MOULURE,True,28,1000,0.005600000000000001,0,False
42211,,,Unité(s),LAMPE LED MONO,True,1,3000,4.8e-06,0,False
42212,,,Unité(s),LAMPE LED MONO,True,1,3000,4.8e-06,0,False
42208,,,Unité(s),LAMPE LED MONO,True,1,1600,4.8e-06,0,False
42209,,,Unité(s),LAMPE LED MONO,True,1,1300,4.8e-06,0,False
42210,,,Unité(s),LAMPE LED MONO,True,1,1200,4.8e-06,0,False
38719,,,Unité(s),TUBE LED,True,25,2600,4.8e-06,0,False
38717,,,Unité(s),TUBE LED,True,25,3000,4.8e-06,0,False
38718,,,Unité(s),TUBE LED,True,25,1200,4.8e-06,0,False
38720,,,Unité(s),TUBE LED,True,25,1000,2.4e-06,0,False
34637,,,Unité(s),MOULURE,True,240,1800,0.000288,0,False
31772,,,Unité(s),MOULURE,True,130,1300,0.000512,0,False
31773,,,Unité(s),MOULURE,True,88,1400,0.0008,0,False
33827,,,Unité(s),MOULURE,True,46,1700,0.0015,0,False
45644,,,Unité(s),MOULURE,True,72,3000,0.002,0,False
44103,,,Unité(s),REGLETTE,True,30,2500,4.8e-06,0,False
44100,,,Unité(s),REGLETTE,True,30,1800,4.8e-06,0,False
44104,,,Unité(s),REGLETTE,True,30,2800,4.8e-06,0,False
44105,,,Unité(s),REGLETTE,True,30,2400,4.8e-06,0,False
44101,,,Unité(s),REGLETTE,True,30,1500,2.4e-06,0,False
44102,,,Unité(s),REGLETTE,True,30,2700,2.4e-06,0,False
43768,,,Unité(s),LAMPE LED MONO,True,100,2900,0.022,0,False
43788,,,Unité(s),LAMPE LED MONO,True,100,1900,0.022,0,False
43923,,,Unité(s),LAMPE LED MONO,True,100,1500,0.022,0,False
43771,,,Unité(s),LAMPE LED MONO,True,100,1500,0.022,0,False
43826,,,Unité(s),LAMPE LED MONO,True,100,1800,0.022,0,False
44725,,,Unité(s),LAMPE LED MONO,True,1,2700,0.022,0,False
42570,,,Unité(s),LIGHTING PF,True,1,2700,0.022,0,False
42571,,,Unité(s),LIGHTING PF,True,1,1400,0.022,0,False
42615,,,Unité(s),LAMPE LED MONO,True,100,1400,0.022,0,False
44728,,,Unité(s),Tous,True,1,1100,0.022,0,False
42616,,,Unité(s),LAMPE LED MONO,True,100,3000,0.022,0,False
42663,,,Unité(s),LAMPE LED MONO,True,100,1200,0.022,0,False
42617,,,Unité(s),LAMPE LED MONO,True,100,3000,0.022,0,False
44727,,,Unité(s),LIGHTING PF,True,1,2600,0.022,0,False
44065,,,Unité(s),LAMPE LED MONO,True,100,2000,0.022,0,False
44064,,,Unité(s),LAMPE LED MONO,True,100,2900,0,0,False
45642,,,Unité(s),LAMPE LED MONO,True,100,3000,0,0,False
39971,,,Unité(s),LAMPE LED MONO,True,5,1500,6.000000000000002e-05,0,False
39972,,,Unité(s),LAMPE LED MONO,True,5,2100,6.000000000000002e-05,0,False
41207,,,Unité(s),PROJECTEUR NOIR,True,3,1000,6.000000000000002e-05,0,False
39969,,,Unité(s),LAMPE LED MONO,True,15,2400,6.000000000000002e-05,0,False
39970,,,Unité(s),LAMPE LED MONO,True,9,2600,6.000000000000002e-05,0,False
41596,,,Unité(s),PROJECTEUR NOIR,True,66,2700,6.000000000000002e-05,0,False
41600,,,Unité(s),PROJECTEUR NOIR,True,8,2100,6.000000000000002e-05,0,False
41601,,,Unité(s),PROJECTEUR NOIR,True,5,1200,6.000000000000002e-05,0,False
41597,,,Unité(s),PROJECTEUR NOIR,True,28,2900,6.000000000000002e-05,0,False
41602,,,Unité(s),PROJECTEUR NOIR,True,3,1300,6.000000000000002e-05,0,False
41598,,,Unité(s),PROJECTEUR NOIR,True,20,2400,6.000000000000002e-05,0,False
45480,,,Unité(s),PROJECTEUR NOIR,True,3,2600,6.000000000000002e-05,0,False
45479,,,Unité(s),PROJECTEUR NOIR,True,3,1500,6.000000000000002e-05,0,False
41599,,,Unité(s),PROJECTEUR NOIR,True,14,1400,6.000000000000002e-05,0,False
38911,,,Unité(s),REGLETTE,True,30,2600,4.8e-06,0,False
38748,,,Unité(s),REGLETTE,True,30,1400,4.8e-06,0,False
38912,,,Unité(s),REGLETTE,True,30,2600,4.8e-06,0,False
38913,,,Unité(s),REGLETTE,True,30,2800,4.8e-06,0,False
38909,,,Unité(s),REGLETTE,True,30,1700,2.4e-06,0,False
38910,,,Unité(s),REGLETTE,True,30,2000,2.4e-06,0,False
34795,,,Unité(s),MOULURE,True,1,2200,0.001,0,False
39906,,,Unité(s),SPOT,True,60,2600,0.05,0,False
39907,,,Unité(s),SPOT,True,40,3000,0.06,0,False
41669,,,Unité(s),SPOT,True,20,1600,0.07,0,False
39908,,,Unité(s),SPOT,True,30,1500,0.09,0,False
39905,,,Unité(s),SPOT,True,100,2900,0.022,0,False
39910,,,Unité(s),SPOT,True,60,2600,0.05,0,False
39911,,,Unité(s),SPOT,True,40,1400,0.06,0,False
39912,,,Unité(s),SPOT,True,30,1500,0.07,0,False
39909,,,Unité(s),SPOT,True,100,2800,0.09,0,False
39914,,,Unité(s),SPOT,True,60,2100,0.022,0,False
39915,,,Unité(s),SPOT,True,40,1700,0.05,0,False
39916,,,Unité(s),SPOT,True,30,1300,0.06,0,False
39913,,,Unité(s),SPOT,True,100,2300,0.07,0,False
33478,,,Unité(s),SPOT,True,1,1600,0.09,0,False
33479,,,Unité(s),SPOT,True,1,1400,0.022,0,False
33480,,,Unité(s),SPOT,True,1,1200,0.05,0,False
33446,,,Unité(s),SPOT,True,72,1500,0.06,0,True
33447,,,Unité(s),SPOT,True,72,3000,0.07,0,True
33473,,,Unité(s),SPOT,True,8,2500,0.09,0,True
33474,,,Unité(s),SPOT,True,8,2400,0.022,0,True
33475,,,Unité(s),SPOT,True,72,2800,0.05,0,True
33476,,,Unité(s),SPOT,True,72,2100,0.06,0,True
33477,,,Unité(s),SPOT,True,48,2900,0.07,0,True
32112,,,Unité(s),SPOT,True,40,2400,0.09,0,True
32123,,,Unité(s),SPOT,True,20,2200,0.022,0,True
31774,,,Unité(s),SPOT,True,1,1900,0.09,0,True
32124,,,Unité(s),SPOT,True,90,2700,0.05,0,True
32125,,,Unité(s),SPOT,True,60,2100,0.06,0,True
32126,,,Unité(s),SPOT,True,40,1200,0.07,0,True
31775,,,Unité(s),SPOT,True,40,1900,0.022,0,True
31776,,,Unité(s),SPOT,True,20,2700,0.05,0,True
31777,,,Unité(s),SPOT,True,20,2900,0.06,0,True
31778,,,Unité(s),SPOT,True,10,1900,0.07,0,True
32127,,,Unité(s),SPOT,True,10,1900,0.09,0,True
31779,,,Unité(s),SPOT,True,90,2300,0.022,0,True
31780,,,Unité(s),SPOT,True,60,1300,0.05,0,True
38618,,,Unité(s),SPOT,True,81,1400,0.06,0,True
31781,,,Unité(s),SPOT,True,40,1500,0.07,0,True
39891,,,Unité(s),SPOT,True,40,2400,0.09,0,True
32128,,,Unité(s),SPOT,True,40,2800,0.022,0,True
32129,,,Unité(s),SPOT,True,18,2300,0.05,0,True
38999,,,Unité(s),SPOT,True,1,2600,0.022,0,True
32130,,,Unité(s),SPOT,True,90,1500,0.06,0,True
32131,,,Unité(s),SPOT,True,90,2100,0.07,0,True
32132,,,Unité(s),SPOT,True,60,2400,0.09,0,True
42565,,,Unité(s),SPOT,True,18,1400,0.05,0,True
42566,,,Unité(s),SPOT,True,18,2800,0.06,0,True
38616,,,Unité(s),SPOT,True,10,1400,0.07,0,True
38617,,,Unité(s),SPOT,True,9,2200,0.09,0,True
38615,,,Unité(s),SPOT,True,60,1900,0.022,0,True
42055,,,Unité(s),SLIM LED,True,81,2700,0.05,0,True
38614,,,Unité(s),SPOT,True,36,2900,0.06,0,True
39892,,,Unité(s),SPOT,True,40,1500,0.07,0,True
44755,,,Unité(s),LIGHTING PF,True,1,1900,0.018,0,True
44756,,,Unité(s),LIGHTING PF,True,1,2200,0.016,0,True
31783,,,Unité(s),LAMPE LED MONO,True,50,1500,0.032,0,True
31784,,,Unité(s),LAMPE LED MONO,True,32,2600,0.036,0,True
31785,,,Unité(s),LAMPE LED MONO,True,12,1000,0.034,0,True
31787,,,Unité(s),LAMPE LED MONO,True,8,2500,0.038,0,True
42442,,,Unité(s),LAMPE LED MONO,True,100,1200,0.046,0,True
37151,,,Unité(s),LAMPE LED MONO,True,6,2800,0.037,0,True
45413,,,Unité(s),LIGHTING PF,True,1,1100,0.018,0,True
44754,,,Unité(s),LIGHTING PF,True,1,2800,0.016,0,True
33720,,,Unité(s),LAMPE LED MONO,True,1,3000,0.032,0,True
43975,,,Unité(s),LAMPE LED MONO,True,100,1700,0.036,0,True
31782,,,Unité(s),LAMPE LED MONO,True,100,2600,0.034,0,True
31786,,,Unité(s),LAMPE LED MONO,True,100,2200,0.023,0,True
39009,,,Unité(s),LAMPE LED MONO,True,100,2100,0.023,0,True
31788,,,Unité(s),LAMPE LED MONO,True,100,1900,0.038,0,True
31789,,,Unité(s),LAMPE LED MONO,True,100,2600,0.046,0,True
31790,,,Unité(s),LAMPE LED MONO,True,100,2100,0.037,0,True
37146,,,Unité(s),LAMPE LED MONO,True,50,2500,0.032,0,True
37145,,,Unité(s),LAMPE LED MONO,True,50,1200,0.032,0,True
37128,,,Unité(s),LAMPE LED MONO,True,50,1000,0.032,0,True
41937,,,Unité(s),LAMPE LED MONO,True,50,1200,0.032,0,True
41940,,,Unité(s),LAMPE LED MONO,True,50,2100,0.032,0,True
41388,,,Unité(s),LAMPE LED MONO,True,50,2500,0.032,0,True
44430,,,Unité(s),SPOT,True,1,2800,0.018,0,True
44431,,,Unité(s),Tous,True,1,2000,0.016,0,True
41075,,,Unité(s),LAMPE LED MONO,True,100,1100,0.032,0,True
38391,,,Unité(s),LAMPE LED MONO,True,100,2600,0.036,0,True
36521,,,Unité(s),LAMPE LED MONO,True,100,1900,0.023,0,True
44714,,,Unité(s),LAMPE LED MONO,True,50,1900,0.023,0,True
39039,,,Unité(s),LAMPE LED MONO,True,100,1000,0.023,0,True
38208,,,Unité(s),LAMPE LED MONO,True,100,1600,0.034,0,True
42249,,,Unité(s),LAMPE LED MONO,True,50,1400,0.038,0,True
43910,,,Unité(s),MOON,True,40,2700,0.034,0,True
43918,,,Unité(s),MOON,True,40,2500,0.034,0,True
43921,,,Unité(s),MOON,True,40,2100,0.034,0,True
43914,,,Unité(s),MOON,True,40,2400,0.034,0,True
43909,,,Unité(s),MOON,True,40,2400,0.09,0,True
41176,,,Unité(s),DISPINA METALIC,True,60,2100,0.037,0,True
41311,,,Unité(s),DISPINA METALIC,True,80,1800,0.037,0,True
41678,,,Unité(s),Tous,True,60,2000,0.037,0,True
40923,,,Unité(s),DISPINA METALIC,True,60,1200,0.037,0,True
40922,,,Unité(s),DISPINA METALIC,True,60,2100,0.037,0,True
45216,,,Unité(s),DISPINA METALIC,True,60,2600,0.037,0,True
41308,,,Unité(s),DISPINA METALIC,True,80,1100,0.037,0,True
41355,,,Unité(s),DISPINA METALIC,True,80,1000,0.037,0,True
44397,,,Unité(s),Tous,True,1,1100,0.037,0,True
41175,,,Unité(s),DISPINA METALIC,True,60,2900,0.037,0,True
42618,,,Unité(s),DISPINA METALIC,True,1,1200,0.037,0,True
40676,,,Unité(s),DISPINA METALIC,True,60,1800,0.037,0,True
40905,,,Unité(s),DISPINA METALIC,True,60,1700,0.037,0,True
40663,,,Unité(s),DISPINA METALIC,True,60,2200,0.037,0,True
40906,,,Unité(s),DISPINA METALIC,True,60,2300,0.037,0,True
40677,,,Unité(s),DISPINA METALIC,True,60,1500,0.037,0,True
40675,,,Unité(s),DISPINA METALIC,True,60,2900,0.037,0,True
41304,,,Unité(s),DISPINA METALIC,True,60,2200,0.037,0,True
41307,,,Unité(s),DISPINA METALIC,True,60,1800,0.037,0,True
44419,,,Unité(s),DISPINA METALIC,True,1,3000,0.037,0,True
40738,,,Unité(s),DISPINA METALIC,True,60,2700,0.037,0,True
31793,,,Unité(s),MODULE,True,60,2900,0.037,0,True
31804,,,Unité(s),MODULE,True,60,2500,0.037,0,True
31794,,,Unité(s),MODULE,True,60,1400,0.037,0,True
31805,,,Unité(s),MODULE,True,60,2300,0.037,0,True
31806,,,Unité(s),MODULE,True,60,1400,0.037,0,True
40365,,,Unité(s),MODULE,True,1,1400,0.037,0,True
31807,,,Unité(s),MODULE,True,60,1100,0.037,0,True
31795,,,Unité(s),MODULE,True,60,1900,0.037,0,True
31808,,,Unité(s),MODULE,True,60,1700,0.037,0,True
31809,,,Unité(s),MODULE,True,60,1500,0.037,0,True
31836,,,Unité(s),MODULE,True,60,2200,0.037,0,True
31796,,,Unité(s),MODULE,True,60,1100,0.037,0,True
31811,,,Unité(s),MODULE,True,60,1300,0.037,0,True
31812,,,Unité(s),MODULE,True,80,1700,0.037,0,True
31813,,,Unité(s),MODULE,True,80,2800,0.037,0,True
31815,,,Unité(s),MODULE,True,60,1800,0.037,0,True
31814,,,Unité(s),MODULE,True,80,1800,0.037,0,True
31816,,,Unité(s),MODULE,True,60,2200,0.037,0,True
44396,,,Unité(s),DISPINA METALIC,True,1,2800,0.037,0,True
31810,,,Unité(s),MODULE,True,60,2600,0.037,0,True
36681,,,Unité(s),DISPINA METALIC,True,60,1800,0.037,0,True
44521,,,Unité(s),DISPINA METALIC,True,1,2600,0.037,0,True
45664,,,Unité(s),DISPINA METALIC,True,1,2800,0.037,0,True
31817,,,Unité(s),MODULE,True,60,2700,0.037,0,True
31797,,,Unité(s),MODULE,True,60,1600,0.037,0,True
31818,,,Unité(s),MODULE,True,60,2500,0.037,0,True
31819,,,Unité(s),MODULE,True,60,2500,0.037,0,True
31820,,,Unité(s),MODULE,True,60,2100,0.037,0,True
44535,,,Unité(s),DISPINA METALIC,True,1,1000,0.037,0,True
45416,,,Unité(s),DISPINA METALIC,True,1,2800,0.037,0,True
45648,,,Unité(s),DISPINA METALIC,True,1,2200,0.037,0,True
31798,,,Unité(s),MODULE,True,60,1300,0.037,0,True
31821,,,Unité(s),MODULE,True,60,2600,0.037,0,True
31827,,,Unité(s),MODULE,True,60,1200,0.037,0,True
34868,,,Unité(s),MODULE,True,1,2300,0.037,0,True
31799,,,Unité(s),MODULE,True,60,1000,0.037,0,True
31822,,,Unité(s),MODULE,True,60,1900,0.037,0,True
31824,,,Unité(s),MODULE,True,60,1900,0.037,0,True
31823,,,Unité(s),MODULE,True,60,2400,0.037,0,True
36680,,,Unité(s),DISPINA METALIC,True,60,1700,0.037,0,True
31825,,,Unité(s),MODULE,True,60,1800,0.037,0,True
31834,,,Unité(s),MODULE,True,60,2000,0.037,0,True
31833,,,Unité(s),MODULE,True,60,1300,0.037,0,True
31800,,,Unité(s),MODULE,True,60,2000,0.037,0,True
31792,,,Unité(s),MODULE,True,1,3000,0.037,0,True
31801,,,Unité(s),MODULE,True,60,2400,0.037,0,True
31826,,,Unité(s),MODULE,True,60,1400,0.037,0,True
31802,,,Unité(s),MODULE,True,60,1600,0.037,0,True
31830,,,Unité(s),MODULE,True,60,1200,0.037,0,True
31831,,,Unité(s),MODULE,True,60,1600,0.037,0,True
31828,,,Unité(s),MODULE,True,1,2900,0.037,0,True
31829,,,Unité(s),MODULE,True,6,2900,0.037,0,True
31832,,,Unité(s),MODULE,True,60,2000,0.037,0,True
44421,,,Unité(s),Tous,True,1,2400,0.037,0,True
31835,,,Unité(s),MODULE,True,60,2400,0.037,0,True
31791,,,Unité(s),MODULE,True,60,1400,0.037,0,True
31803,,,Unité(s),MODULE,True,60,1900,0.037,0,True
31837,,,Unité(s),MODULE,True,60,2900,0.037,0,True
43916,,,Unité(s),MOON,True,40,3000,0.037,0,True
31839,,,Unité(s),MODULE,True,60,2200,0.037,0,True
31840,,,Unité(s),MODULE,True,1,1700,0.037,0,True
31841,,,Unité(s),MODULE,True,60,2300,0.037,0,True
31842,,,Unité(s),MODULE,True,60,2800,0.037,0,True
31878,,,Unité(s),MODULE,True,60,2500,0.037,0,True
31843,,,Unité(s),MODULE,True,60,1300,0.037,0,True
31880,,,Unité(s),MODULE,True,60,2000,0.037,0,True
31881,,,Unité(s),MODULE,True,60,1900,0.037,0,True
31892,,,Unité(s),MODULE,True,60,2200,0.037,0,True
31893,,,Unité(s),MODULE,True,60,1100,0.037,0,True
31844,,,Unité(s),DISPINA METALIC,True,60,3000,0.037,0,True
40364,,,Unité(s),MODULE,True,1,3000,0.037,0,True
31882,,,Unité(s),MODULE,True,60,1400,0.037,0,True
31894,,,Unité(s),MODULE,True,60,1300,0.037,0,True
31895,,,Unité(s),MODULE,True,60,1500,0.037,0,True
31919,,,Unité(s),MODULE,True,60,1100,0.037,0,True
31883,,,Unité(s),MODULE,True,60,1800,0.037,0,True
31896,,,Unité(s),MODULE,True,60,2300,0.037,0,True
42308,,,Unité(s),DISPINA METALIC,True,1,1300,0.037,0,True
31897,,,Unité(s),MODULE,True,80,2500,0.037,0,True
31900,,,Unité(s),MODULE,True,60,2300,0.037,0,True
31898,,,Unité(s),MODULE,True,80,2900,0.037,0,True
31901,,,Unité(s),MODULE,True,60,1700,0.037,0,True
31899,,,Unité(s),MODULE,True,60,1100,0.037,0,True
41667,,,Unité(s),MODULE,True,1,2800,0.037,0,True
31902,,,Unité(s),MODULE,True,60,2500,0.037,0,True
31884,,,Unité(s),MODULE,True,60,1600,0.037,0,True
31885,,,Unité(s),MODULE,True,60,2900,0.037,0,True
31903,,,Unité(s),MODULE,True,60,1800,0.037,0,True
31904,,,Unité(s),MODULE,True,60,1300,0.037,0,True
31886,,,Unité(s),MODULE,True,60,2000,0.037,0,True
31905,,,Unité(s),MODULE,True,60,3000,0.037,0,True
31911,,,Unité(s),MODULE,True,60,1000,0.037,0,True
31912,,,Unité(s),MODULE,True,60,2500,0.037,0,True
31887,,,Unité(s),MODULE,True,60,2300,0.037,0,True
31906,,,Unité(s),MODULE,True,60,2300,0.037,0,True
31908,,,Unité(s),MODULE,True,60,1500,0.037,0,True
31907,,,Unité(s),MODULE,True,60,2300,0.037,0,True
31909,,,Unité(s),MODULE,True,60,2600,0.037,0,True
31888,,,Unité(s),MODULE,True,60,1900,0.037,0,True
41574,,,Unité(s),DISPINA METALIC,True,60,2900,0.037,0,True
31879,,,Unité(s),MODULE,True,1,1700,0.037,0,True
31845,,,Unité(s),MODULE,True,60,1500,0.037,0,True
31889,,,Unité(s),MODULE,True,60,1300,0.037,0,True
31910,,,Unité(s),MODULE,True,60,1600,0.037,0,True
31846,,,Unité(s),MODULE,True,60,1500,0.037,0,True
31890,,,Unité(s),MODULE,True,60,1000,0.037,0,True
31913,,,Unité(s),MODULE,True,60,1400,0.037,0,True
31914,,,Unité(s),MODULE,True,60,2700,0.037,0,True
31978,,,Unité(s),MODULE,True,6,2000,0.037,0,True
31979,,,Unité(s),MODULE,True,6,1800,0.037,0,True
31915,,,Unité(s),MODULE,True,60,2800,0.037,0,True
31917,,,Unité(s),MODULE,True,60,1000,0.037,0,True
31916,,,Unité(s),MODULE,True,60,2300,0.037,0,True
31918,,,Unité(s),MODULE,True,60,2200,0.037,0,True
42309,,,Unité(s),DISPINA METALIC,True,1,1400,0.037,0,True
31980,,,Unité(s),MODULE,True,60,2200,0.037,0,True
31847,,,Unité(s),MODULE,True,60,2800,0.037,0,True
34877,,,Unité(s),MODULE,True,1,1500,0.037,0,True
31891,,,Unité(s),MODULE,True,60,2100,0.037,0,True
31920,,,Unité(s),MODULE,True,60,1400,0.037,0,True
31848,,,Unité(s),MODULE,True,60,2200,0.037,0,True
31849,,,Unité(s),MODULE,True,60,2100,0.037,0,True
44504,,,Unité(s),DISPINA METALIC,True,60,2800,0.037,0,True
31850,,,Unité(s),MODULE,True,80,2400,0.037,0,True
31851,,,Unité(s),MODULE,True,80,1800,0.037,0,True
31852,,,Unité(s),MODULE,True,60,1100,0.037,0,True
31921,,,Unité(s),MODULE,True,60,2000,0.037,0,True
31853,,,Unité(s),MODULE,True,60,1700,0.037,0,True
31854,,,Unité(s),MODULE,True,60,2500,0.037,0,True
41670,,,Unité(s),DISPINA METALIC,True,1,1600,0.037,0,True
31855,,,Unité(s),MODULE,True,60,2100,0.037,0,True
41664,,,Unité(s),DISPINA METALIC,True,60,2300,0.037,0,True
44418,,,Unité(s),Tous,True,1,1300,0.037,0,True
45666,,,Unité(s),DISPINA METALIC,True,1,3000,0.037,0,True
31856,,,Unité(s),MODULE,True,60,2800,0.037,0,True
31922,,,Unité(s),MODULE,True,60,2600,0.037,0,True
31857,,,Unité(s),MODULE,True,60,1800,0.037,0,True
31858,,,Unité(s),MODULE,True,60,1500,0.037,0,True
31859,,,Unité(s),MODULE,True,60,1100,0.037,0,True
31924,,,Unité(s),MODULE,True,60,1000,0.037,0,True
31860,,,Unité(s),MODULE,True,60,2100,0.037,0,True
31862,,,Unité(s),MODULE,True,60,3000,0.037,0,True
31864,,,Unité(s),MODULE,True,60,2000,0.037,0,True
31863,,,Unité(s),MODULE,True,60,1900,0.037,0,True
31861,,,Unité(s),MODULE,True,60,1700,0.037,0,True
31923,,,Unité(s),MODULE,True,60,2700,0.037,0,True
31865,,,Unité(s),MODULE,True,60,1800,0.037,0,True
41665,,,Unité(s),DISPINA METALIC,True,60,1100,0.037,0,True
31838,,,Unité(s),MODULE,True,1,2500,0.037,0,True
31866,,,Unité(s),MODULE,True,60,2900,0.037,0,True
31867,,,Unité(s),MODULE,True,60,2000,0.037,0,True
31868,,,Unité(s),MODULE,True,60,1900,0.037,0,True
31869,,,Unité(s),MODULE,True,60,1200,0.037,0,True
31870,,,Unité(s),MODULE,True,60,2800,0.037,0,True
44512,,,Unité(s),DISPINA METALIC,True,60,2000,0.037,0,True
31871,,,Unité(s),MODULE,True,60,1100,0.037,0,True
31872,,,Unité(s),MODULE,True,60,2500,0.037,0,True
31925,,,Unité(s),MODULE,True,60,2700,0.037,0,True
31926,,,Unité(s),MODULE,True,60,2100,0.037,0,True
31873,,,Unité(s),MODULE,True,60,2200,0.037,0,True
31874,,,Unité(s),MODULE,True,60,2600,0.037,0,True
43703,,,Unité(s),DISPINA,True,60,1500,0.037,0,False
31927,,,Unité(s),MODULE,True,60,1200,0.037,0,False
31875,,,Unité(s),MODULE,True,60,1700,0.037,0,False
31928,,,Unité(s),MODULE,True,60,2800,0.037,0,False
31876,,,Unité(s),MODULE,True,60,1200,0.037,0,False
31877,,,Unité(s),MODULE,True,60,1800,0.037,0,False
43920,,,Unité(s),MOON,True,40,2700,0.037,0,False
31930,,,Unité(s),MODULE,True,60,2800,0.037,0,False
31931,,,Unité(s),MODULE,True,60,1000,0.037,0,False
31932,,,Unité(s),MODULE,True,60,1600,0.037,0,False
31933,,,Unité(s),MODULE,True,60,1600,0.037,0,False
31934,,,Unité(s),MODULE,True,60,1200,0.037,0,False
34575,,,Unité(s),MODULE,True,60,2600,0.037,0,False
31935,,,Unité(s),MODULE,True,60,2200,0.037,0,False
31936,,,Unité(s),MODULE,True,60,1800,0.037,0,False
31937,,,Unité(s),MODULE,True,60,1300,0.037,0,False
31938,,,Unité(s),MODULE,True,60,2200,0.037,0,False
31971,,,Unité(s),MODULE,True,60,2100,0.037,0,False
31939,,,Unité(s),MODULE,True,60,2600,0.037,0,False
31940,,,Unité(s),MODULE,True,60,1900,0.037,0,False
31941,,,Unité(s),MODULE,True,60,2700,0.037,0,False
44052,,,Unité(s),DISPINA METALIC,True,1,2900,0.037,0,False
31942,,,Unité(s),MODULE,True,80,1100,0.037,0,False
31943,,,Unité(s),MODULE,True,80,2200,0.037,0,False
36679,,,Unité(s),DISPINA METALIC,True,1,2700,0.037,0,False
31944,,,Unité(s),MODULE,True,60,2700,0.037,0,False
31945,,,Unité(s),MODULE,True,60,1000,0.037,0,False
44068,,,Unité(s),MODULE,True,60,1100,0.037,0,False
31946,,,Unité(s),MODULE,True,60,2100,0.037,0,False
31947,,,Unité(s),MODULE,True,60,1200,0.037,0,False
31948,,,Unité(s),MODULE,True,60,2900,0.037,0,False
31972,,,Unité(s),MODULE,True,60,1500,0.037,0,False
31949,,,Unité(s),MODULE,True,60,2000,0.037,0,False
31950,,,Unité(s),MODULE,True,60,2200,0.037,0,False
31951,,,Unité(s),MODULE,True,60,1300,0.037,0,False
31952,,,Unité(s),MODULE,True,60,1500,0.037,0,False
31953,,,Unité(s),MODULE,True,60,1700,0.037,0,False
31954,,,Unité(s),MODULE,True,60,1100,0.037,0,False
31955,,,Unité(s),MODULE,True,60,2000,0.037,0,False
31956,,,Unité(s),MODULE,True,60,1900,0.037,0,False
31957,,,Unité(s),MODULE,True,60,2200,0.037,0,False
36678,,,Unité(s),DISPINA METALIC,True,60,1700,0.037,0,False
34794,,,Unité(s),MODULE,True,1,2600,0.037,0,False
31958,,,Unité(s),MODULE,True,60,1300,0.037,0,False
31959,,,Unité(s),MODULE,True,60,2900,0.037,0,False
41385,,,Unité(s),DISPINA METALIC,True,1,1500,0.037,0,False
31929,,,Unité(s),MODULE,True,1,2100,0.037,0,False
31960,,,Unité(s),MODULE,True,60,2600,0.037,0,False
31961,,,Unité(s),MODULE,True,60,2600,0.037,0,False
31962,,,Unité(s),MODULE,True,60,2200,0.037,0,False
31963,,,Unité(s),MODULE,True,60,2700,0.037,0,False
31964,,,Unité(s),MODULE,True,60,2400,0.037,0,False
31965,,,Unité(s),MODULE,True,60,2300,0.037,0,False
31966,,,Unité(s),MODULE,True,60,1200,0.037,0,False
31973,,,Unité(s),MODULE,True,60,2500,0.037,0,False
31974,,,Unité(s),MODULE,True,60,1800,0.037,0,False
31967,,,Unité(s),MODULE,True,60,1900,0.037,0,False
31968,,,Unité(s),MODULE,True,60,2200,0.037,0,False
31975,,,Unité(s),MODULE,True,60,2300,0.037,0,False
31976,,,Unité(s),MODULE,True,60,2200,0.037,0,False
31977,,,Unité(s),MODULE,True,60,2800,0.037,0,False
31969,,,Unité(s),MODULE,True,60,1800,0.037,0,False
31970,,,Unité(s),MODULE,True,60,1900,0.037,0,False
43913,,,Unité(s),MOON,True,40,1000,0.037,0,False
43922,,,Unité(s),MOON,True,40,2500,0.037,0,False
43827,,,Unité(s),MOON,True,40,2000,0.037,0,False
43905,,,Unité(s),MOON,True,40,2900,0.037,0,False
43904,,,Unité(s),MOON,True,30,1300,0.037,0,False
43906,,,Unité(s),MOON,True,40,1600,0.037,0,False
43919,,,Unité(s),MOON,True,40,2700,0.037,0,False
43907,,,Unité(s),MOON,True,40,1500,0.037,0,False
43908,,,Unité(s),MOON,True,40,2300,0.037,0,False
43915,,,Unité(s),MOON,True,40,2200,0.037,0,False
43912,,,Unité(s),MOON,True,40,1100,0.037,0,False
43911,,,Unité(s),MOON,True,40,1700,0.037,0,False
43917,,,Unité(s),MOON,True,40,1300,0.037,0,False
42227,,,Unité(s),MONO ACCESSOIRES,True,20,2000,0.022,0,False
42597,,,Unité(s),Tous,True,1,1200,0,0,False
45377,,,Unité(s),MONO ACCESSOIRES,True,1,1500,0,0,False
42606,,,Unité(s),Tous,True,1,1100,0,0,False
42602,,,Unité(s),Tous,True,1,1400,0,0,False
42614,,,Unité(s),Tous,True,1,2500,0,0,False
42603,,,Unité(s),Tous,True,1,1600,0,0,False
42604,,,Unité(s),Tous,True,1,1000,0,0,False
45395,,,Unité(s),MONO ACCESSOIRES,True,1,1200,0,0,False
42601,,,Unité(s),Tous,True,1,2500,0,0,False
38182,,,Unité(s),MINI DISJONCTEUR,True,1,1100,0,0,False
38183,,,Unité(s),MINI DISJONCTEUR,True,1,2600,0,0,False
42596,,,Unité(s),Tous,True,1,2600,0,0,False
38181,,,Unité(s),MINI DISJONCTEUR,True,1,1200,0,0,False
31981,,,Unité(s),SLIM LED,True,6,2000,4.8e-06,0,False
31982,,,Unité(s),SLIM LED,True,6,2600,4.8e-06,0,False
45643,,,Unité(s),SLIM LED,True,1,1100,4.8e-06,0,False
45475,,,Unité(s),SLIM LED,True,6,1200,4.8e-06,0,False
45561,,,Unité(s),SLIM LED,True,1,1200,4.8e-06,0,False
43678,,,Unité(s),SLIM LED,True,1,2900,4.8e-06,0,False
42238,,,Unité(s),DISJONCTEUR,True,1,2600,0,0,False
42453,,,Unité(s),MINI DISJONCTEUR,True,42,2500,0,0,False
41728,,,Unité(s),MINI DISJONCTEUR,True,1,1100,0,0,False
31983,,,Unité(s),MINI DISJONCTEUR,True,1,1900,0.016,0,False
31984,,,Unité(s),MINI DISJONCTEUR,True,120,2000,0.016,0,False
31985,,,Unité(s),OBERON,True,80,2300,0.041,0,False
31986,,,Unité(s),OBERON,True,160,1400,0.041,0,False
31987,,,Unité(s),OBERON,True,10,1200,0.041,0,False
31988,,,Unité(s),OBERON,True,100,1100,0.041,0,False
31989,,,Unité(s),OBERON,True,100,1600,0.041,0,False
31990,,,Unité(s),OBERON,True,100,2400,0.041,0,False
31991,,,Unité(s),OBERON,True,100,2300,0.041,0,False
31992,,,Unité(s),OBERON,True,100,2400,0.041,0,False
44503,,,Unité(s),OBERON,True,1,2900,0.041,0,False
44046,,,Unité(s),OBERON,True,80,1700,0.041,0,False
42612,,,Unité(s),OBERON,True,80,2800,0.041,0,False
37161,,,Unité(s),OBERON,True,1,1300,0.041,0,False
39141,,,Unité(s),OBERON,True,50,1600,0.041,0,False
37148,,,Unité(s),OBERON,True,1,1700,0.041,0,False
44502,,,Unité(s),OBERON,True,1,2100,0.041,0,False
31993,,,Unité(s),OBERON,True,100,2300,0.041,0,False
31994,,,Unité(s),OBERON,True,100,2400,0.041,0,False
34833,,,Unité(s),OBERON,True,1,2500,0.041,0,False
37957,,,Unité(s),OBERON,True,1,2300,0.041,0,False
31995,,,Unité(s),OBERON,True,100,2200,0.041,0,False
31996,,,Unité(s),OBERON,True,100,2600,0.041,0,False
35865,,,Unité(s),OCTANS,True,1,2900,0.041,0,False
35866,,,Unité(s),OCTANS,True,1,1500,0.041,0,False
31997,,,Unité(s),OCTANS,True,90,2800,0.041,0,False
42564,,,Unité(s),OCTANS,True,1,2500,0.041,0,False
31998,,,Unité(s),OCTANS,True,90,1500,0.041,0,False
31999,,,Unité(s),OCTANS,True,40,2200,0.041,0,False
42563,,,Unité(s),OCTANS,True,1,2800,0.041,0,False
45731,,,Unité(s),OCTANS,True,1,1600,0.041,0,False
32000,,,Unité(s),OCTANS,True,40,1200,0.041,0,False
36615,,,Unité(s),OCTANS,True,1,1900,0.041,0,False
36616,,,Unité(s),OCTANS,True,1,1400,0.041,0,False
45647,,,Unité(s),OCTANS,True,1,1900,0.041,0,False
36543,,,Unité(s),OCTANS,True,1,1500,0.041,0,False
41378,,,Unité(s),OCTANS,True,1,2000,0.041,0,False
41379,,,Unité(s),OCTANS,True,1,2300,0.041,0,False
41373,,,Unité(s),OCTANS,True,1,2800,0.041,0,False
45563,,,Unité(s),OCTANS,True,1,1700,0.041,0,False
45730,,,Unité(s),OCTANS,True,1,2500,0.041,0,False
45646,,,Unité(s),OCTANS,True,1,2600,0.041,0,False
32001,,,Unité(s),OCTANS,True,90,3000,0.041,0,False
41377,,,Unité(s),OCTANS,True,1,3000,0.041,0,False
42661,,,Unité(s),OCTANS,True,1,1600,0.041,0,False
41374,,,Unité(s),OCTANS,True,1,1100,0.041,0,False
32002,,,Unité(s),OCTANS,True,90,1000,0.041,0,False
35863,,,Unité(s),OCTANS,True,1,2400,0.041,0,False
41375,,,Unité(s),OCTANS,True,1,2000,0.041,0,False
41376,,,Unité(s),OCTANS,True,1,1200,0.041,0,False
34975,,,Unité(s),OCTANS,True,1,1200,0.041,0,False
45482,,,Unité(s),OCTANS,True,1,2800,0.041,0,False
41809,,,Unité(s),OCTANS,True,1,2900,0.041,0,False
32003,,,Unité(s),OCTANS,True,90,2100,0.041,0,False
32004,,,Unité(s),OCTANS,True,40,2600,0.041,0,False
38133,,,Unité(s),OCTANS,True,1,1700,0.041,0,False
32005,,,Unité(s),OCTANS,True,90,1100,0.041,0,False
38143,,,Unité(s),OCTANS,True,1,2600,0.041,0,False
34183,,,Unité(s),ORION,True,25,1900,0.026,0,False
34201,,,Unité(s),ORION,True,25,2800,0.026,0,False
34202,,,Unité(s),ORION,True,25,1800,0.026,0,False
34203,,,Unité(s),ORION,True,20,1300,0.026,0,False
39454,,,Unité(s),ORION,True,1,2900,0.026,0,False
34208,,,Unité(s),ORION,True,9,3000,0.026,0,False
34209,,,Unité(s),ORION,True,9,2900,0.026,0,False
34210,,,Unité(s),ORION,True,9,1000,0.026,0,False
34211,,,Unité(s),ORION,True,9,1100,0.026,0,False
34212,,,Unité(s),ORION,True,9,2700,0.026,0,False
34213,,,Unité(s),ORION,True,9,2000,0.026,0,False
34916,,,Unité(s),ORION,True,1,1200,0.026,0,False
43681,,,Unité(s),ORION,True,1,1700,0.026,0,False
43679,,,Unité(s),ORION,True,1,1000,0.026,0,False
34214,,,Unité(s),ORION,True,6,1100,0.026,0,False
34215,,,Unité(s),ORION,True,6,1200,0.026,0,False
34216,,,Unité(s),ORION,True,6,1700,0.026,0,False
36113,,,Unité(s),ORION,True,1,2400,0.026,0,False
43680,,,Unité(s),ORION,True,1,1600,0.026,0,False
34204,,,Unité(s),ORION,True,25,1100,0.026,0,False
34205,,,Unité(s),ORION,True,25,2400,0.026,0,False
34206,,,Unité(s),ORION,True,25,2500,0.026,0,False
34207,,,Unité(s),ORION,True,20,1300,0.026,0,False
42219,,,Unité(s),LAMPE LED MONO,True,1,2100,0,0,False
35867,,,Unité(s),Tous,True,1,2000,0,0,False
35889,,,Unité(s),Tous,True,1,1800,0,0,False
35890,,,Unité(s),Tous,True,1,1000,0,0,False
44309,,,Unité(s),DISJONCTEUR,True,1,1600,0,0,False
35891,,,Unité(s),Tous,True,1,2200,0,0,False
35892,,,Unité(s),Tous,True,1,2300,0,0,False
35894,,,Unité(s),Tous,True,1,2400,0,0,False
35893,,,Unité(s),Tous,True,1,2700,0,0,False
37162,,,Unité(s),Tous,True,1,2200,0,0,False
35895,,,Unité(s),Tous,True,1,2500,0,0,False
35896,,,Unité(s),Tous,True,1,1800,0,0,False
35897,,,Unité(s),Tous,True,1,1200,0,0,False
35898,,,Unité(s),Tous,True,1,1500,0,0,False
35899,,,Unité(s),Tous,True,1,1300,0,0,False
35900,,,Unité(s),Tous,True,1,1800,0,0,False
35901,,,Unité(s),Tous,True,1,1900,0,0,False
35902,,,Unité(s),Tous,True,1,2300,0,0,False
35903,,,Unité(s),Tous,True,1,2400,0,0,False
37845,,,Unité(s),Tous,True,1,1400,0,0,False
45743,,,Unité(s),Tous,True,1,2100,0,0,False
41208,,,Unité(s),Tous,True,1,2700,0,0,False
35904,,,Unité(s),Tous,True,1,3000,0,0,False
43924,,,Unité(s),Tous,True,1,2100,0,0,False
45381,,,Unité(s),MONO,True,1,1800,0,0,False
44330,,,Unité(s),Tous,True,1,1700,0,0,False
35905,,,Unité(s),Tous,True,1,2100,0,0,False
35906,,,Unité(s),Tous,True,1,1800,0,0,False
35907,,,Unité(s),Tous,True,1,1100,0,0,False
35908,,,Unité(s),Tous,True,1,1000,0,0,False
41672,,,Unité(s),Tous,True,1,2200,0,0,False
35909,,,Unité(s),Tous,True,1,2700,0,0,False
38630,,,Unité(s),LAMPE LED SOUKOY,True,100,1000,0,0,False
42204,,,Unité(s),LAMPE LED MONO,True,1,1200,0,0,False
42207,,,Unité(s),LAMPE LED MONO,True,1,2900,0,0,False
42213,,,Unité(s),LAMPE LED MONO,True,1,2900,0,0,False
32006,,,Unité(s),STYLE,True,1,1200,0.005,0,False
32007,,,Unité(s),STYLE,True,1,2600,0.007,0,False
32008,,,Unité(s),STYLE,True,1,2200,0.025,0,False
32009,,,Unité(s),STYLE,True,1,1100,0.025,0,False
32010,,,Unité(s),STYLE,True,1,1400,0.03,0,False
32011,,,Unité(s),STYLE,True,1,2800,0.005,0,False
32012,,,Unité(s),STYLE,True,1,2000,0.007,0,False
32013,,,Unité(s),STYLE,True,1,1900,0.025,0,False
32014,,,Unité(s),STYLE,True,1,1000,0.025,0,False
32015,,,Unité(s),STYLE,True,1,2700,0.03,0,False
32016,,,Unité(s),STYLE,True,1,1600,0.005,0,False
32017,,,Unité(s),STYLE,True,1,2300,0.007,0,False
32018,,,Unité(s),STYLE,True,1,2200,0.025,0,False
32019,,,Unité(s),STYLE,True,1,1800,0.025,0,False
32020,,,Unité(s),STYLE,True,1,1600,0.03,0,False
32021,,,Unité(s),STYLE,True,1,1100,0.005,0,False
32022,,,Unité(s),STYLE,True,1,2600,0.007,0,False
32023,,,Unité(s),STYLE,True,1,1500,0.025,0,False
32024,,,Unité(s),STYLE,True,1,1500,0.025,0,False
32025,,,Unité(s),STYLE,True,1,1500,0.03,0,False
32026,,,Unité(s),STYLE,True,1,1000,0.005,0,False
32027,,,Unité(s),STYLE,True,1,3000,0.007,0,False
32028,,,Unité(s),STYLE,True,1,1400,0.025,0,False
32029,,,Unité(s),STYLE,True,1,2900,0.025,0,False
32030,,,Unité(s),STYLE,True,1,1700,0.03,0,False
32031,,,Unité(s),STYLE,True,1,1600,0.005,0,False
32032,,,Unité(s),STYLE,True,1,2300,0.007,0,False
32033,,,Unité(s),STYLE,True,1,1000,0.025,0,False
32034,,,Unité(s),STYLE,True,1,2000,0.025,0,True
32035,,,Unité(s),STYLE,True,1,1500,0.03,0,True
32036,,,Unité(s),STYLE,True,1,2900,0.005,0,True
32037,,,Unité(s),STYLE,True,1,1100,0.007,0,True
32038,,,Unité(s),STYLE,True,1,2800,0.025,0,True
32039,,,Unité(s),STYLE,True,1,2900,0.025,0,True
32040,,,Unité(s),STYLE,True,1,2000,0.03,0,True
32041,,,Unité(s),STYLE,True,1,1800,0.005,0,True
32042,,,Unité(s),STYLE,True,1,1100,0.007,0,True
32043,,,Unité(s),STYLE,True,1,2200,0.025,0,True
32044,,,Unité(s),STYLE,True,1,1100,0.025,0,True
32045,,,Unité(s),STYLE,True,1,2800,0.03,0,True
32046,,,Unité(s),STYLE,True,1,2700,0.005,0,True
32047,,,Unité(s),STYLE,True,1,1100,0.007,0,True
32048,,,Unité(s),STYLE,True,1,2000,0.025,0,True
32049,,,Unité(s),STYLE,True,1,1900,0.025,0,True
32050,,,Unité(s),STYLE,True,1,2800,0.03,0,True
32051,,,Unité(s),STYLE,True,1,1800,0.005,0,True
32052,,,Unité(s),STYLE,True,1,2400,0.007,0,True
32053,,,Unité(s),STYLE,True,1,1900,0.025,0,True
32054,,,Unité(s),STYLE,True,1,2000,0.025,0,True
32055,,,Unité(s),STYLE,True,1,2200,0.03,0,True
32056,,,Unité(s),STYLE,True,1,2200,0.005,0,True
32057,,,Unité(s),STYLE,True,1,2600,0.007,0,True
32058,,,Unité(s),STYLE,True,1,2300,0.025,0,True
32059,,,Unité(s),STYLE,True,1,1100,0.025,0,True
32060,,,Unité(s),STYLE,True,1,1000,0.03,0,True
32061,,,Unité(s),STYLE,True,1,2800,0.005,0,True
32062,,,Unité(s),STYLE,True,1,2600,0.007,0,True
32063,,,Unité(s),STYLE,True,1,1900,0.025,0,True
32064,,,Unité(s),STYLE,True,1,2000,0.025,0,True
32065,,,Unité(s),STYLE,True,1,2700,0.03,0,True
32066,,,Unité(s),STYLE,True,1,2600,0.005,0,True
32067,,,Unité(s),STYLE,True,1,2800,0.007,0,True
32068,,,Unité(s),STYLE,True,1,1800,0.025,0,True
32069,,,Unité(s),STYLE,True,1,2500,0.025,0,True
32070,,,Unité(s),STYLE,True,1,2300,0.03,0,True
32071,,,Unité(s),STYLE,True,1,2800,0.005,0,True
32072,,,Unité(s),STYLE,True,1,1900,0.007,0,True
32073,,,Unité(s),STYLE,True,1,2000,0.025,0,True
32074,,,Unité(s),STYLE,True,1,1200,0.025,0,True
32075,,,Unité(s),STYLE,True,1,2200,0.03,0,True
32076,,,Unité(s),TABLEAUX DISTRIBUTION,True,60,1800,0.025,0,True
32077,,,Unité(s),TABLEAUX DISTRIBUTION,True,42,1300,0.05,0,True
32078,,,Unité(s),TABLEAUX DISTRIBUTION,True,6,1000,0.02,0,True
32079,,,Unité(s),TABLEAUX DISTRIBUTION,True,6,1500,0.027,0,True
32080,,,Unité(s),TABLEAUX DISTRIBUTION,True,6,1000,0.032,0,True
32081,,,Unité(s),TABLEAUX DISTRIBUTION,True,6,2900,0.034,0,True
32082,,,Unité(s),TABLEAUX DISTRIBUTION,True,3,1400,0.05,0,True
32083,,,Unité(s),TABLEAUX DISTRIBUTION,True,3,2800,0.02,0,True
40359,,,Unité(s),TABLEAUX DISTRIBUTION,True,6,1100,0.027,0,True
40357,,,Unité(s),TABLEAUX DISTRIBUTION,True,6,2900,0.032,0,True
40356,,,Unité(s),TABLEAUX DISTRIBUTION,True,3,1700,0.034,0,True
40358,,,Unité(s),TABLEAUX DISTRIBUTION,True,3,1000,0.05,0,True
32084,,,Unité(s),TABLEAUX DISTRIBUTION,True,6,2500,0.02,0,True
32085,,,Unité(s),TABLEAUX DISTRIBUTION,True,6,2500,0.027,0,True
32086,,,Unité(s),TABLEAUX DISTRIBUTION,True,6,3000,0.032,0,True
32087,,,Unité(s),TABLEAUX DISTRIBUTION,True,6,2800,0.034,0,True
44156,,,Unité(s),TABLEAUX DISTRIBUTION,True,3,1700,0.05,0,True
32088,,,Unité(s),TABLEAUX DISTRIBUTION,True,3,3000,0.02,0,True
32089,,,Unité(s),TABLEAUX DISTRIBUTION,True,3,1600,0.02,0,True
40361,,,Unité(s),TABLEAUX DISTRIBUTION,True,6,1100,0.05,0,True
40360,,,Unité(s),TABLEAUX DISTRIBUTION,True,3,2900,0.05,0,True
42067,,,Unité(s),TABLEAUX DISTRIBUTION,True,3,2700,0.05,0,True
38781,,,Unité(s),TABLEAUX DISTRIBUTION,True,6,1500,0.027,0,True
38907,,,Unité(s),TABLEAUX DISTRIBUTION,True,6,1900,0.027,0,True
38744,,,Unité(s),TABLEAUX DISTRIBUTION,True,6,2200,0.032,0,True
36658,,,Unité(s),TABLEAUX DISTRIBUTION,True,6,2500,0.034,0,True
44657,,,Unité(s),TABLEAUX DISTRIBUTION,True,3,1100,0.05,0,True
36155,,,Unité(s),TABLEAUX DISTRIBUTION,True,3,2100,0.05,0,True
36498,,,Unité(s),TABLEAUX DISTRIBUTION,True,3,2800,0.05,0,True
32090,,,Unité(s),MINI DISJONCTEUR,True,120,1600,0.034,0,True
42228,,,Unité(s),MONO ACCESSOIRES,True,20,1400,0,0,True
42229,,,Unité(s),MONO ACCESSOIRES,True,40,1900,0,0,True
44448,,,Unité(s),LEON NOIR,True,1,2300,0,0,True
45527,,,Unité(s),Tous,True,1,1700,0,0,True
44505,,,Unité(s),Tous,True,1,2900,0,0,True
45219,,,Unité(s),Tous,True,1,2000,0,0,True
