id_produit,date,segment,quantite_demande,forecast,method,forecast_original,calibration_factor
31551,2026-01-08 12:10:40,A_HIGH_FREQ_HIGH_VOL,100,189.15178373056415,XGBoost+LogTransform,159.6759490966797,1.184597835808307
31554,2026-01-08 12:10:40,A_HIGH_FREQ_HIGH_VOL,1000,536.5641464556504,XGBoost+LogTransform,452.9504699707031,1.184597835808307
31557,2026-01-08 12:10:40,A_HIGH_FREQ_HIGH_VOL,300,312.4514165961013,XGBoost+LogTransform,263.7615966796875,1.184597835808307
31565,2026-01-08 12:10:40,A_HIGH_FREQ_HIGH_VOL,1000,340.6338768576449,XGBoost+LogTransform,287.5523376464844,1.184597835808307
31569,2026-01-08 12:10:40,A_HIGH_FREQ_HIGH_VOL,400,282.7761165112305,XGBoost+LogTransform,238.7106475830078,1.184597835808307
31723,2026-01-08 12:10:40,A_HIGH_FREQ_HIGH_VOL,200,456.93258640201367,XGBoost+LogTransform,385.72802734375,1.184597835808307
31724,2026-01-08 12:10:40,A_HIGH_FREQ_HIGH_VOL,300,237.80640681648106,XGBoost+LogTransform,200.74864196777344,1.184597835808307
31725,2026-01-08 12:10:40,A_HIGH_FREQ_HIGH_VOL,300,671.2857238561776,XGBoost+LogTransform,566.6781616210938,1.184597835808307
31729,2026-01-08 12:10:40,A_HIGH_FREQ_HIGH_VOL,150,239.29076921694156,XGBoost+LogTransform,202.00169372558594,1.184597835808307
31730,2026-01-08 12:10:40,A_HIGH_FREQ_HIGH_VOL,120,163.93634917026245,XGBoost+LogTransform,138.38987731933594,1.184597835808307
31731,2026-01-08 12:10:40,A_HIGH_FREQ_HIGH_VOL,200,292.42073047982404,XGBoost+LogTransform,246.85232543945312,1.184597835808307
31732,2026-01-08 12:10:40,A_HIGH_FREQ_HIGH_VOL,600,401.77326747885235,XGBoost+LogTransform,339.1642761230469,1.184597835808307
31757,2026-01-08 12:10:40,A_HIGH_FREQ_HIGH_VOL,240,72.28659616075419,XGBoost+LogTransform,61.022056579589844,1.184597835808307
31985,2026-01-08 12:10:40,A_HIGH_FREQ_HIGH_VOL,80,131.87179861490372,XGBoost+LogTransform,111.3219985961914,1.184597835808307
31993,2026-01-08 12:10:40,A_HIGH_FREQ_HIGH_VOL,300,326.6009764573442,XGBoost+LogTransform,275.7062072753906,1.184597835808307
32000,2026-01-08 12:10:40,A_HIGH_FREQ_HIGH_VOL,40,60.82861805969845,XGBoost+LogTransform,51.34959411621094,1.184597835808307
32001,2026-01-08 12:10:40,A_HIGH_FREQ_HIGH_VOL,90,154.36636905884745,XGBoost+LogTransform,130.3112030029297,1.184597835808307
32002,2026-01-08 12:10:40,A_HIGH_FREQ_HIGH_VOL,90,93.23780567921183,XGBoost+LogTransform,78.70840454101562,1.184597835808307
32079,2026-01-08 12:10:40,A_HIGH_FREQ_HIGH_VOL,48,43.57007633413502,XGBoost+LogTransform,36.780479431152344,1.184597835808307
32080,2026-01-08 12:10:40,A_HIGH_FREQ_HIGH_VOL,30,31.564592734240406,XGBoost+LogTransform,26.645830154418945,1.184597835808307
32084,2026-01-08 12:10:40,A_HIGH_FREQ_HIGH_VOL,48,50.577597223206126,XGBoost+LogTransform,42.696006774902344,1.184597835808307
32085,2026-01-08 12:10:40,A_HIGH_FREQ_HIGH_VOL,48,29.175324188223996,XGBoost+LogTransform,24.62888526916504,1.184597835808307
34013,2026-01-08 12:10:40,A_HIGH_FREQ_HIGH_VOL,300,271.1780982531172,XGBoost+LogTransform,228.9199676513672,1.184597835808307
34014,2026-01-08 12:10:40,A_HIGH_FREQ_HIGH_VOL,100,200.93326860295744,XGBoost+LogTransform,169.6215057373047,1.184597835808307
34015,2026-01-08 12:10:40,A_HIGH_FREQ_HIGH_VOL,500,605.263843778531,XGBoost+LogTransform,510.944580078125,1.184597835808307
34016,2026-01-08 12:10:40,A_HIGH_FREQ_HIGH_VOL,700,776.5565896134526,XGBoost+LogTransform,655.5444946289062,1.184597835808307
34017,2026-01-08 12:10:40,A_HIGH_FREQ_HIGH_VOL,100,181.905322430245,XGBoost+LogTransform,153.5587158203125,1.184597835808307
34018,2026-01-08 12:10:40,A_HIGH_FREQ_HIGH_VOL,200,243.6850386485824,XGBoost+LogTransform,205.71119689941406,1.184597835808307
34403,2026-01-08 12:10:40,A_HIGH_FREQ_HIGH_VOL,200,111.67220572255357,XGBoost+LogTransform,94.2701416015625,1.184597835808307
34408,2026-01-08 12:10:40,A_HIGH_FREQ_HIGH_VOL,50,18.044140345251858,XGBoost+LogTransform,15.232292175292969,1.184597835808307
35574,2026-01-08 12:10:40,A_HIGH_FREQ_HIGH_VOL,500,345.5536380538521,XGBoost+LogTransform,291.7054443359375,1.184597835808307
35576,2026-01-08 12:10:40,A_HIGH_FREQ_HIGH_VOL,200,360.77504060411724,XGBoost+LogTransform,304.55487060546875,1.184597835808307
35580,2026-01-08 12:10:40,A_HIGH_FREQ_HIGH_VOL,200,283.3855510301531,XGBoost+LogTransform,239.22511291503906,1.184597835808307
35584,2026-01-08 12:10:40,A_HIGH_FREQ_HIGH_VOL,500,594.2726933142933,XGBoost+LogTransform,501.66619873046875,1.184597835808307
35585,2026-01-08 12:10:40,A_HIGH_FREQ_HIGH_VOL,200,361.4560542159018,XGBoost+LogTransform,305.1297607421875,1.184597835808307
35586,2026-01-08 12:10:40,A_HIGH_FREQ_HIGH_VOL,200,160.35632807098332,XGBoost+LogTransform,135.36773681640625,1.184597835808307
36155,2026-01-08 12:10:40,A_HIGH_FREQ_HIGH_VOL,24,22.35681910068254,XGBoost+LogTransform,18.8729190826416,1.184597835808307
32078,2026-01-08 12:10:40,B_HIGH_FREQ_LOW_VOL,30,24.30674611040703,XGBoost+LogTransform,20.518985748291016,1.184597835808307
32081,2026-01-08 12:10:40,B_HIGH_FREQ_LOW_VOL,30,18.952950804963894,XGBoost+LogTransform,15.999481201171875,1.184597835808307
32082,2026-01-08 12:10:40,B_HIGH_FREQ_LOW_VOL,27,22.769185170128534,XGBoost+LogTransform,19.221025466918945,1.184597835808307
32083,2026-01-08 12:10:40,B_HIGH_FREQ_LOW_VOL,12,6.400680208488312,XGBoost+LogTransform,5.403251647949219,1.184597835808307
36498,2026-01-08 12:10:40,B_HIGH_FREQ_LOW_VOL,24,19.865787588649415,XGBoost+LogTransform,16.770069122314453,1.184597835808307
36658,2026-01-08 12:10:40,B_HIGH_FREQ_LOW_VOL,18,22.784569704323516,XGBoost+LogTransform,19.234012603759766,1.184597835808307
38744,2026-01-08 12:10:40,B_HIGH_FREQ_LOW_VOL,18,35.70578669134585,XGBoost+LogTransform,30.141695022583008,1.184597835808307
35996,2026-01-08 12:10:40,C_MEDIUM_FREQ,100,86.47564201400641,Baseline_30day_Average,73.0,1.184597835808307
35997,2026-01-08 12:10:40,C_MEDIUM_FREQ,100,169.3974905205879,Baseline_30day_Average,143.0,1.184597835808307
35998,2026-01-08 12:10:40,C_MEDIUM_FREQ,100,123.19817492406392,Baseline_30day_Average,104.0,1.184597835808307
44046,2026-01-08 12:10:40,D_LOW_FREQ,160,90.64542639605165,Croston_Method,76.52,1.184597835808307
