source_floor,source_row,source_col,nearest_target,target_type,cost
1,0,1,EXH-000,exhibition,44
1,0,8,EXH-000,exhibition,37
1,0,10,EXH-000,exhibition,35
1,0,11,EXH-000,exhibition,34
1,0,13,EXH-000,exhibition,32
1,0,15,EXH-000,exhibition,30
1,0,16,EXH-000,exhibition,29
1,0,18,EXH-000,exhibition,27
1,0,19,EXH-000,exhibition,26
1,0,22,EXH-000,exhibition,23
1,0,23,EXH-000,exhibition,22
1,0,35,EXH-000,exhibition,17
1,0,36,EXH-000,exhibition,18
1,0,37,EXH-000,exhibition,19
1,0,39,EXH-000,exhibition,21
1,0,40,EXH-000,exhibition,22
1,0,42,EXH-000,exhibition,24
1,1,1,EXH-000,exhibition,43
1,1,2,EXH-000,exhibition,42
1,1,3,EXH-000,exhibition,41
1,1,4,EXH-000,exhibition,40
1,1,5,EXH-000,exhibition,39
1,1,6,EXH-000,exhibition,38
1,1,8,EXH-000,exhibition,36
1,1,10,EXH-000,exhibition,34
1,1,11,EXH-000,exhibition,33
1,1,13,EXH-000,exhibition,31
1,1,15,EXH-000,exhibition,29
1,1,16,EXH-000,exhibition,28
1,1,18,EXH-000,exhibition,26
1,1,19,EXH-000,exhibition,25
1,1,22,EXH-000,exhibition,22
1,1,23,EXH-000,exhibition,21
1,1,24,EXH-000,exhibition,20
1,1,25,EXH-000,exhibition,19
1,1,26,EXH-000,exhibition,18
1,1,27,EXH-000,exhibition,17
1,1,28,EXH-000,exhibition,16
1,1,29,EXH-000,exhibition,15
1,1,30,EXH-000,exhibition,15
1,1,31,EXH-000,exhibition,15
1,1,32,EXH-000,exhibition,15
1,1,35,EXH-000,exhibition,16
1,1,36,EXH-000,exhibition,17
1,1,37,EXH-000,exhibition,18
1,1,39,EXH-000,exhibition,20
1,1,40,EXH-000,exhibition,21
1,1,42,EXH-000,exhibition,23
1,2,1,EXH-000,exhibition,42
1,2,8,EXH-000,exhibition,35
1,2,10,EXH-000,exhibition,33
1,2,11,EXH-000,exhibition,32
1,2,13,EXH-000,exhibition,30
1,2,15,EXH-000,exhibition,28
1,2,16,EXH-000,exhibition,27
1,2,18,EXH-000,exhibition,25
1,2,19,EXH-000,exhibition,24
1,2,22,EXH-000,exhibition,21
1,2,23,EXH-000,exhibition,20
1,2,29,EXH-000,exhibition,14
1,2,30,EXH-000,exhibition,14
1,2,31,EXH-000,exhibition,14
1,2,32,EXH-000,exhibition,14
1,2,35,EXH-000,exhibition,15
1,2,36,EXH-000,exhibition,16
1,2,37,EXH-000,exhibition,17
1,2,39,EXH-000,exhibition,19
1,2,40,EXH-000,exhibition,20
1,2,42,EXH-000,exhibition,22
1,3,1,EXH-000,exhibition,41
1,3,8,EXH-000,exhibition,34
1,3,10,EXH-000,exhibition,32
1,3,11,EXH-000,exhibition,31
1,3,13,EXH-000,exhibition,29
1,3,15,EXH-000,exhibition,27
1,3,16,EXH-000,exhibition,26
1,3,18,EXH-000,exhibition,24
1,3,19,EXH-000,exhibition,23
1,3,22,EXH-000,exhibition,20
1,3,23,EXH-000,exhibition,19
1,3,29,EXH-000,exhibition,13
1,3,30,EXH-000,exhibition,13
1,3,31,EXH-000,exhibition,13
1,3,32,EXH-000,exhibition,13
1,3,36,EXH-000,exhibition,15
1,3,37,EXH-000,exhibition,16
1,3,39,EXH-000,exhibition,18
1,3,40,EXH-000,exhibition,19
1,3,42,EXH-000,exhibition,21
1,4,1,EXH-000,exhibition,40
1,4,8,EXH-000,exhibition,33
1,4,10,EXH-000,exhibition,31
1,4,11,EXH-000,exhibition,30
1,4,13,EXH-000,exhibition,28
1,4,15,EXH-000,exhibition,26
1,4,16,EXH-000,exhibition,25
1,4,18,EXH-000,exhibition,23
1,4,19,EXH-000,exhibition,22
1,4,22,EXH-000,exhibition,19
1,4,23,EXH-000,exhibition,18
1,4,36,EXH-000,exhibition,14
1,4,37,EXH-000,exhibition,15
1,4,39,EXH-000,exhibition,17
1,4,40,EXH-000,exhibition,18
1,4,42,EXH-000,exhibition,20
1,5,1,EXH-000,exhibition,40
1,5,8,EXH-000,exhibition,33
1,5,10,EXH-000,exhibition,31
1,5,11,EXH-000,exhibition,30
1,5,13,EXH-000,exhibition,28
1,5,15,EXH-000,exhibition,26
1,5,16,EXH-000,exhibition,25
1,5,18,EXH-000,exhibition,23
1,5,19,EXH-000,exhibition,22
1,5,22,EXH-000,exhibition,19
1,5,23,EXH-000,exhibition,18
1,5,36,EXH-000,exhibition,14
1,5,37,EXH-000,exhibition,15
1,5,39,EXH-000,exhibition,17
1,5,40,EXH-000,exhibition,18
1,5,42,EXH-000,exhibition,20
1,6,1,EXH-000,exhibition,41
1,6,8,EXH-000,exhibition,33
1,6,10,EXH-000,exhibition,31
1,6,11,EXH-000,exhibition,30
1,6,13,EXH-000,exhibition,28
1,6,15,EXH-000,exhibition,26
1,6,16,EXH-000,exhibition,25
1,6,18,EXH-000,exhibition,23
1,6,19,EXH-000,exhibition,22
1,6,22,EXH-000,exhibition,19
1,6,23,EXH-000,exhibition,18
1,6,36,EXH-000,exhibition,14
1,6,37,EXH-000,exhibition,15
1,6,39,EXH-000,exhibition,17
1,6,40,EXH-000,exhibition,18
1,6,42,EXH-000,exhibition,20
1,7,1,EXH-000,exhibition,42
1,7,8,EXH-000,exhibition,33
1,7,10,EXH-000,exhibition,31
1,7,11,EXH-000,exhibition,30
1,7,13,EXH-000,exhibition,28
1,7,15,EXH-000,exhibition,26
1,7,16,EXH-000,exhibition,25
1,7,18,EXH-000,exhibition,23
1,7,19,EXH-000,exhibition,22
1,7,22,EXH-000,exhibition,19
1,7,23,EXH-000,exhibition,18
1,7,36,EXH-000,exhibition,14
1,7,37,EXH-000,exhibition,15
1,7,39,EXH-000,exhibition,17
1,7,40,EXH-000,exhibition,18
1,7,42,EXH-000,exhibition,20
1,8,1,EXH-000,exhibition,42
1,8,8,EXH-000,exhibition,34
1,8,10,EXH-000,exhibition,32
1,8,11,EXH-000,exhibition,31
1,8,13,EXH-000,exhibition,29
1,8,15,EXH-000,exhibition,27
1,8,16,EXH-000,exhibition,26
1,8,18,EXH-000,exhibition,24
1,8,19,EXH-000,exhibition,23
1,8,22,EXH-000,exhibition,20
1,8,23,EXH-000,exhibition,19
1,8,36,EXH-000,exhibition,14
1,8,37,EXH-000,exhibition,15
1,8,39,EXH-000,exhibition,17
1,8,40,EXH-000,exhibition,18
1,8,42,EXH-000,exhibition,21
1,11,1,EXH-000,exhibition,43
1,11,3,EXH-000,exhibition,41
1,11,4,EXH-000,exhibition,40
1,11,6,EXH-000,exhibition,38
1,11,8,EXH-000,exhibition,36
1,11,9,EXH-000,exhibition,35
1,11,11,EXH-000,exhibition,33
1,11,12,EXH-000,exhibition,32
1,11,14,EXH-000,exhibition,30
1,11,16,EXH-000,exhibition,28
1,11,17,EXH-000,exhibition,27
1,11,19,EXH-000,exhibition,25
1,11,20,EXH-000,exhibition,24
1,11,22,EXH-000,exhibition,22
1,11,24,EXH-000,exhibition,20
1,11,25,EXH-000,exhibition,19
1,11,27,EXH-000,exhibition,17
1,11,28,EXH-000,exhibition,16
1,11,30,EXH-000,exhibition,15
1,11,32,EXH-000,exhibition,15
1,11,33,EXH-000,exhibition,15
1,11,35,EXH-000,exhibition,16
1,11,36,EXH-000,exhibition,17
1,11,38,EXH-000,exhibition,19
1,11,39,EXH-000,exhibition,20
1,11,41,EXH-000,exhibition,22
1,11,42,EXH-000,exhibition,23
1,11,44,EXH-000,exhibition,25
1,12,1,EXH-000,exhibition,44
1,12,3,EXH-000,exhibition,42
1,12,4,EXH-000,exhibition,41
1,12,6,EXH-000,exhibition,39
1,12,8,EXH-000,exhibition,37
1,12,9,EXH-000,exhibition,36
1,12,11,EXH-000,exhibition,34
1,12,12,EXH-000,exhibition,33
1,12,14,EXH-000,exhibition,31
1,12,16,EXH-000,exhibition,29
1,12,17,EXH-000,exhibition,28
1,12,19,EXH-000,exhibition,26
1,12,20,EXH-000,exhibition,25
1,12,22,EXH-000,exhibition,23
1,12,24,EXH-000,exhibition,21
1,12,25,EXH-000,exhibition,20
1,12,27,EXH-000,exhibition,18
1,12,28,EXH-000,exhibition,17
1,12,30,EXH-000,exhibition,16
1,12,32,EXH-000,exhibition,16
1,12,33,EXH-000,exhibition,16
1,12,35,EXH-000,exhibition,17
1,12,36,EXH-000,exhibition,18
1,12,38,EXH-000,exhibition,20
1,12,39,EXH-000,exhibition,21
1,12,41,EXH-000,exhibition,23
1,12,42,EXH-000,exhibition,24
1,12,44,EXH-000,exhibition,26
1,13,1,EXH-000,exhibition,45
1,13,3,EXH-000,exhibition,43
1,13,4,EXH-000,exhibition,42
1,13,6,EXH-000,exhibition,40
1,13,8,EXH-000,exhibition,38
1,13,9,EXH-000,exhibition,37
1,13,11,EXH-000,exhibition,35
1,13,12,EXH-000,exhibition,34
1,13,14,EXH-000,exhibition,32
1,13,16,EXH-000,exhibition,30
1,13,17,EXH-000,exhibition,29
1,13,19,EXH-000,exhibition,27
1,13,20,EXH-000,exhibition,26
1,13,22,EXH-000,exhibition,24
1,13,24,EXH-000,exhibition,22
1,13,25,EXH-000,exhibition,21
1,13,27,EXH-000,exhibition,19
1,13,28,EXH-000,exhibition,18
1,13,30,EXH-000,exhibition,17
1,13,32,EXH-000,exhibition,17
1,13,33,EXH-000,exhibition,17
1,13,35,EXH-000,exhibition,18
1,13,36,EXH-000,exhibition,19
1,13,38,EXH-000,exhibition,21
1,13,39,EXH-000,exhibition,22
1,13,41,EXH-000,exhibition,24
1,13,42,EXH-000,exhibition,25
1,13,44,EXH-000,exhibition,27
1,14,1,EXH-000,exhibition,46
1,14,3,EXH-000,exhibition,44
1,14,4,EXH-000,exhibition,43
1,14,6,EXH-000,exhibition,41
1,14,8,EXH-000,exhibition,39
1,14,9,EXH-000,exhibition,38
1,14,11,EXH-000,exhibition,36
1,14,12,EXH-000,exhibition,35
1,14,14,EXH-000,exhibition,33
1,14,16,EXH-000,exhibition,31
1,14,17,EXH-000,exhibition,30
1,14,19,EXH-000,exhibition,28
1,14,20,EXH-000,exhibition,27
1,14,22,EXH-000,exhibition,25
1,14,24,EXH-000,exhibition,23
1,14,25,EXH-000,exhibition,22
1,14,27,EXH-000,exhibition,20
1,14,28,EXH-000,exhibition,19
1,14,30,EXH-000,exhibition,18
1,14,32,EXH-000,exhibition,18
1,14,33,EXH-000,exhibition,18
1,14,35,EXH-000,exhibition,19
1,14,36,EXH-000,exhibition,20
1,14,38,EXH-000,exhibition,22
1,14,39,EXH-000,exhibition,23
1,14,41,EXH-000,exhibition,25
1,14,42,EXH-000,exhibition,26
1,14,44,EXH-000,exhibition,28
1,15,1,EXH-000,exhibition,47
1,15,3,EXH-000,exhibition,45
1,15,4,EXH-000,exhibition,44
1,15,6,EXH-000,exhibition,42
1,15,8,EXH-000,exhibition,40
1,15,9,EXH-000,exhibition,39
1,15,11,EXH-000,exhibition,37
1,15,12,EXH-000,exhibition,36
1,15,14,EXH-000,exhibition,34
1,15,16,EXH-000,exhibition,32
1,15,17,EXH-000,exhibition,31
1,15,19,EXH-000,exhibition,29
1,15,20,EXH-000,exhibition,28
1,15,22,EXH-000,exhibition,26
1,15,24,EXH-000,exhibition,24
1,15,25,EXH-000,exhibition,23
1,15,27,EXH-000,exhibition,21
1,15,28,EXH-000,exhibition,20
1,15,30,EXH-000,exhibition,19
1,15,32,EXH-000,exhibition,19
1,15,33,EXH-000,exhibition,19
1,15,35,EXH-000,exhibition,20
1,15,36,EXH-000,exhibition,21
1,15,38,EXH-000,exhibition,23
1,15,39,EXH-000,exhibition,24
1,15,41,EXH-000,exhibition,26
1,15,42,EXH-000,exhibition,27
1,15,44,EXH-000,exhibition,29
1,16,1,EXH-000,exhibition,48
1,16,3,EXH-000,exhibition,46
1,16,4,EXH-000,exhibition,45
1,16,6,EXH-000,exhibition,43
1,16,8,EXH-000,exhibition,41
1,16,9,EXH-000,exhibition,40
1,16,11,EXH-000,exhibition,38
1,16,12,EXH-000,exhibition,37
1,16,14,EXH-000,exhibition,35
1,16,16,EXH-000,exhibition,33
1,16,17,EXH-000,exhibition,32
1,16,19,EXH-000,exhibition,30
1,16,20,EXH-000,exhibition,29
1,16,22,EXH-000,exhibition,27
1,16,24,EXH-000,exhibition,25
1,16,25,EXH-000,exhibition,24
1,16,27,EXH-000,exhibition,22
1,16,28,EXH-000,exhibition,21
1,16,30,EXH-000,exhibition,20
1,16,32,EXH-000,exhibition,20
1,16,33,EXH-000,exhibition,20
1,16,35,EXH-000,exhibition,21
1,16,36,EXH-000,exhibition,22
1,16,38,EXH-000,exhibition,24
1,16,39,EXH-000,exhibition,25
1,16,41,EXH-000,exhibition,27
1,16,42,EXH-000,exhibition,28
1,16,44,EXH-000,exhibition,30
1,17,1,EXH-000,exhibition,49
1,17,3,EXH-000,exhibition,47
1,17,4,EXH-000,exhibition,46
1,17,6,EXH-000,exhibition,44
1,17,8,EXH-000,exhibition,42
1,17,9,EXH-000,exhibition,41
1,17,11,EXH-000,exhibition,39
1,17,12,EXH-000,exhibition,38
1,17,14,EXH-000,exhibition,36
1,17,16,EXH-000,exhibition,34
1,17,17,EXH-000,exhibition,33
1,17,19,EXH-000,exhibition,31
1,17,20,EXH-000,exhibition,30
1,17,22,EXH-000,exhibition,28
1,17,24,EXH-000,exhibition,26
1,17,25,EXH-000,exhibition,25
1,17,27,EXH-000,exhibition,23
1,17,28,EXH-000,exhibition,22
1,17,30,EXH-000,exhibition,21
1,17,32,EXH-000,exhibition,21
1,17,33,EXH-000,exhibition,21
1,17,35,EXH-000,exhibition,22
1,17,36,EXH-000,exhibition,23
1,17,38,EXH-000,exhibition,25
1,17,39,EXH-000,exhibition,26
1,17,41,EXH-000,exhibition,28
1,17,42,EXH-000,exhibition,29
1,17,44,EXH-000,exhibition,31
1,18,1,EXH-000,exhibition,50
1,18,3,EXH-000,exhibition,48
1,18,4,EXH-000,exhibition,47
1,18,6,EXH-000,exhibition,45
1,18,8,EXH-000,exhibition,43
1,18,9,EXH-000,exhibition,42
1,18,11,EXH-000,exhibition,40
1,18,12,EXH-000,exhibition,39
1,18,14,EXH-000,exhibition,37
1,18,16,EXH-000,exhibition,35
1,18,17,EXH-000,exhibition,34
1,18,19,EXH-000,exhibition,32
1,18,20,EXH-000,exhibition,31
1,18,22,EXH-000,exhibition,29
1,18,24,EXH-000,exhibition,27
1,18,25,EXH-000,exhibition,26
1,18,27,EXH-000,exhibition,24
1,18,28,EXH-000,exhibition,23
1,18,30,EXH-000,exhibition,22
1,18,32,EXH-000,exhibition,22
1,18,33,EXH-000,exhibition,22
1,18,35,EXH-000,exhibition,23
1,18,36,EXH-000,exhibition,24
1,18,38,EXH-000,exhibition,26
1,18,39,EXH-000,exhibition,27
1,18,41,EXH-000,exhibition,29
1,18,42,EXH-000,exhibition,30
1,18,44,EXH-000,exhibition,32
1,22,1,EXH-000,exhibition,54
1,22,3,EXH-000,exhibition,52
1,22,4,EXH-000,exhibition,51
1,22,6,EXH-000,exhibition,49
1,22,8,EXH-000,exhibition,47
1,22,9,EXH-000,exhibition,46
1,22,11,EXH-000,exhibition,44
1,22,12,EXH-000,exhibition,43
1,22,14,EXH-000,exhibition,41
1,22,16,EXH-000,exhibition,39
1,22,17,EXH-000,exhibition,38
1,22,19,EXH-000,exhibition,36
1,22,20,EXH-000,exhibition,35
1,22,22,EXH-000,exhibition,33
1,22,24,EXH-000,exhibition,31
1,22,25,EXH-000,exhibition,30
1,22,27,EXH-000,exhibition,28
1,22,28,EXH-000,exhibition,27
1,22,30,EXH-000,exhibition,26
1,22,32,EXH-000,exhibition,26
1,22,33,EXH-000,exhibition,26
1,22,35,EXH-000,exhibition,27
1,22,36,EXH-000,exhibition,28
1,22,38,EXH-000,exhibition,30
1,22,39,EXH-000,exhibition,31
1,22,41,EXH-000,exhibition,33
1,22,42,EXH-000,exhibition,34
1,22,44,EXH-000,exhibition,36
1,23,1,EXH-000,exhibition,55
1,23,3,EXH-000,exhibition,53
1,23,4,EXH-000,exhibition,52
1,23,6,EXH-000,exhibition,50
1,23,8,EXH-000,exhibition,48
1,23,9,EXH-000,exhibition,47
1,23,11,EXH-000,exhibition,45
1,23,12,EXH-000,exhibition,44
1,23,14,EXH-000,exhibition,42
1,23,16,EXH-000,exhibition,40
1,23,17,EXH-000,exhibition,39
1,23,19,EXH-000,exhibition,37
1,23,20,EXH-000,exhibition,36
1,23,22,EXH-000,exhibition,34
1,23,24,EXH-000,exhibition,32
1,23,25,EXH-000,exhibition,31
1,23,27,EXH-000,exhibition,29
1,23,28,EXH-000,exhibition,28
1,23,30,EXH-000,exhibition,27
1,23,32,EXH-000,exhibition,27
1,23,33,EXH-000,exhibition,27
1,23,35,EXH-000,exhibition,28
1,23,36,EXH-000,exhibition,29
1,23,38,EXH-000,exhibition,31
1,23,39,EXH-000,exhibition,32
1,23,41,EXH-000,exhibition,34
1,23,42,EXH-000,exhibition,35
1,23,44,EXH-000,exhibition,37
1,24,1,EXH-000,exhibition,56
1,24,3,EXH-000,exhibition,54
1,24,4,EXH-000,exhibition,53
1,24,6,EXH-000,exhibition,51
1,24,8,EXH-000,exhibition,49
1,24,9,EXH-000,exhibition,48
1,24,11,EXH-000,exhibition,46
1,24,12,EXH-000,exhibition,45
1,24,14,EXH-000,exhibition,43
1,24,16,EXH-000,exhibition,41
1,24,17,EXH-000,exhibition,40
1,24,19,EXH-000,exhibition,38
1,24,20,EXH-000,exhibition,37
1,24,22,EXH-000,exhibition,35
1,24,24,EXH-000,exhibition,33
1,24,25,EXH-000,exhibition,32
1,24,27,EXH-000,exhibition,30
1,24,28,EXH-000,exhibition,29
1,24,30,EXH-000,exhibition,28
1,24,32,EXH-000,exhibition,28
1,24,33,EXH-000,exhibition,28
1,24,35,EXH-000,exhibition,29
1,24,36,EXH-000,exhibition,30
1,24,38,EXH-000,exhibition,32
1,24,39,EXH-000,exhibition,33
1,24,41,EXH-000,exhibition,35
1,24,42,EXH-000,exhibition,36
1,24,44,EXH-000,exhibition,38
1,25,1,EXH-000,exhibition,57
1,25,3,EXH-000,exhibition,55
1,25,4,EXH-000,exhibition,54
1,25,6,EXH-000,exhibition,52
1,25,8,EXH-000,exhibition,50
1,25,9,EXH-000,exhibition,49
1,25,11,EXH-000,exhibition,47
1,25,12,EXH-000,exhibition,46
1,25,14,EXH-000,exhibition,44
1,25,16,EXH-000,exhibition,42
1,25,17,EXH-000,exhibition,41
1,25,19,EXH-000,exhibition,39
1,25,20,EXH-000,exhibition,38
1,25,22,EXH-000,exhibition,36
1,25,24,EXH-000,exhibition,34
1,25,25,EXH-000,exhibition,33
1,25,27,EXH-000,exhibition,31
1,25,28,EXH-000,exhibition,30
1,25,30,EXH-000,exhibition,29
1,25,32,EXH-000,exhibition,29
1,25,33,EXH-000,exhibition,29
1,25,35,EXH-000,exhibition,30
1,25,36,EXH-000,exhibition,31
1,25,38,EXH-000,exhibition,33
1,25,39,EXH-000,exhibition,34
1,25,41,EXH-000,exhibition,36
1,25,42,EXH-000,exhibition,37
1,25,44,EXH-000,exhibition,39
1,26,1,EXH-000,exhibition,58
1,26,3,EXH-000,exhibition,56
1,26,4,EXH-000,exhibition,55
1,26,6,EXH-000,exhibition,53
1,26,8,EXH-000,exhibition,51
1,26,9,EXH-000,exhibition,50
1,26,11,EXH-000,exhibition,48
1,26,12,EXH-000,exhibition,47
1,26,14,EXH-000,exhibition,45
1,26,16,EXH-000,exhibition,43
1,26,17,EXH-000,exhibition,42
1,26,19,EXH-000,exhibition,40
1,26,20,EXH-000,exhibition,39
1,26,22,EXH-000,exhibition,37
1,26,24,EXH-000,exhibition,35
1,26,25,EXH-000,exhibition,34
1,26,27,EXH-000,exhibition,32
1,26,28,EXH-000,exhibition,31
1,26,30,EXH-000,exhibition,30
1,26,32,EXH-000,exhibition,30
1,26,33,EXH-000,exhibition,30
1,26,35,EXH-000,exhibition,31
1,26,36,EXH-000,exhibition,32
1,26,38,EXH-000,exhibition,34
1,26,39,EXH-000,exhibition,35
1,26,41,EXH-000,exhibition,37
1,26,42,EXH-000,exhibition,38
1,26,44,EXH-000,exhibition,40
1,27,1,EXH-000,exhibition,59
1,27,3,EXH-000,exhibition,57
1,27,4,EXH-000,exhibition,56
1,27,6,EXH-000,exhibition,54
1,27,8,EXH-000,exhibition,52
1,27,9,EXH-000,exhibition,51
1,27,11,EXH-000,exhibition,49
1,27,12,EXH-000,exhibition,48
1,27,14,EXH-000,exhibition,46
1,27,16,EXH-000,exhibition,44
1,27,17,EXH-000,exhibition,43
1,27,19,EXH-000,exhibition,41
1,27,20,EXH-000,exhibition,40
1,27,22,EXH-000,exhibition,38
1,27,24,EXH-000,exhibition,36
1,27,25,EXH-000,exhibition,35
1,27,27,EXH-000,exhibition,33
1,27,28,EXH-000,exhibition,32
1,27,30,EXH-000,exhibition,31
1,27,32,EXH-000,exhibition,31
1,27,33,EXH-000,exhibition,31
1,27,35,EXH-000,exhibition,32
1,27,36,EXH-000,exhibition,33
1,27,38,EXH-000,exhibition,35
1,27,39,EXH-000,exhibition,36
1,27,41,EXH-000,exhibition,38
1,27,42,EXH-000,exhibition,39
1,27,44,EXH-000,exhibition,41
1,28,1,EXH-000,exhibition,60
1,28,3,EXH-000,exhibition,58
1,28,4,EXH-000,exhibition,57
1,28,6,EXH-000,exhibition,55
1,28,8,EXH-000,exhibition,53
1,28,9,EXH-000,exhibition,52
1,28,11,EXH-000,exhibition,50
1,28,12,EXH-000,exhibition,49
1,28,14,EXH-000,exhibition,47
1,28,16,EXH-000,exhibition,45
1,28,17,EXH-000,exhibition,44
1,28,19,EXH-000,exhibition,42
1,28,20,EXH-000,exhibition,41
1,28,22,EXH-000,exhibition,39
1,28,24,EXH-000,exhibition,37
1,28,25,EXH-000,exhibition,36
1,28,27,EXH-000,exhibition,34
1,28,28,EXH-000,exhibition,33
1,28,30,EXH-000,exhibition,32
1,28,32,EXH-000,exhibition,32
1,28,33,EXH-000,exhibition,32
1,28,35,EXH-000,exhibition,33
1,28,36,EXH-000,exhibition,34
1,28,38,EXH-000,exhibition,36
1,28,39,EXH-000,exhibition,37
1,28,41,EXH-000,exhibition,39
1,28,42,EXH-000,exhibition,40
1,28,44,EXH-000,exhibition,42
1,29,1,EXH-000,exhibition,61
1,29,3,EXH-000,exhibition,59
1,29,4,EXH-000,exhibition,58
1,29,6,EXH-000,exhibition,56
1,29,8,EXH-000,exhibition,54
1,29,9,EXH-000,exhibition,53
1,29,11,EXH-000,exhibition,51
1,29,12,EXH-000,exhibition,50
1,29,14,EXH-000,exhibition,48
1,29,16,EXH-000,exhibition,46
1,29,17,EXH-000,exhibition,45
1,29,19,EXH-000,exhibition,43
1,29,20,EXH-000,exhibition,42
1,29,22,EXH-000,exhibition,40
1,29,24,EXH-000,exhibition,38
1,29,25,EXH-000,exhibition,37
1,29,27,EXH-000,exhibition,35
1,29,28,EXH-000,exhibition,34
1,29,30,EXH-000,exhibition,33
1,29,32,EXH-000,exhibition,33
1,29,33,EXH-000,exhibition,33
1,29,35,EXH-000,exhibition,34
1,29,36,EXH-000,exhibition,35
1,29,38,EXH-000,exhibition,37
1,29,39,EXH-000,exhibition,38
1,29,41,EXH-000,exhibition,40
1,29,42,EXH-000,exhibition,41
1,29,44,EXH-000,exhibition,43
2,0,1,EXH-000,exhibition,54
2,0,8,EXH-000,exhibition,47
2,0,10,EXH-000,exhibition,45
2,0,11,EXH-000,exhibition,44
2,0,13,EXH-000,exhibition,42
2,0,15,EXH-000,exhibition,40
2,0,16,EXH-000,exhibition,39
2,0,18,EXH-000,exhibition,37
2,0,19,EXH-000,exhibition,36
2,0,22,EXH-000,exhibition,33
2,0,23,EXH-000,exhibition,32
2,0,35,EXH-000,exhibition,27
2,0,36,EXH-000,exhibition,28
2,0,37,EXH-000,exhibition,29
2,0,39,EXH-000,exhibition,31
2,0,40,EXH-000,exhibition,32
2,0,42,EXH-000,exhibition,34
2,1,1,EXH-000,exhibition,53
2,1,2,EXH-000,exhibition,52
2,1,3,EXH-000,exhibition,51
2,1,4,EXH-000,exhibition,50
2,1,5,EXH-000,exhibition,49
2,1,6,EXH-000,exhibition,48
2,1,8,EXH-000,exhibition,46
2,1,10,EXH-000,exhibition,44
2,1,11,EXH-000,exhibition,43
2,1,13,EXH-000,exhibition,41
2,1,15,EXH-000,exhibition,39
2,1,16,EXH-000,exhibition,38
2,1,18,EXH-000,exhibition,36
2,1,19,EXH-000,exhibition,35
2,1,22,EXH-000,exhibition,32
2,1,23,EXH-000,exhibition,31
2,1,24,EXH-000,exhibition,30
2,1,25,EXH-000,exhibition,29
2,1,26,EXH-000,exhibition,28
2,1,27,EXH-000,exhibition,27
2,1,28,EXH-000,exhibition,26
2,1,29,EXH-000,exhibition,25
2,1,30,EXH-000,exhibition,25
2,1,31,EXH-000,exhibition,25
2,1,32,EXH-000,exhibition,25
2,1,35,EXH-000,exhibition,26
2,1,36,EXH-000,exhibition,27
2,1,37,EXH-000,exhibition,28
2,1,39,EXH-000,exhibition,30
2,1,40,EXH-000,exhibition,31
2,1,42,EXH-000,exhibition,33
2,2,1,EXH-000,exhibition,52
2,2,8,EXH-000,exhibition,45
2,2,10,EXH-000,exhibition,43
2,2,11,EXH-000,exhibition,42
2,2,13,EXH-000,exhibition,40
2,2,15,EXH-000,exhibition,38
2,2,16,EXH-000,exhibition,37
2,2,18,EXH-000,exhibition,35
2,2,19,EXH-000,exhibition,34
2,2,22,EXH-000,exhibition,31
2,2,23,EXH-000,exhibition,30
2,2,29,EXH-000,exhibition,24
2,2,30,EXH-000,exhibition,24
2,2,31,EXH-000,exhibition,24
2,2,32,EXH-000,exhibition,24
2,2,35,EXH-000,exhibition,25
2,2,36,EXH-000,exhibition,26
2,2,37,EXH-000,exhibition,27
2,2,39,EXH-000,exhibition,29
2,2,40,EXH-000,exhibition,30
2,2,42,EXH-000,exhibition,32
2,3,1,EXH-000,exhibition,51
2,3,8,EXH-000,exhibition,44
2,3,10,EXH-000,exhibition,42
2,3,11,EXH-000,exhibition,41
2,3,13,EXH-000,exhibition,39
2,3,15,EXH-000,exhibition,37
2,3,16,EXH-000,exhibition,36
2,3,18,EXH-000,exhibition,34
2,3,19,EXH-000,exhibition,33
2,3,22,EXH-000,exhibition,30
2,3,23,EXH-000,exhibition,29
2,3,29,EXH-000,exhibition,23
2,3,30,EXH-000,exhibition,23
2,3,31,EXH-000,exhibition,23
2,3,32,EXH-000,exhibition,23
2,3,36,EXH-000,exhibition,25
2,3,37,EXH-000,exhibition,26
2,3,39,EXH-000,exhibition,28
2,3,40,EXH-000,exhibition,29
2,3,42,EXH-000,exhibition,31
2,4,1,EXH-000,exhibition,50
2,4,8,EXH-000,exhibition,43
2,4,10,EXH-000,exhibition,41
2,4,11,EXH-000,exhibition,40
2,4,13,EXH-000,exhibition,38
2,4,15,EXH-000,exhibition,36
2,4,16,EXH-000,exhibition,35
2,4,18,EXH-000,exhibition,33
2,4,19,EXH-000,exhibition,32
2,4,22,EXH-000,exhibition,29
2,4,23,EXH-000,exhibition,28
2,4,36,EXH-000,exhibition,24
2,4,37,EXH-000,exhibition,25
2,4,39,EXH-000,exhibition,27
2,4,40,EXH-000,exhibition,28
2,4,42,EXH-000,exhibition,30
2,5,1,EXH-000,exhibition,50
2,5,8,EXH-000,exhibition,43
2,5,10,EXH-000,exhibition,41
2,5,11,EXH-000,exhibition,40
2,5,13,EXH-000,exhibition,38
2,5,15,EXH-000,exhibition,36
2,5,16,EXH-000,exhibition,35
2,5,18,EXH-000,exhibition,33
2,5,19,EXH-000,exhibition,32
2,5,22,EXH-000,exhibition,29
2,5,23,EXH-000,exhibition,28
2,5,36,EXH-000,exhibition,24
2,5,37,EXH-000,exhibition,25
2,5,39,EXH-000,exhibition,27
2,5,40,EXH-000,exhibition,28
2,5,42,EXH-000,exhibition,30
2,6,1,EXH-000,exhibition,51
2,6,8,EXH-000,exhibition,43
2,6,10,EXH-000,exhibition,41
2,6,11,EXH-000,exhibition,40
2,6,13,EXH-000,exhibition,38
2,6,15,EXH-000,exhibition,36
2,6,16,EXH-000,exhibition,35
2,6,18,EXH-000,exhibition,33
2,6,19,EXH-000,exhibition,32
2,6,22,EXH-000,exhibition,29
2,6,23,EXH-000,exhibition,28
2,6,36,EXH-000,exhibition,24
2,6,37,EXH-000,exhibition,25
2,6,39,EXH-000,exhibition,27
2,6,40,EXH-000,exhibition,28
2,6,42,EXH-000,exhibition,30
2,7,1,EXH-000,exhibition,52
2,7,8,EXH-000,exhibition,43
2,7,10,EXH-000,exhibition,41
2,7,11,EXH-000,exhibition,40
2,7,13,EXH-000,exhibition,38
2,7,15,EXH-000,exhibition,36
2,7,16,EXH-000,exhibition,35
2,7,18,EXH-000,exhibition,33
2,7,19,EXH-000,exhibition,32
2,7,22,EXH-000,exhibition,29
2,7,23,EXH-000,exhibition,28
2,7,36,EXH-000,exhibition,24
2,7,37,EXH-000,exhibition,25
2,7,39,EXH-000,exhibition,27
2,7,40,EXH-000,exhibition,28
2,7,42,EXH-000,exhibition,30
2,8,1,EXH-000,exhibition,52
2,8,8,EXH-000,exhibition,44
2,8,10,EXH-000,exhibition,42
2,8,11,EXH-000,exhibition,41
2,8,13,EXH-000,exhibition,39
2,8,15,EXH-000,exhibition,37
2,8,16,EXH-000,exhibition,36
2,8,18,EXH-000,exhibition,34
2,8,19,EXH-000,exhibition,33
2,8,22,EXH-000,exhibition,30
2,8,23,EXH-000,exhibition,29
2,8,36,EXH-000,exhibition,24
2,8,37,EXH-000,exhibition,25
2,8,39,EXH-000,exhibition,27
2,8,40,EXH-000,exhibition,28
2,8,42,EXH-000,exhibition,31
2,11,1,EXH-000,exhibition,53
2,11,3,EXH-000,exhibition,51
2,11,4,EXH-000,exhibition,50
2,11,6,EXH-000,exhibition,48
2,11,8,EXH-000,exhibition,46
2,11,9,EXH-000,exhibition,45
2,11,11,EXH-000,exhibition,43
2,11,12,EXH-000,exhibition,42
2,11,14,EXH-000,exhibition,40
2,11,16,EXH-000,exhibition,38
2,11,17,EXH-000,exhibition,37
2,11,19,EXH-000,exhibition,35
2,11,20,EXH-000,exhibition,34
2,11,22,EXH-000,exhibition,32
2,11,24,EXH-000,exhibition,30
2,11,25,EXH-000,exhibition,29
2,11,27,EXH-000,exhibition,27
2,11,28,EXH-000,exhibition,26
2,11,30,EXH-000,exhibition,25
2,11,32,EXH-000,exhibition,25
2,11,33,EXH-000,exhibition,25
2,11,35,EXH-000,exhibition,26
2,11,36,EXH-000,exhibition,27
2,11,38,EXH-000,exhibition,29
2,11,39,EXH-000,exhibition,30
2,11,41,EXH-000,exhibition,32
2,11,42,EXH-000,exhibition,33
2,11,44,EXH-000,exhibition,35
2,12,1,EXH-000,exhibition,54
2,12,3,EXH-000,exhibition,52
2,12,4,EXH-000,exhibition,51
2,12,6,EXH-000,exhibition,49
2,12,8,EXH-000,exhibition,47
2,12,9,EXH-000,exhibition,46
2,12,11,EXH-000,exhibition,44
2,12,12,EXH-000,exhibition,43
2,12,14,EXH-000,exhibition,41
2,12,16,EXH-000,exhibition,39
2,12,17,EXH-000,exhibition,38
2,12,19,EXH-000,exhibition,36
2,12,20,EXH-000,exhibition,35
2,12,22,EXH-000,exhibition,33
2,12,24,EXH-000,exhibition,31
2,12,25,EXH-000,exhibition,30
2,12,27,EXH-000,exhibition,28
2,12,28,EXH-000,exhibition,27
2,12,30,EXH-000,exhibition,26
2,12,32,EXH-000,exhibition,26
2,12,33,EXH-000,exhibition,26
2,12,35,EXH-000,exhibition,27
2,12,36,EXH-000,exhibition,28
2,12,38,EXH-000,exhibition,30
2,12,39,EXH-000,exhibition,31
2,12,41,EXH-000,exhibition,33
2,12,42,EXH-000,exhibition,34
2,12,44,EXH-000,exhibition,36
2,13,1,EXH-000,exhibition,55
2,13,3,EXH-000,exhibition,53
2,13,4,EXH-000,exhibition,52
2,13,6,EXH-000,exhibition,50
2,13,8,EXH-000,exhibition,48
2,13,9,EXH-000,exhibition,47
2,13,11,EXH-000,exhibition,45
2,13,12,EXH-000,exhibition,44
2,13,14,EXH-000,exhibition,42
2,13,16,EXH-000,exhibition,40
2,13,17,EXH-000,exhibition,39
2,13,19,EXH-000,exhibition,37
2,13,20,EXH-000,exhibition,36
2,13,22,EXH-000,exhibition,34
2,13,24,EXH-000,exhibition,32
2,13,25,EXH-000,exhibition,31
2,13,27,EXH-000,exhibition,29
2,13,28,EXH-000,exhibition,28
2,13,30,EXH-000,exhibition,27
2,13,32,EXH-000,exhibition,27
2,13,33,EXH-000,exhibition,27
2,13,35,EXH-000,exhibition,28
2,13,36,EXH-000,exhibition,29
2,13,38,EXH-000,exhibition,31
2,13,39,EXH-000,exhibition,32
2,13,41,EXH-000,exhibition,34
2,13,42,EXH-000,exhibition,35
2,13,44,EXH-000,exhibition,37
2,14,1,EXH-000,exhibition,56
2,14,3,EXH-000,exhibition,54
2,14,4,EXH-000,exhibition,53
2,14,6,EXH-000,exhibition,51
2,14,8,EXH-000,exhibition,49
2,14,9,EXH-000,exhibition,48
2,14,11,EXH-000,exhibition,46
2,14,12,EXH-000,exhibition,45
2,14,14,EXH-000,exhibition,43
2,14,16,EXH-000,exhibition,41
2,14,17,EXH-000,exhibition,40
2,14,19,EXH-000,exhibition,38
2,14,20,EXH-000,exhibition,37
2,14,22,EXH-000,exhibition,35
2,14,24,EXH-000,exhibition,33
2,14,25,EXH-000,exhibition,32
2,14,27,EXH-000,exhibition,30
2,14,28,EXH-000,exhibition,29
2,14,30,EXH-000,exhibition,28
2,14,32,EXH-000,exhibition,28
2,14,33,EXH-000,exhibition,28
2,14,35,EXH-000,exhibition,29
2,14,36,EXH-000,exhibition,30
2,14,38,EXH-000,exhibition,32
2,14,39,EXH-000,exhibition,33
2,14,41,EXH-000,exhibition,35
2,14,42,EXH-000,exhibition,36
2,14,44,EXH-000,exhibition,38
2,15,1,EXH-000,exhibition,57
2,15,3,EXH-000,exhibition,55
2,15,4,EXH-000,exhibition,54
2,15,6,EXH-000,exhibition,52
2,15,8,EXH-000,exhibition,50
2,15,9,EXH-000,exhibition,49
2,15,11,EXH-000,exhibition,47
2,15,12,EXH-000,exhibition,46
2,15,14,EXH-000,exhibition,44
2,15,16,EXH-000,exhibition,42
2,15,17,EXH-000,exhibition,41
2,15,19,EXH-000,exhibition,39
2,15,20,EXH-000,exhibition,38
2,15,22,EXH-000,exhibition,36
2,15,24,EXH-000,exhibition,34
2,15,25,EXH-000,exhibition,33
2,15,27,EXH-000,exhibition,31
2,15,28,EXH-000,exhibition,30
2,15,30,EXH-000,exhibition,29
2,15,32,EXH-000,exhibition,29
2,15,33,EXH-000,exhibition,29
2,15,35,EXH-000,exhibition,30
2,15,36,EXH-000,exhibition,31
2,15,38,EXH-000,exhibition,33
2,15,39,EXH-000,exhibition,34
2,15,41,EXH-000,exhibition,36
2,15,42,EXH-000,exhibition,37
2,15,44,EXH-000,exhibition,39
2,16,1,EXH-000,exhibition,58
2,16,3,EXH-000,exhibition,56
2,16,4,EXH-000,exhibition,55
2,16,6,EXH-000,exhibition,53
2,16,8,EXH-000,exhibition,51
2,16,9,EXH-000,exhibition,50
2,16,11,EXH-000,exhibition,48
2,16,12,EXH-000,exhibition,47
2,16,14,EXH-000,exhibition,45
2,16,16,EXH-000,exhibition,43
2,16,17,EXH-000,exhibition,42
2,16,19,EXH-000,exhibition,40
2,16,20,EXH-000,exhibition,39
2,16,22,EXH-000,exhibition,37
2,16,24,EXH-000,exhibition,35
2,16,25,EXH-000,exhibition,34
2,16,27,EXH-000,exhibition,32
2,16,28,EXH-000,exhibition,31
2,16,30,EXH-000,exhibition,30
2,16,32,EXH-000,exhibition,30
2,16,33,EXH-000,exhibition,30
2,16,35,EXH-000,exhibition,31
2,16,36,EXH-000,exhibition,32
2,16,38,EXH-000,exhibition,34
2,16,39,EXH-000,exhibition,35
2,16,41,EXH-000,exhibition,37
2,16,42,EXH-000,exhibition,38
2,16,44,EXH-000,exhibition,40
2,17,1,EXH-000,exhibition,59
2,17,3,EXH-000,exhibition,57
2,17,4,EXH-000,exhibition,56
2,17,6,EXH-000,exhibition,54
2,17,8,EXH-000,exhibition,52
2,17,9,EXH-000,exhibition,51
2,17,11,EXH-000,exhibition,49
2,17,12,EXH-000,exhibition,48
2,17,14,EXH-000,exhibition,46
2,17,16,EXH-000,exhibition,44
2,17,17,EXH-000,exhibition,43
2,17,19,EXH-000,exhibition,41
2,17,20,EXH-000,exhibition,40
2,17,22,EXH-000,exhibition,38
2,17,24,EXH-000,exhibition,36
2,17,25,EXH-000,exhibition,35
2,17,27,EXH-000,exhibition,33
2,17,28,EXH-000,exhibition,32
2,17,30,EXH-000,exhibition,31
2,17,32,EXH-000,exhibition,31
2,17,33,EXH-000,exhibition,31
2,17,35,EXH-000,exhibition,32
2,17,36,EXH-000,exhibition,33
2,17,38,EXH-000,exhibition,35
2,17,39,EXH-000,exhibition,36
2,17,41,EXH-000,exhibition,38
2,17,42,EXH-000,exhibition,39
2,17,44,EXH-000,exhibition,41
2,18,1,EXH-000,exhibition,60
2,18,3,EXH-000,exhibition,58
2,18,4,EXH-000,exhibition,57
2,18,6,EXH-000,exhibition,55
2,18,8,EXH-000,exhibition,53
2,18,9,EXH-000,exhibition,52
2,18,11,EXH-000,exhibition,50
2,18,12,EXH-000,exhibition,49
2,18,14,EXH-000,exhibition,47
2,18,16,EXH-000,exhibition,45
2,18,17,EXH-000,exhibition,44
2,18,19,EXH-000,exhibition,42
2,18,20,EXH-000,exhibition,41
2,18,22,EXH-000,exhibition,39
2,18,24,EXH-000,exhibition,37
2,18,25,EXH-000,exhibition,36
2,18,27,EXH-000,exhibition,34
2,18,28,EXH-000,exhibition,33
2,18,30,EXH-000,exhibition,32
2,18,32,EXH-000,exhibition,32
2,18,33,EXH-000,exhibition,32
2,18,35,EXH-000,exhibition,33
2,18,36,EXH-000,exhibition,34
2,18,38,EXH-000,exhibition,36
2,18,39,EXH-000,exhibition,37
2,18,41,EXH-000,exhibition,39
2,18,42,EXH-000,exhibition,40
2,18,44,EXH-000,exhibition,42
2,22,1,EXH-000,exhibition,64
2,22,3,EXH-000,exhibition,62
2,22,4,EXH-000,exhibition,61
2,22,6,EXH-000,exhibition,59
2,22,8,EXH-000,exhibition,57
2,22,9,EXH-000,exhibition,56
2,22,11,EXH-000,exhibition,54
2,22,12,EXH-000,exhibition,53
2,22,14,EXH-000,exhibition,51
2,22,16,EXH-000,exhibition,49
2,22,17,EXH-000,exhibition,48
2,22,19,EXH-000,exhibition,46
2,22,20,EXH-000,exhibition,45
2,22,22,EXH-000,exhibition,43
2,22,24,EXH-000,exhibition,41
2,22,25,EXH-000,exhibition,40
2,22,27,EXH-000,exhibition,38
2,22,28,EXH-000,exhibition,37
2,22,30,EXH-000,exhibition,36
2,22,32,EXH-000,exhibition,36
2,22,33,EXH-000,exhibition,36
2,22,35,EXH-000,exhibition,37
2,22,36,EXH-000,exhibition,38
2,22,38,EXH-000,exhibition,40
2,22,39,EXH-000,exhibition,41
2,22,41,EXH-000,exhibition,43
2,22,42,EXH-000,exhibition,44
2,22,44,EXH-000,exhibition,46
2,23,1,EXH-000,exhibition,65
2,23,3,EXH-000,exhibition,63
2,23,4,EXH-000,exhibition,62
2,23,6,EXH-000,exhibition,60
2,23,8,EXH-000,exhibition,58
2,23,9,EXH-000,exhibition,57
2,23,11,EXH-000,exhibition,55
2,23,12,EXH-000,exhibition,54
2,23,14,EXH-000,exhibition,52
2,23,16,EXH-000,exhibition,50
2,23,17,EXH-000,exhibition,49
2,23,19,EXH-000,exhibition,47
2,23,20,EXH-000,exhibition,46
2,23,22,EXH-000,exhibition,44
2,23,24,EXH-000,exhibition,42
2,23,25,EXH-000,exhibition,41
2,23,27,EXH-000,exhibition,39
2,23,28,EXH-000,exhibition,38
2,23,30,EXH-000,exhibition,37
2,23,32,EXH-000,exhibition,37
2,23,33,EXH-000,exhibition,37
2,23,35,EXH-000,exhibition,38
2,23,36,EXH-000,exhibition,39
2,23,38,EXH-000,exhibition,41
2,23,39,EXH-000,exhibition,42
2,23,41,EXH-000,exhibition,44
2,23,42,EXH-000,exhibition,45
2,23,44,EXH-000,exhibition,47
2,24,1,EXH-000,exhibition,66
2,24,3,EXH-000,exhibition,64
2,24,4,EXH-000,exhibition,63
2,24,6,EXH-000,exhibition,61
2,24,8,EXH-000,exhibition,59
2,24,9,EXH-000,exhibition,58
2,24,11,EXH-000,exhibition,56
2,24,12,EXH-000,exhibition,55
2,24,14,EXH-000,exhibition,53
2,24,16,EXH-000,exhibition,51
2,24,17,EXH-000,exhibition,50
2,24,19,EXH-000,exhibition,48
2,24,20,EXH-000,exhibition,47
2,24,22,EXH-000,exhibition,45
2,24,24,EXH-000,exhibition,43
2,24,25,EXH-000,exhibition,42
2,24,27,EXH-000,exhibition,40
2,24,28,EXH-000,exhibition,39
2,24,30,EXH-000,exhibition,38
2,24,32,EXH-000,exhibition,38
2,24,33,EXH-000,exhibition,38
2,24,35,EXH-000,exhibition,39
2,24,36,EXH-000,exhibition,40
2,24,38,EXH-000,exhibition,42
2,24,39,EXH-000,exhibition,43
2,24,41,EXH-000,exhibition,45
2,24,42,EXH-000,exhibition,46
2,24,44,EXH-000,exhibition,48
2,25,1,EXH-000,exhibition,67
2,25,3,EXH-000,exhibition,65
2,25,4,EXH-000,exhibition,64
2,25,6,EXH-000,exhibition,62
2,25,8,EXH-000,exhibition,60
2,25,9,EXH-000,exhibition,59
2,25,11,EXH-000,exhibition,57
2,25,12,EXH-000,exhibition,56
2,25,14,EXH-000,exhibition,54
2,25,16,EXH-000,exhibition,52
2,25,17,EXH-000,exhibition,51
2,25,19,EXH-000,exhibition,49
2,25,20,EXH-000,exhibition,48
2,25,22,EXH-000,exhibition,46
2,25,24,EXH-000,exhibition,44
2,25,25,EXH-000,exhibition,43
2,25,27,EXH-000,exhibition,41
2,25,28,EXH-000,exhibition,40
2,25,30,EXH-000,exhibition,39
2,25,32,EXH-000,exhibition,39
2,25,33,EXH-000,exhibition,39
2,25,35,EXH-000,exhibition,40
2,25,36,EXH-000,exhibition,41
2,25,38,EXH-000,exhibition,43
2,25,39,EXH-000,exhibition,44
2,25,41,EXH-000,exhibition,46
2,25,42,EXH-000,exhibition,47
2,25,44,EXH-000,exhibition,49
2,26,1,EXH-000,exhibition,68
2,26,3,EXH-000,exhibition,66
2,26,4,EXH-000,exhibition,65
2,26,6,EXH-000,exhibition,63
2,26,8,EXH-000,exhibition,61
2,26,9,EXH-000,exhibition,60
2,26,11,EXH-000,exhibition,58
2,26,12,EXH-000,exhibition,57
2,26,14,EXH-000,exhibition,55
2,26,16,EXH-000,exhibition,53
2,26,17,EXH-000,exhibition,52
2,26,19,EXH-000,exhibition,50
2,26,20,EXH-000,exhibition,49
2,26,22,EXH-000,exhibition,47
2,26,24,EXH-000,exhibition,45
2,26,25,EXH-000,exhibition,44
2,26,27,EXH-000,exhibition,42
2,26,28,EXH-000,exhibition,41
2,26,30,EXH-000,exhibition,40
2,26,32,EXH-000,exhibition,40
2,26,33,EXH-000,exhibition,40
2,26,35,EXH-000,exhibition,41
2,26,36,EXH-000,exhibition,42
2,26,38,EXH-000,exhibition,44
2,26,39,EXH-000,exhibition,45
2,26,41,EXH-000,exhibition,47
2,26,42,EXH-000,exhibition,48
2,26,44,EXH-000,exhibition,50
2,27,1,EXH-000,exhibition,69
2,27,3,EXH-000,exhibition,67
2,27,4,EXH-000,exhibition,66
2,27,6,EXH-000,exhibition,64
2,27,8,EXH-000,exhibition,62
2,27,9,EXH-000,exhibition,61
2,27,11,EXH-000,exhibition,59
2,27,12,EXH-000,exhibition,58
2,27,14,EXH-000,exhibition,56
2,27,16,EXH-000,exhibition,54
2,27,17,EXH-000,exhibition,53
2,27,19,EXH-000,exhibition,51
2,27,20,EXH-000,exhibition,50
2,27,22,EXH-000,exhibition,48
2,27,24,EXH-000,exhibition,46
2,27,25,EXH-000,exhibition,45
2,27,27,EXH-000,exhibition,43
2,27,28,EXH-000,exhibition,42
2,27,30,EXH-000,exhibition,41
2,27,32,EXH-000,exhibition,41
2,27,33,EXH-000,exhibition,41
2,27,35,EXH-000,exhibition,42
2,27,36,EXH-000,exhibition,43
2,27,38,EXH-000,exhibition,45
2,27,39,EXH-000,exhibition,46
2,27,41,EXH-000,exhibition,48
2,27,42,EXH-000,exhibition,49
2,27,44,EXH-000,exhibition,51
2,28,1,EXH-000,exhibition,70
2,28,3,EXH-000,exhibition,68
2,28,4,EXH-000,exhibition,67
2,28,6,EXH-000,exhibition,65
2,28,8,EXH-000,exhibition,63
2,28,9,EXH-000,exhibition,62
2,28,11,EXH-000,exhibition,60
2,28,12,EXH-000,exhibition,59
2,28,14,EXH-000,exhibition,57
2,28,16,EXH-000,exhibition,55
2,28,17,EXH-000,exhibition,54
2,28,19,EXH-000,exhibition,52
2,28,20,EXH-000,exhibition,51
2,28,22,EXH-000,exhibition,49
2,28,24,EXH-000,exhibition,47
2,28,25,EXH-000,exhibition,46
2,28,27,EXH-000,exhibition,44
2,28,28,EXH-000,exhibition,43
2,28,30,EXH-000,exhibition,42
2,28,32,EXH-000,exhibition,42
2,28,33,EXH-000,exhibition,42
2,28,35,EXH-000,exhibition,43
2,28,36,EXH-000,exhibition,44
2,28,38,EXH-000,exhibition,46
2,28,39,EXH-000,exhibition,47
2,28,41,EXH-000,exhibition,49
2,28,42,EXH-000,exhibition,50
2,28,44,EXH-000,exhibition,52
2,29,1,EXH-000,exhibition,71
2,29,3,EXH-000,exhibition,69
2,29,4,EXH-000,exhibition,68
2,29,6,EXH-000,exhibition,66
2,29,8,EXH-000,exhibition,64
2,29,9,EXH-000,exhibition,63
2,29,11,EXH-000,exhibition,61
2,29,12,EXH-000,exhibition,60
2,29,14,EXH-000,exhibition,58
2,29,16,EXH-000,exhibition,56
2,29,17,EXH-000,exhibition,55
2,29,19,EXH-000,exhibition,53
2,29,20,EXH-000,exhibition,52
2,29,22,EXH-000,exhibition,50
2,29,24,EXH-000,exhibition,48
2,29,25,EXH-000,exhibition,47
2,29,27,EXH-000,exhibition,45
2,29,28,EXH-000,exhibition,44
2,29,30,EXH-000,exhibition,43
2,29,32,EXH-000,exhibition,43
2,29,33,EXH-000,exhibition,43
2,29,35,EXH-000,exhibition,44
2,29,36,EXH-000,exhibition,45
2,29,38,EXH-000,exhibition,47
2,29,39,EXH-000,exhibition,48
2,29,41,EXH-000,exhibition,50
2,29,42,EXH-000,exhibition,51
2,29,44,EXH-000,exhibition,53
3,0,0,EXH-000,exhibition,64
3,0,1,EXH-000,exhibition,63
3,0,2,EXH-000,exhibition,62
3,0,3,EXH-000,exhibition,61
3,0,4,EXH-000,exhibition,60
3,0,5,EXH-000,exhibition,59
3,0,6,EXH-000,exhibition,58
3,0,9,EXH-000,exhibition,55
3,0,10,EXH-000,exhibition,54
3,0,11,EXH-000,exhibition,53
3,0,12,EXH-000,exhibition,52
3,0,14,EXH-000,exhibition,50
3,0,15,EXH-000,exhibition,49
3,0,17,EXH-000,exhibition,47
3,0,18,EXH-000,exhibition,46
3,0,22,EXH-000,exhibition,42
3,0,23,EXH-000,exhibition,41
3,0,24,EXH-000,exhibition,40
3,0,25,EXH-000,exhibition,39
3,0,26,EXH-000,exhibition,38
3,0,27,EXH-000,exhibition,37
3,0,28,EXH-000,exhibition,36
3,0,29,EXH-000,exhibition,36
3,0,30,EXH-000,exhibition,36
3,0,31,EXH-000,exhibition,36
3,0,36,EXH-000,exhibition,39
3,0,38,EXH-000,exhibition,41
3,0,39,EXH-000,exhibition,42
3,0,41,EXH-000,exhibition,44
3,1,0,EXH-000,exhibition,63
3,1,9,EXH-000,exhibition,54
3,1,10,EXH-000,exhibition,53
3,1,11,EXH-000,exhibition,52
3,1,12,EXH-000,exhibition,51
3,1,14,EXH-000,exhibition,49
3,1,15,EXH-000,exhibition,48
3,1,17,EXH-000,exhibition,46
3,1,18,EXH-000,exhibition,45
3,1,22,EXH-000,exhibition,41
3,1,23,EXH-000,exhibition,40
3,1,36,EXH-000,exhibition,38
3,1,38,EXH-000,exhibition,40
3,1,39,EXH-000,exhibition,41
3,1,41,EXH-000,exhibition,43
3,2,0,EXH-000,exhibition,62
3,2,9,EXH-000,exhibition,53
3,2,10,EXH-000,exhibition,52
3,2,11,EXH-000,exhibition,51
3,2,12,EXH-000,exhibition,50
3,2,14,EXH-000,exhibition,48
3,2,15,EXH-000,exhibition,47
3,2,17,EXH-000,exhibition,45
3,2,18,EXH-000,exhibition,44
3,2,22,EXH-000,exhibition,40
3,2,23,EXH-000,exhibition,39
3,2,28,EXH-000,exhibition,34
3,2,29,EXH-000,exhibition,34
3,2,30,EXH-000,exhibition,34
3,2,31,EXH-000,exhibition,34
3,2,36,EXH-000,exhibition,37
3,2,38,EXH-000,exhibition,39
3,2,39,EXH-000,exhibition,40
3,2,41,EXH-000,exhibition,42
3,3,0,EXH-000,exhibition,61
3,3,9,EXH-000,exhibition,52
3,3,10,EXH-000,exhibition,51
3,3,11,EXH-000,exhibition,50
3,3,12,EXH-000,exhibition,49
3,3,14,EXH-000,exhibition,47
3,3,15,EXH-000,exhibition,46
3,3,17,EXH-000,exhibition,44
3,3,18,EXH-000,exhibition,43
3,3,22,EXH-000,exhibition,39
3,3,23,EXH-000,exhibition,38
3,3,28,EXH-000,exhibition,33
3,3,29,EXH-000,exhibition,33
3,3,30,EXH-000,exhibition,33
3,3,31,EXH-000,exhibition,33
3,3,36,EXH-000,exhibition,36
3,3,38,EXH-000,exhibition,38
3,3,39,EXH-000,exhibition,39
3,3,41,EXH-000,exhibition,41
3,4,0,EXH-000,exhibition,60
3,4,9,EXH-000,exhibition,51
3,4,10,EXH-000,exhibition,50
3,4,11,EXH-000,exhibition,49
3,4,12,EXH-000,exhibition,48
3,4,14,EXH-000,exhibition,46
3,4,15,EXH-000,exhibition,45
3,4,17,EXH-000,exhibition,43
3,4,18,EXH-000,exhibition,42
3,4,22,EXH-000,exhibition,38
3,4,23,EXH-000,exhibition,37
3,4,36,EXH-000,exhibition,35
3,4,38,EXH-000,exhibition,37
3,4,39,EXH-000,exhibition,38
3,4,41,EXH-000,exhibition,40
3,5,0,EXH-000,exhibition,61
3,5,9,EXH-000,exhibition,51
3,5,10,EXH-000,exhibition,50
3,5,11,EXH-000,exhibition,49
3,5,12,EXH-000,exhibition,48
3,5,14,EXH-000,exhibition,46
3,5,15,EXH-000,exhibition,45
3,5,17,EXH-000,exhibition,43
3,5,18,EXH-000,exhibition,42
3,5,22,EXH-000,exhibition,38
3,5,23,EXH-000,exhibition,37
3,5,36,EXH-000,exhibition,35
3,5,38,EXH-000,exhibition,37
3,5,39,EXH-000,exhibition,38
3,5,41,EXH-000,exhibition,40
3,6,0,EXH-000,exhibition,62
3,6,9,EXH-000,exhibition,51
3,6,10,EXH-000,exhibition,50
3,6,11,EXH-000,exhibition,49
3,6,12,EXH-000,exhibition,48
3,6,14,EXH-000,exhibition,46
3,6,15,EXH-000,exhibition,45
3,6,17,EXH-000,exhibition,43
3,6,18,EXH-000,exhibition,42
3,6,22,EXH-000,exhibition,38
3,6,23,EXH-000,exhibition,37
3,6,36,EXH-000,exhibition,35
3,6,38,EXH-000,exhibition,37
3,6,39,EXH-000,exhibition,38
3,6,41,EXH-000,exhibition,40
3,7,0,EXH-000,exhibition,63
3,7,9,EXH-000,exhibition,51
3,7,10,EXH-000,exhibition,50
3,7,11,EXH-000,exhibition,49
3,7,12,EXH-000,exhibition,48
3,7,14,EXH-000,exhibition,46
3,7,15,EXH-000,exhibition,45
3,7,17,EXH-000,exhibition,43
3,7,18,EXH-000,exhibition,42
3,7,22,EXH-000,exhibition,38
3,7,23,EXH-000,exhibition,37
3,7,36,EXH-000,exhibition,35
3,7,38,EXH-000,exhibition,37
3,7,39,EXH-000,exhibition,38
3,7,41,EXH-000,exhibition,40
3,8,0,EXH-000,exhibition,62
3,8,9,EXH-000,exhibition,51
3,8,10,EXH-000,exhibition,50
3,8,11,EXH-000,exhibition,49
3,8,12,EXH-000,exhibition,48
3,8,14,EXH-000,exhibition,46
3,8,15,EXH-000,exhibition,45
3,8,17,EXH-000,exhibition,43
3,8,18,EXH-000,exhibition,42
3,8,22,EXH-000,exhibition,38
3,8,23,EXH-000,exhibition,37
3,8,36,EXH-000,exhibition,35
3,8,38,EXH-000,exhibition,37
3,8,39,EXH-000,exhibition,38
3,8,41,EXH-000,exhibition,40
3,12,0,EXH-000,exhibition,64
3,12,1,EXH-000,exhibition,63
3,12,2,EXH-000,exhibition,62
3,12,3,EXH-000,exhibition,61
3,12,5,EXH-000,exhibition,59
3,12,6,EXH-000,exhibition,58
3,12,7,EXH-000,exhibition,57
3,12,11,EXH-000,exhibition,53
3,12,12,EXH-000,exhibition,52
3,12,14,EXH-000,exhibition,50
3,12,15,EXH-000,exhibition,49
3,12,16,EXH-000,exhibition,48
3,12,18,EXH-000,exhibition,46
3,12,19,EXH-000,exhibition,45
3,12,24,EXH-000,exhibition,40
3,12,25,EXH-000,exhibition,39
3,12,27,EXH-000,exhibition,37
3,12,28,EXH-000,exhibition,36
3,12,30,EXH-000,exhibition,36
3,12,31,EXH-000,exhibition,36
3,12,34,EXH-000,exhibition,37
3,12,35,EXH-000,exhibition,38
3,12,36,EXH-000,exhibition,39
3,12,38,EXH-000,exhibition,41
3,12,39,EXH-000,exhibition,42
3,12,41,EXH-000,exhibition,44
3,13,0,EXH-000,exhibition,65
3,13,1,EXH-000,exhibition,64
3,13,2,EXH-000,exhibition,63
3,13,3,EXH-000,exhibition,62
3,13,5,EXH-000,exhibition,60
3,13,6,EXH-000,exhibition,59
3,13,7,EXH-000,exhibition,58
3,13,11,EXH-000,exhibition,54
3,13,12,EXH-000,exhibition,53
3,13,14,EXH-000,exhibition,51
3,13,15,EXH-000,exhibition,50
3,13,16,EXH-000,exhibition,49
3,13,18,EXH-000,exhibition,47
3,13,19,EXH-000,exhibition,46
3,13,24,EXH-000,exhibition,41
3,13,25,EXH-000,exhibition,40
3,13,27,EXH-000,exhibition,38
3,13,28,EXH-000,exhibition,37
3,13,30,EXH-000,exhibition,37
3,13,31,EXH-000,exhibition,37
3,13,34,EXH-000,exhibition,38
3,13,35,EXH-000,exhibition,39
3,13,36,EXH-000,exhibition,40
3,13,38,EXH-000,exhibition,42
3,13,39,EXH-000,exhibition,43
3,13,41,EXH-000,exhibition,45
3,14,0,EXH-000,exhibition,66
3,14,1,EXH-000,exhibition,65
3,14,2,EXH-000,exhibition,64
3,14,3,EXH-000,exhibition,63
3,14,5,EXH-000,exhibition,61
3,14,6,EXH-000,exhibition,60
3,14,7,EXH-000,exhibition,59
3,14,11,EXH-000,exhibition,55
3,14,12,EXH-000,exhibition,54
3,14,14,EXH-000,exhibition,52
3,14,15,EXH-000,exhibition,51
3,14,16,EXH-000,exhibition,50
3,14,18,EXH-000,exhibition,48
3,14,19,EXH-000,exhibition,47
3,14,24,EXH-000,exhibition,42
3,14,25,EXH-000,exhibition,41
3,14,27,EXH-000,exhibition,39
3,14,28,EXH-000,exhibition,38
3,14,30,EXH-000,exhibition,38
3,14,31,EXH-000,exhibition,38
3,14,34,EXH-000,exhibition,39
3,14,35,EXH-000,exhibition,40
3,14,36,EXH-000,exhibition,41
3,14,38,EXH-000,exhibition,43
3,14,39,EXH-000,exhibition,44
3,14,41,EXH-000,exhibition,46
3,15,0,EXH-000,exhibition,67
3,15,2,EXH-000,exhibition,65
3,15,3,EXH-000,exhibition,64
3,15,6,EXH-000,exhibition,61
3,15,7,EXH-000,exhibition,60
3,15,11,EXH-000,exhibition,56
3,15,12,EXH-000,exhibition,55
3,15,14,EXH-000,exhibition,53
3,15,15,EXH-000,exhibition,52
3,15,16,EXH-000,exhibition,51
3,15,18,EXH-000,exhibition,49
3,15,24,EXH-000,exhibition,43
3,15,25,EXH-000,exhibition,42
3,15,28,EXH-000,exhibition,39
3,15,30,EXH-000,exhibition,39
3,15,31,EXH-000,exhibition,39
3,15,35,EXH-000,exhibition,41
3,15,36,EXH-000,exhibition,42
3,15,38,EXH-000,exhibition,44
3,15,39,EXH-000,exhibition,45
3,15,41,EXH-000,exhibition,47
3,16,0,EXH-000,exhibition,68
3,16,1,EXH-000,exhibition,67
3,16,2,EXH-000,exhibition,66
3,16,3,EXH-000,exhibition,65
3,16,5,EXH-000,exhibition,63
3,16,6,EXH-000,exhibition,62
3,16,7,EXH-000,exhibition,61
3,16,11,EXH-000,exhibition,57
3,16,12,EXH-000,exhibition,56
3,16,14,EXH-000,exhibition,54
3,16,15,EXH-000,exhibition,53
3,16,16,EXH-000,exhibition,52
3,16,18,EXH-000,exhibition,50
3,16,24,EXH-000,exhibition,44
3,16,25,EXH-000,exhibition,43
3,16,27,EXH-000,exhibition,41
3,16,28,EXH-000,exhibition,40
3,16,30,EXH-000,exhibition,40
3,16,31,EXH-000,exhibition,40
3,16,34,EXH-000,exhibition,41
3,16,35,EXH-000,exhibition,42
3,16,36,EXH-000,exhibition,43
3,16,38,EXH-000,exhibition,45
3,16,39,EXH-000,exhibition,46
3,16,41,EXH-000,exhibition,48
3,17,0,EXH-000,exhibition,69
3,17,1,EXH-000,exhibition,68
3,17,2,EXH-000,exhibition,67
3,17,3,EXH-000,exhibition,66
3,17,5,EXH-000,exhibition,64
3,17,6,EXH-000,exhibition,63
3,17,7,EXH-000,exhibition,62
3,17,11,EXH-000,exhibition,58
3,17,12,EXH-000,exhibition,57
3,17,14,EXH-000,exhibition,55
3,17,15,EXH-000,exhibition,54
3,17,16,EXH-000,exhibition,53
3,17,18,EXH-000,exhibition,51
3,17,24,EXH-000,exhibition,45
3,17,25,EXH-000,exhibition,44
3,17,27,EXH-000,exhibition,42
3,17,28,EXH-000,exhibition,41
3,17,30,EXH-000,exhibition,41
3,17,31,EXH-000,exhibition,41
3,17,34,EXH-000,exhibition,42
3,17,35,EXH-000,exhibition,43
3,17,36,EXH-000,exhibition,44
3,17,38,EXH-000,exhibition,46
3,17,39,EXH-000,exhibition,47
3,17,41,EXH-000,exhibition,49
3,18,0,EXH-000,exhibition,70
3,18,1,EXH-000,exhibition,69
3,18,3,EXH-000,exhibition,67
3,18,5,EXH-000,exhibition,65
3,18,6,EXH-000,exhibition,64
3,18,7,EXH-000,exhibition,63
3,18,11,EXH-000,exhibition,59
3,18,12,EXH-000,exhibition,58
3,18,14,EXH-000,exhibition,56
3,18,15,EXH-000,exhibition,55
3,18,16,EXH-000,exhibition,54
3,18,18,EXH-000,exhibition,52
3,18,19,EXH-000,exhibition,51
3,18,24,EXH-000,exhibition,46
3,18,25,EXH-000,exhibition,45
3,18,27,EXH-000,exhibition,43
3,18,28,EXH-000,exhibition,42
3,18,30,EXH-000,exhibition,42
3,18,31,EXH-000,exhibition,42
3,18,35,EXH-000,exhibition,44
3,18,36,EXH-000,exhibition,45
3,18,38,EXH-000,exhibition,47
3,18,39,EXH-000,exhibition,48
3,18,41,EXH-000,exhibition,50
3,19,0,EXH-000,exhibition,71
3,19,3,EXH-000,exhibition,68
3,19,6,EXH-000,exhibition,65
3,19,7,EXH-000,exhibition,64
3,19,11,EXH-000,exhibition,60
3,19,12,EXH-000,exhibition,59
3,19,14,EXH-000,exhibition,57
3,19,15,EXH-000,exhibition,56
3,19,16,EXH-000,exhibition,55
3,19,18,EXH-000,exhibition,53
3,19,19,EXH-000,exhibition,52
3,19,24,EXH-000,exhibition,47
3,19,28,EXH-000,exhibition,43
3,19,30,EXH-000,exhibition,43
3,19,31,EXH-000,exhibition,43
3,19,35,EXH-000,exhibition,45
3,19,36,EXH-000,exhibition,46
3,19,38,EXH-000,exhibition,48
3,19,39,EXH-000,exhibition,49
3,19,41,EXH-000,exhibition,51
3,20,0,EXH-000,exhibition,72
3,20,3,EXH-000,exhibition,69
3,20,6,EXH-000,exhibition,66
3,20,7,EXH-000,exhibition,65
3,20,11,EXH-000,exhibition,61
3,20,12,EXH-000,exhibition,60
3,20,14,EXH-000,exhibition,58
3,20,15,EXH-000,exhibition,57
3,20,16,EXH-000,exhibition,56
3,20,18,EXH-000,exhibition,54
3,20,19,EXH-000,exhibition,53
3,20,24,EXH-000,exhibition,48
3,20,28,EXH-000,exhibition,44
3,20,30,EXH-000,exhibition,44
3,20,31,EXH-000,exhibition,44
3,20,35,EXH-000,exhibition,46
3,20,36,EXH-000,exhibition,47
3,20,38,EXH-000,exhibition,49
3,20,39,EXH-000,exhibition,50
3,20,41,EXH-000,exhibition,52
3,21,0,EXH-000,exhibition,73
3,21,3,EXH-000,exhibition,70
3,21,6,EXH-000,exhibition,67
3,21,7,EXH-000,exhibition,66
3,21,11,EXH-000,exhibition,62
3,21,12,EXH-000,exhibition,61
3,21,14,EXH-000,exhibition,59
3,21,15,EXH-000,exhibition,58
3,21,16,EXH-000,exhibition,57
3,21,18,EXH-000,exhibition,55
3,21,19,EXH-000,exhibition,54
3,21,24,EXH-000,exhibition,49
3,21,28,EXH-000,exhibition,45
3,21,30,EXH-000,exhibition,45
3,21,31,EXH-000,exhibition,45
3,21,35,EXH-000,exhibition,47
3,21,36,EXH-000,exhibition,48
3,21,38,EXH-000,exhibition,50
3,21,39,EXH-000,exhibition,51
3,21,41,EXH-000,exhibition,53
3,26,0,EXH-000,exhibition,78
3,26,2,EXH-000,exhibition,76
3,26,3,EXH-000,exhibition,75
3,26,4,EXH-000,exhibition,74
3,26,5,EXH-000,exhibition,73
3,26,6,EXH-000,exhibition,72
3,26,7,EXH-000,exhibition,71
3,26,8,EXH-000,exhibition,70
3,26,9,EXH-000,exhibition,69
3,26,10,EXH-000,exhibition,68
3,26,11,EXH-000,exhibition,67
3,26,12,EXH-000,exhibition,66
3,26,13,EXH-000,exhibition,65
3,26,14,EXH-000,exhibition,64
3,26,15,EXH-000,exhibition,63
3,26,16,EXH-000,exhibition,62
3,26,18,EXH-000,exhibition,60
3,26,19,EXH-000,exhibition,59
3,26,20,EXH-000,exhibition,58
3,26,21,EXH-000,exhibition,57
3,26,22,EXH-000,exhibition,56
3,26,23,EXH-000,exhibition,55
3,26,24,EXH-000,exhibition,54
3,26,25,EXH-000,exhibition,53
3,26,26,EXH-000,exhibition,52
3,26,27,EXH-000,exhibition,51
3,26,28,EXH-000,exhibition,50
3,26,29,EXH-000,exhibition,50
3,26,31,EXH-000,exhibition,50
3,26,32,EXH-000,exhibition,50
3,26,33,EXH-000,exhibition,50
3,26,34,EXH-000,exhibition,51
3,26,36,EXH-000,exhibition,53
3,26,37,EXH-000,exhibition,54
3,27,0,EXH-000,exhibition,79
3,27,2,EXH-000,exhibition,77
3,27,3,EXH-000,exhibition,76
3,27,5,EXH-000,exhibition,74
3,27,6,EXH-000,exhibition,73
3,27,7,EXH-000,exhibition,72
3,27,8,EXH-000,exhibition,71
3,27,9,EXH-000,exhibition,70
3,27,10,EXH-000,exhibition,69
3,27,11,EXH-000,exhibition,68
3,27,12,EXH-000,exhibition,67
3,27,13,EXH-000,exhibition,66
3,27,14,EXH-000,exhibition,65
3,27,15,EXH-000,exhibition,64
3,27,16,EXH-000,exhibition,63
3,27,18,EXH-000,exhibition,61
3,27,19,EXH-000,exhibition,60
3,27,20,EXH-000,exhibition,59
3,27,21,EXH-000,exhibition,58
3,27,22,EXH-000,exhibition,57
3,27,23,EXH-000,exhibition,56
3,27,24,EXH-000,exhibition,55
3,27,25,EXH-000,exhibition,54
3,27,26,EXH-000,exhibition,53
3,27,27,EXH-000,exhibition,52
3,27,28,EXH-000,exhibition,51
3,27,29,EXH-000,exhibition,51
3,27,31,EXH-000,exhibition,51
3,27,32,EXH-000,exhibition,51
3,27,33,EXH-000,exhibition,51
3,27,34,EXH-000,exhibition,52
3,27,36,EXH-000,exhibition,54
3,27,37,EXH-000,exhibition,55
3,28,0,EXH-000,exhibition,80
3,28,2,EXH-000,exhibition,78
3,28,3,EXH-000,exhibition,77
3,28,5,EXH-000,exhibition,75
3,28,6,EXH-000,exhibition,74
3,28,7,EXH-000,exhibition,73
3,28,8,EXH-000,exhibition,72
3,28,9,EXH-000,exhibition,71
3,28,10,EXH-000,exhibition,70
3,28,11,EXH-000,exhibition,69
3,28,12,EXH-000,exhibition,68
3,28,13,EXH-000,exhibition,67
3,28,14,EXH-000,exhibition,66
3,28,15,EXH-000,exhibition,65
3,28,16,EXH-000,exhibition,64
3,28,18,EXH-000,exhibition,62
3,28,19,EXH-000,exhibition,61
3,28,20,EXH-000,exhibition,60
3,28,21,EXH-000,exhibition,59
3,28,22,EXH-000,exhibition,58
3,28,23,EXH-000,exhibition,57
3,28,24,EXH-000,exhibition,56
3,28,25,EXH-000,exhibition,55
3,28,26,EXH-000,exhibition,54
3,28,27,EXH-000,exhibition,53
3,28,28,EXH-000,exhibition,52
3,28,29,EXH-000,exhibition,52
3,28,31,EXH-000,exhibition,52
3,28,32,EXH-000,exhibition,52
3,28,33,EXH-000,exhibition,52
3,28,34,EXH-000,exhibition,53
3,28,36,EXH-000,exhibition,55
3,28,37,EXH-000,exhibition,56
3,29,0,EXH-000,exhibition,81
3,29,2,EXH-000,exhibition,79
3,29,3,EXH-000,exhibition,78
3,29,6,EXH-000,exhibition,75
3,29,7,EXH-000,exhibition,74
3,29,8,EXH-000,exhibition,73
3,29,9,EXH-000,exhibition,72
3,29,11,EXH-000,exhibition,70
3,29,12,EXH-000,exhibition,69
3,29,13,EXH-000,exhibition,68
3,29,14,EXH-000,exhibition,67
3,29,15,EXH-000,exhibition,66
3,29,18,EXH-000,exhibition,63
3,29,19,EXH-000,exhibition,62
3,29,20,EXH-000,exhibition,61
3,29,21,EXH-000,exhibition,60
3,29,22,EXH-000,exhibition,59
3,29,24,EXH-000,exhibition,57
3,29,25,EXH-000,exhibition,56
3,29,26,EXH-000,exhibition,55
3,29,27,EXH-000,exhibition,54
3,29,28,EXH-000,exhibition,53
3,29,29,EXH-000,exhibition,53
3,29,31,EXH-000,exhibition,53
3,29,32,EXH-000,exhibition,53
3,29,33,EXH-000,exhibition,53
3,29,34,EXH-000,exhibition,54
3,29,37,EXH-000,exhibition,57
4,0,0,EXH-000,exhibition,74
4,0,1,EXH-000,exhibition,73
4,0,2,EXH-000,exhibition,72
4,0,3,EXH-000,exhibition,71
4,0,4,EXH-000,exhibition,70
4,0,5,EXH-000,exhibition,69
4,0,6,EXH-000,exhibition,68
4,0,9,EXH-000,exhibition,65
4,0,10,EXH-000,exhibition,64
4,0,11,EXH-000,exhibition,63
4,0,12,EXH-000,exhibition,62
4,0,14,EXH-000,exhibition,60
4,0,15,EXH-000,exhibition,59
4,0,17,EXH-000,exhibition,57
4,0,18,EXH-000,exhibition,56
4,0,22,EXH-000,exhibition,52
4,0,23,EXH-000,exhibition,51
4,0,24,EXH-000,exhibition,50
4,0,25,EXH-000,exhibition,49
4,0,26,EXH-000,exhibition,48
4,0,27,EXH-000,exhibition,47
4,0,28,EXH-000,exhibition,46
4,0,29,EXH-000,exhibition,46
4,0,30,EXH-000,exhibition,46
4,0,31,EXH-000,exhibition,46
4,0,36,EXH-000,exhibition,49
4,0,38,EXH-000,exhibition,51
4,0,39,EXH-000,exhibition,52
4,0,41,EXH-000,exhibition,54
4,1,0,EXH-000,exhibition,73
4,1,9,EXH-000,exhibition,64
4,1,10,EXH-000,exhibition,63
4,1,11,EXH-000,exhibition,62
4,1,12,EXH-000,exhibition,61
4,1,14,EXH-000,exhibition,59
4,1,15,EXH-000,exhibition,58
4,1,17,EXH-000,exhibition,56
4,1,18,EXH-000,exhibition,55
4,1,22,EXH-000,exhibition,51
4,1,23,EXH-000,exhibition,50
4,1,36,EXH-000,exhibition,48
4,1,38,EXH-000,exhibition,50
4,1,39,EXH-000,exhibition,51
4,1,41,EXH-000,exhibition,53
4,2,0,EXH-000,exhibition,72
4,2,9,EXH-000,exhibition,63
4,2,10,EXH-000,exhibition,62
4,2,11,EXH-000,exhibition,61
4,2,12,EXH-000,exhibition,60
4,2,14,EXH-000,exhibition,58
4,2,15,EXH-000,exhibition,57
4,2,17,EXH-000,exhibition,55
4,2,18,EXH-000,exhibition,54
4,2,22,EXH-000,exhibition,50
4,2,23,EXH-000,exhibition,49
4,2,28,EXH-000,exhibition,44
4,2,29,EXH-000,exhibition,44
4,2,30,EXH-000,exhibition,44
4,2,31,EXH-000,exhibition,44
4,2,36,EXH-000,exhibition,47
4,2,38,EXH-000,exhibition,49
4,2,39,EXH-000,exhibition,50
4,2,41,EXH-000,exhibition,52
4,3,0,EXH-000,exhibition,71
4,3,9,EXH-000,exhibition,62
4,3,10,EXH-000,exhibition,61
4,3,11,EXH-000,exhibition,60
4,3,12,EXH-000,exhibition,59
4,3,14,EXH-000,exhibition,57
4,3,15,EXH-000,exhibition,56
4,3,17,EXH-000,exhibition,54
4,3,18,EXH-000,exhibition,53
4,3,22,EXH-000,exhibition,49
4,3,23,EXH-000,exhibition,48
4,3,28,EXH-000,exhibition,43
4,3,29,EXH-000,exhibition,43
4,3,30,EXH-000,exhibition,43
4,3,31,EXH-000,exhibition,43
4,3,36,EXH-000,exhibition,46
4,3,38,EXH-000,exhibition,48
4,3,39,EXH-000,exhibition,49
4,3,41,EXH-000,exhibition,51
4,4,0,EXH-000,exhibition,70
4,4,9,EXH-000,exhibition,61
4,4,10,EXH-000,exhibition,60
4,4,11,EXH-000,exhibition,59
4,4,12,EXH-000,exhibition,58
4,4,14,EXH-000,exhibition,56
4,4,15,EXH-000,exhibition,55
4,4,17,EXH-000,exhibition,53
4,4,18,EXH-000,exhibition,52
4,4,22,EXH-000,exhibition,48
4,4,23,EXH-000,exhibition,47
4,4,36,EXH-000,exhibition,45
4,4,38,EXH-000,exhibition,47
4,4,39,EXH-000,exhibition,48
4,4,41,EXH-000,exhibition,50
4,5,0,EXH-000,exhibition,71
4,5,9,EXH-000,exhibition,61
4,5,10,EXH-000,exhibition,60
4,5,11,EXH-000,exhibition,59
4,5,12,EXH-000,exhibition,58
4,5,14,EXH-000,exhibition,56
4,5,15,EXH-000,exhibition,55
4,5,17,EXH-000,exhibition,53
4,5,18,EXH-000,exhibition,52
4,5,22,EXH-000,exhibition,48
4,5,23,EXH-000,exhibition,47
4,5,36,EXH-000,exhibition,45
4,5,38,EXH-000,exhibition,47
4,5,39,EXH-000,exhibition,48
4,5,41,EXH-000,exhibition,50
4,6,0,EXH-000,exhibition,72
4,6,9,EXH-000,exhibition,61
4,6,10,EXH-000,exhibition,60
4,6,11,EXH-000,exhibition,59
4,6,12,EXH-000,exhibition,58
4,6,14,EXH-000,exhibition,56
4,6,15,EXH-000,exhibition,55
4,6,17,EXH-000,exhibition,53
4,6,18,EXH-000,exhibition,52
4,6,22,EXH-000,exhibition,48
4,6,23,EXH-000,exhibition,47
4,6,36,EXH-000,exhibition,45
4,6,38,EXH-000,exhibition,47
4,6,39,EXH-000,exhibition,48
4,6,41,EXH-000,exhibition,50
4,7,0,EXH-000,exhibition,73
4,7,9,EXH-000,exhibition,61
4,7,10,EXH-000,exhibition,60
4,7,11,EXH-000,exhibition,59
4,7,12,EXH-000,exhibition,58
4,7,14,EXH-000,exhibition,56
4,7,15,EXH-000,exhibition,55
4,7,17,EXH-000,exhibition,53
4,7,18,EXH-000,exhibition,52
4,7,22,EXH-000,exhibition,48
4,7,23,EXH-000,exhibition,47
4,7,36,EXH-000,exhibition,45
4,7,38,EXH-000,exhibition,47
4,7,39,EXH-000,exhibition,48
4,7,41,EXH-000,exhibition,50
4,8,0,EXH-000,exhibition,72
4,8,9,EXH-000,exhibition,61
4,8,10,EXH-000,exhibition,60
4,8,11,EXH-000,exhibition,59
4,8,12,EXH-000,exhibition,58
4,8,14,EXH-000,exhibition,56
4,8,15,EXH-000,exhibition,55
4,8,17,EXH-000,exhibition,53
4,8,18,EXH-000,exhibition,52
4,8,22,EXH-000,exhibition,48
4,8,23,EXH-000,exhibition,47
4,8,36,EXH-000,exhibition,45
4,8,38,EXH-000,exhibition,47
4,8,39,EXH-000,exhibition,48
4,8,41,EXH-000,exhibition,50
4,12,0,EXH-000,exhibition,74
4,12,1,EXH-000,exhibition,73
4,12,2,EXH-000,exhibition,72
4,12,3,EXH-000,exhibition,71
4,12,5,EXH-000,exhibition,69
4,12,6,EXH-000,exhibition,68
4,12,7,EXH-000,exhibition,67
4,12,11,EXH-000,exhibition,63
4,12,12,EXH-000,exhibition,62
4,12,14,EXH-000,exhibition,60
4,12,15,EXH-000,exhibition,59
4,12,16,EXH-000,exhibition,58
4,12,18,EXH-000,exhibition,56
4,12,19,EXH-000,exhibition,55
4,12,24,EXH-000,exhibition,50
4,12,25,EXH-000,exhibition,49
4,12,27,EXH-000,exhibition,47
4,12,28,EXH-000,exhibition,46
4,12,30,EXH-000,exhibition,46
4,12,31,EXH-000,exhibition,46
4,12,34,EXH-000,exhibition,47
4,12,35,EXH-000,exhibition,48
4,12,36,EXH-000,exhibition,49
4,12,38,EXH-000,exhibition,51
4,12,39,EXH-000,exhibition,52
4,12,41,EXH-000,exhibition,54
4,13,0,EXH-000,exhibition,75
4,13,1,EXH-000,exhibition,74
4,13,2,EXH-000,exhibition,73
4,13,3,EXH-000,exhibition,72
4,13,5,EXH-000,exhibition,70
4,13,6,EXH-000,exhibition,69
4,13,7,EXH-000,exhibition,68
4,13,11,EXH-000,exhibition,64
4,13,12,EXH-000,exhibition,63
4,13,14,EXH-000,exhibition,61
4,13,15,EXH-000,exhibition,60
4,13,16,EXH-000,exhibition,59
4,13,18,EXH-000,exhibition,57
4,13,19,EXH-000,exhibition,56
4,13,24,EXH-000,exhibition,51
4,13,25,EXH-000,exhibition,50
4,13,27,EXH-000,exhibition,48
4,13,28,EXH-000,exhibition,47
4,13,30,EXH-000,exhibition,47
4,13,31,EXH-000,exhibition,47
4,13,34,EXH-000,exhibition,48
4,13,35,EXH-000,exhibition,49
4,13,36,EXH-000,exhibition,50
4,13,38,EXH-000,exhibition,52
4,13,39,EXH-000,exhibition,53
4,13,41,EXH-000,exhibition,55
4,14,0,EXH-000,exhibition,76
4,14,1,EXH-000,exhibition,75
4,14,2,EXH-000,exhibition,74
4,14,3,EXH-000,exhibition,73
4,14,5,EXH-000,exhibition,71
4,14,6,EXH-000,exhibition,70
4,14,7,EXH-000,exhibition,69
4,14,11,EXH-000,exhibition,65
4,14,12,EXH-000,exhibition,64
4,14,14,EXH-000,exhibition,62
4,14,15,EXH-000,exhibition,61
4,14,16,EXH-000,exhibition,60
4,14,18,EXH-000,exhibition,58
4,14,19,EXH-000,exhibition,57
4,14,24,EXH-000,exhibition,52
4,14,25,EXH-000,exhibition,51
4,14,27,EXH-000,exhibition,49
4,14,28,EXH-000,exhibition,48
4,14,30,EXH-000,exhibition,48
4,14,31,EXH-000,exhibition,48
4,14,34,EXH-000,exhibition,49
4,14,35,EXH-000,exhibition,50
4,14,36,EXH-000,exhibition,51
4,14,38,EXH-000,exhibition,53
4,14,39,EXH-000,exhibition,54
4,14,41,EXH-000,exhibition,56
4,15,0,EXH-000,exhibition,77
4,15,2,EXH-000,exhibition,75
4,15,3,EXH-000,exhibition,74
4,15,6,EXH-000,exhibition,71
4,15,7,EXH-000,exhibition,70
4,15,11,EXH-000,exhibition,66
4,15,12,EXH-000,exhibition,65
4,15,14,EXH-000,exhibition,63
4,15,15,EXH-000,exhibition,62
4,15,16,EXH-000,exhibition,61
4,15,18,EXH-000,exhibition,59
4,15,24,EXH-000,exhibition,53
4,15,25,EXH-000,exhibition,52
4,15,28,EXH-000,exhibition,49
4,15,30,EXH-000,exhibition,49
4,15,31,EXH-000,exhibition,49
4,15,35,EXH-000,exhibition,51
4,15,36,EXH-000,exhibition,52
4,15,38,EXH-000,exhibition,54
4,15,39,EXH-000,exhibition,55
4,15,41,EXH-000,exhibition,57
4,16,0,EXH-000,exhibition,78
4,16,1,EXH-000,exhibition,77
4,16,2,EXH-000,exhibition,76
4,16,3,EXH-000,exhibition,75
4,16,5,EXH-000,exhibition,73
4,16,6,EXH-000,exhibition,72
4,16,7,EXH-000,exhibition,71
4,16,11,EXH-000,exhibition,67
4,16,12,EXH-000,exhibition,66
4,16,14,EXH-000,exhibition,64
4,16,15,EXH-000,exhibition,63
4,16,16,EXH-000,exhibition,62
4,16,18,EXH-000,exhibition,60
4,16,24,EXH-000,exhibition,54
4,16,25,EXH-000,exhibition,53
4,16,27,EXH-000,exhibition,51
4,16,28,EXH-000,exhibition,50
4,16,30,EXH-000,exhibition,50
4,16,31,EXH-000,exhibition,50
4,16,34,EXH-000,exhibition,51
4,16,35,EXH-000,exhibition,52
4,16,36,EXH-000,exhibition,53
4,16,38,EXH-000,exhibition,55
4,16,39,EXH-000,exhibition,56
4,16,41,EXH-000,exhibition,58
4,17,0,EXH-000,exhibition,79
4,17,1,EXH-000,exhibition,78
4,17,2,EXH-000,exhibition,77
4,17,3,EXH-000,exhibition,76
4,17,5,EXH-000,exhibition,74
4,17,6,EXH-000,exhibition,73
4,17,7,EXH-000,exhibition,72
4,17,11,EXH-000,exhibition,68
4,17,12,EXH-000,exhibition,67
4,17,14,EXH-000,exhibition,65
4,17,15,EXH-000,exhibition,64
4,17,16,EXH-000,exhibition,63
4,17,18,EXH-000,exhibition,61
4,17,24,EXH-000,exhibition,55
4,17,25,EXH-000,exhibition,54
4,17,27,EXH-000,exhibition,52
4,17,28,EXH-000,exhibition,51
4,17,30,EXH-000,exhibition,51
4,17,31,EXH-000,exhibition,51
4,17,34,EXH-000,exhibition,52
4,17,35,EXH-000,exhibition,53
4,17,36,EXH-000,exhibition,54
4,17,38,EXH-000,exhibition,56
4,17,39,EXH-000,exhibition,57
4,17,41,EXH-000,exhibition,59
4,18,0,EXH-000,exhibition,80
4,18,1,EXH-000,exhibition,79
4,18,3,EXH-000,exhibition,77
4,18,5,EXH-000,exhibition,75
4,18,6,EXH-000,exhibition,74
4,18,7,EXH-000,exhibition,73
4,18,11,EXH-000,exhibition,69
4,18,12,EXH-000,exhibition,68
4,18,14,EXH-000,exhibition,66
4,18,15,EXH-000,exhibition,65
4,18,16,EXH-000,exhibition,64
4,18,18,EXH-000,exhibition,62
4,18,19,EXH-000,exhibition,61
4,18,24,EXH-000,exhibition,56
4,18,25,EXH-000,exhibition,55
4,18,27,EXH-000,exhibition,53
4,18,28,EXH-000,exhibition,52
4,18,30,EXH-000,exhibition,52
4,18,31,EXH-000,exhibition,52
4,18,35,EXH-000,exhibition,54
4,18,36,EXH-000,exhibition,55
4,18,38,EXH-000,exhibition,57
4,18,39,EXH-000,exhibition,58
4,18,41,EXH-000,exhibition,60
4,19,0,EXH-000,exhibition,81
4,19,3,EXH-000,exhibition,78
4,19,6,EXH-000,exhibition,75
4,19,7,EXH-000,exhibition,74
4,19,11,EXH-000,exhibition,70
4,19,12,EXH-000,exhibition,69
4,19,14,EXH-000,exhibition,67
4,19,15,EXH-000,exhibition,66
4,19,16,EXH-000,exhibition,65
4,19,18,EXH-000,exhibition,63
4,19,19,EXH-000,exhibition,62
4,19,24,EXH-000,exhibition,57
4,19,28,EXH-000,exhibition,53
4,19,30,EXH-000,exhibition,53
4,19,31,EXH-000,exhibition,53
4,19,35,EXH-000,exhibition,55
4,19,36,EXH-000,exhibition,56
4,19,38,EXH-000,exhibition,58
4,19,39,EXH-000,exhibition,59
4,19,41,EXH-000,exhibition,61
4,20,0,EXH-000,exhibition,82
4,20,3,EXH-000,exhibition,79
4,20,6,EXH-000,exhibition,76
4,20,7,EXH-000,exhibition,75
4,20,11,EXH-000,exhibition,71
4,20,12,EXH-000,exhibition,70
4,20,14,EXH-000,exhibition,68
4,20,15,EXH-000,exhibition,67
4,20,16,EXH-000,exhibition,66
4,20,18,EXH-000,exhibition,64
4,20,19,EXH-000,exhibition,63
4,20,24,EXH-000,exhibition,58
4,20,28,EXH-000,exhibition,54
4,20,30,EXH-000,exhibition,54
4,20,31,EXH-000,exhibition,54
4,20,35,EXH-000,exhibition,56
4,20,36,EXH-000,exhibition,57
4,20,38,EXH-000,exhibition,59
4,20,39,EXH-000,exhibition,60
4,20,41,EXH-000,exhibition,62
4,21,0,EXH-000,exhibition,83
4,21,3,EXH-000,exhibition,80
4,21,6,EXH-000,exhibition,77
4,21,7,EXH-000,exhibition,76
4,21,11,EXH-000,exhibition,72
4,21,12,EXH-000,exhibition,71
4,21,14,EXH-000,exhibition,69
4,21,15,EXH-000,exhibition,68
4,21,16,EXH-000,exhibition,67
4,21,18,EXH-000,exhibition,65
4,21,19,EXH-000,exhibition,64
4,21,24,EXH-000,exhibition,59
4,21,28,EXH-000,exhibition,55
4,21,30,EXH-000,exhibition,55
4,21,31,EXH-000,exhibition,55
4,21,35,EXH-000,exhibition,57
4,21,36,EXH-000,exhibition,58
4,21,38,EXH-000,exhibition,60
4,21,39,EXH-000,exhibition,61
4,21,41,EXH-000,exhibition,63
4,26,0,EXH-000,exhibition,88
4,26,2,EXH-000,exhibition,86
4,26,3,EXH-000,exhibition,85
4,26,4,EXH-000,exhibition,84
4,26,5,EXH-000,exhibition,83
4,26,6,EXH-000,exhibition,82
4,26,7,EXH-000,exhibition,81
4,26,8,EXH-000,exhibition,80
4,26,9,EXH-000,exhibition,79
4,26,10,EXH-000,exhibition,78
4,26,11,EXH-000,exhibition,77
4,26,12,EXH-000,exhibition,76
4,26,13,EXH-000,exhibition,75
4,26,14,EXH-000,exhibition,74
4,26,15,EXH-000,exhibition,73
4,26,16,EXH-000,exhibition,72
4,26,18,EXH-000,exhibition,70
4,26,19,EXH-000,exhibition,69
4,26,20,EXH-000,exhibition,68
4,26,21,EXH-000,exhibition,67
4,26,22,EXH-000,exhibition,66
4,26,23,EXH-000,exhibition,65
4,26,24,EXH-000,exhibition,64
4,26,25,EXH-000,exhibition,63
4,26,26,EXH-000,exhibition,62
4,26,27,EXH-000,exhibition,61
4,26,28,EXH-000,exhibition,60
4,26,29,EXH-000,exhibition,60
4,26,31,EXH-000,exhibition,60
4,26,32,EXH-000,exhibition,60
4,26,33,EXH-000,exhibition,60
4,26,34,EXH-000,exhibition,61
4,26,36,EXH-000,exhibition,63
4,26,37,EXH-000,exhibition,64
4,27,0,EXH-000,exhibition,89
4,27,2,EXH-000,exhibition,87
4,27,3,EXH-000,exhibition,86
4,27,5,EXH-000,exhibition,84
4,27,6,EXH-000,exhibition,83
4,27,7,EXH-000,exhibition,82
4,27,8,EXH-000,exhibition,81
4,27,9,EXH-000,exhibition,80
4,27,10,EXH-000,exhibition,79
4,27,11,EXH-000,exhibition,78
4,27,12,EXH-000,exhibition,77
4,27,13,EXH-000,exhibition,76
4,27,14,EXH-000,exhibition,75
4,27,15,EXH-000,exhibition,74
4,27,16,EXH-000,exhibition,73
4,27,18,EXH-000,exhibition,71
4,27,19,EXH-000,exhibition,70
4,27,20,EXH-000,exhibition,69
4,27,21,EXH-000,exhibition,68
4,27,22,EXH-000,exhibition,67
4,27,23,EXH-000,exhibition,66
4,27,24,EXH-000,exhibition,65
4,27,25,EXH-000,exhibition,64
4,27,26,EXH-000,exhibition,63
4,27,27,EXH-000,exhibition,62
4,27,28,EXH-000,exhibition,61
4,27,29,EXH-000,exhibition,61
4,27,31,EXH-000,exhibition,61
4,27,32,EXH-000,exhibition,61
4,27,33,EXH-000,exhibition,61
4,27,34,EXH-000,exhibition,62
4,27,36,EXH-000,exhibition,64
4,27,37,EXH-000,exhibition,65
4,28,0,EXH-000,exhibition,90
4,28,2,EXH-000,exhibition,88
4,28,3,EXH-000,exhibition,87
4,28,5,EXH-000,exhibition,85
4,28,6,EXH-000,exhibition,84
4,28,7,EXH-000,exhibition,83
4,28,8,EXH-000,exhibition,82
4,28,9,EXH-000,exhibition,81
4,28,10,EXH-000,exhibition,80
4,28,11,EXH-000,exhibition,79
4,28,12,EXH-000,exhibition,78
4,28,13,EXH-000,exhibition,77
4,28,14,EXH-000,exhibition,76
4,28,15,EXH-000,exhibition,75
4,28,16,EXH-000,exhibition,74
4,28,18,EXH-000,exhibition,72
4,28,19,EXH-000,exhibition,71
4,28,20,EXH-000,exhibition,70
4,28,21,EXH-000,exhibition,69
4,28,22,EXH-000,exhibition,68
4,28,23,EXH-000,exhibition,67
4,28,24,EXH-000,exhibition,66
4,28,25,EXH-000,exhibition,65
4,28,26,EXH-000,exhibition,64
4,28,27,EXH-000,exhibition,63
4,28,28,EXH-000,exhibition,62
4,28,29,EXH-000,exhibition,62
4,28,31,EXH-000,exhibition,62
4,28,32,EXH-000,exhibition,62
4,28,33,EXH-000,exhibition,62
4,28,34,EXH-000,exhibition,63
4,28,36,EXH-000,exhibition,65
4,28,37,EXH-000,exhibition,66
4,29,0,EXH-000,exhibition,91
4,29,2,EXH-000,exhibition,89
4,29,3,EXH-000,exhibition,88
4,29,6,EXH-000,exhibition,85
4,29,7,EXH-000,exhibition,84
4,29,8,EXH-000,exhibition,83
4,29,9,EXH-000,exhibition,82
4,29,11,EXH-000,exhibition,80
4,29,12,EXH-000,exhibition,79
4,29,13,EXH-000,exhibition,78
4,29,14,EXH-000,exhibition,77
4,29,15,EXH-000,exhibition,76
4,29,18,EXH-000,exhibition,73
4,29,19,EXH-000,exhibition,72
4,29,20,EXH-000,exhibition,71
4,29,21,EXH-000,exhibition,70
4,29,22,EXH-000,exhibition,69
4,29,24,EXH-000,exhibition,67
4,29,25,EXH-000,exhibition,66
4,29,26,EXH-000,exhibition,65
4,29,27,EXH-000,exhibition,64
4,29,28,EXH-000,exhibition,63
4,29,29,EXH-000,exhibition,63
4,29,31,EXH-000,exhibition,63
4,29,32,EXH-000,exhibition,63
4,29,33,EXH-000,exhibition,63
4,29,34,EXH-000,exhibition,64
4,29,37,EXH-000,exhibition,67
