floor,row,col
1,0,1
1,0,8
1,0,10
1,0,11
1,0,13
1,0,15
1,0,16
1,0,18
1,0,19
1,0,22
1,0,23
1,0,35
1,0,36
1,0,37
1,0,39
1,0,40
1,0,42
1,1,1
1,1,2
1,1,3
1,1,4
1,1,5
1,1,6
1,1,8
1,1,10
1,1,11
1,1,13
1,1,15
1,1,16
1,1,18
1,1,19
1,1,22
1,1,23
1,1,24
1,1,25
1,1,26
1,1,27
1,1,28
1,1,29
1,1,30
1,1,31
1,1,32
1,1,35
1,1,36
1,1,37
1,1,39
1,1,40
1,1,42
1,2,1
1,2,8
1,2,10
1,2,11
1,2,13
1,2,15
1,2,16
1,2,18
1,2,19
1,2,22
1,2,23
1,2,29
1,2,30
1,2,31
1,2,32
1,2,35
1,2,36
1,2,37
1,2,39
1,2,40
1,2,42
1,3,1
1,3,8
1,3,10
1,3,11
1,3,13
1,3,15
1,3,16
1,3,18
1,3,19
1,3,22
1,3,23
1,3,29
1,3,30
1,3,31
1,3,32
1,3,36
1,3,37
1,3,39
1,3,40
1,3,42
1,4,1
1,4,8
1,4,10
1,4,11
1,4,13
1,4,15
1,4,16
1,4,18
1,4,19
1,4,22
1,4,23
1,4,36
1,4,37
1,4,39
1,4,40
1,4,42
1,5,1
1,5,8
1,5,10
1,5,11
1,5,13
1,5,15
1,5,16
1,5,18
1,5,19
1,5,22
1,5,23
1,5,36
1,5,37
1,5,39
1,5,40
1,5,42
1,6,1
1,6,8
1,6,10
1,6,11
1,6,13
1,6,15
1,6,16
1,6,18
1,6,19
1,6,22
1,6,23
1,6,36
1,6,37
1,6,39
1,6,40
1,6,42
1,7,1
1,7,8
1,7,10
1,7,11
1,7,13
1,7,15
1,7,16
1,7,18
1,7,19
1,7,22
1,7,23
1,7,36
1,7,37
1,7,39
1,7,40
1,7,42
1,8,1
1,8,8
1,8,10
1,8,11
1,8,13
1,8,15
1,8,16
1,8,18
1,8,19
1,8,22
1,8,23
1,8,36
1,8,37
1,8,39
1,8,40
1,8,42
1,11,1
1,11,3
1,11,4
1,11,6
1,11,8
1,11,9
1,11,11
1,11,12
1,11,14
1,11,16
1,11,17
1,11,19
1,11,20
1,11,22
1,11,24
1,11,25
1,11,27
1,11,28
1,11,30
1,11,32
1,11,33
1,11,35
1,11,36
1,11,38
1,11,39
1,11,41
1,11,42
1,11,44
1,12,1
1,12,3
1,12,4
1,12,6
1,12,8
1,12,9
1,12,11
1,12,12
1,12,14
1,12,16
1,12,17
1,12,19
1,12,20
1,12,22
1,12,24
1,12,25
1,12,27
1,12,28
1,12,30
1,12,32
1,12,33
1,12,35
1,12,36
1,12,38
1,12,39
1,12,41
1,12,42
1,12,44
1,13,1
1,13,3
1,13,4
1,13,6
1,13,8
1,13,9
1,13,11
1,13,12
1,13,14
1,13,16
1,13,17
1,13,19
1,13,20
1,13,22
1,13,24
1,13,25
1,13,27
1,13,28
1,13,30
1,13,32
1,13,33
1,13,35
1,13,36
1,13,38
1,13,39
1,13,41
1,13,42
1,13,44
1,14,1
1,14,3
1,14,4
1,14,6
1,14,8
1,14,9
1,14,11
1,14,12
1,14,14
1,14,16
1,14,17
1,14,19
1,14,20
1,14,22
1,14,24
1,14,25
1,14,27
1,14,28
1,14,30
1,14,32
1,14,33
1,14,35
1,14,36
1,14,38
1,14,39
1,14,41
1,14,42
1,14,44
1,15,1
1,15,3
1,15,4
1,15,6
1,15,8
1,15,9
1,15,11
1,15,12
1,15,14
1,15,16
1,15,17
1,15,19
1,15,20
1,15,22
1,15,24
1,15,25
1,15,27
1,15,28
1,15,30
1,15,32
1,15,33
1,15,35
1,15,36
1,15,38
1,15,39
1,15,41
1,15,42
1,15,44
1,16,1
1,16,3
1,16,4
1,16,6
1,16,8
1,16,9
1,16,11
1,16,12
1,16,14
1,16,16
1,16,17
1,16,19
1,16,20
1,16,22
1,16,24
1,16,25
1,16,27
1,16,28
1,16,30
1,16,32
1,16,33
1,16,35
1,16,36
1,16,38
1,16,39
1,16,41
1,16,42
1,16,44
1,17,1
1,17,3
1,17,4
1,17,6
1,17,8
1,17,9
1,17,11
1,17,12
1,17,14
1,17,16
1,17,17
1,17,19
1,17,20
1,17,22
1,17,24
1,17,25
1,17,27
1,17,28
1,17,30
1,17,32
1,17,33
1,17,35
1,17,36
1,17,38
1,17,39
1,17,41
1,17,42
1,17,44
1,18,1
1,18,3
1,18,4
1,18,6
1,18,8
1,18,9
1,18,11
1,18,12
1,18,14
1,18,16
1,18,17
1,18,19
1,18,20
1,18,22
1,18,24
1,18,25
1,18,27
1,18,28
1,18,30
1,18,32
1,18,33
1,18,35
1,18,36
1,18,38
1,18,39
1,18,41
1,18,42
1,18,44
1,22,1
1,22,3
1,22,4
1,22,6
1,22,8
1,22,9
1,22,11
1,22,12
1,22,14
1,22,16
1,22,17
1,22,19
1,22,20
1,22,22
1,22,24
1,22,25
1,22,27
1,22,28
1,22,30
1,22,32
1,22,33
1,22,35
1,22,36
1,22,38
1,22,39
1,22,41
1,22,42
1,22,44
1,23,1
1,23,3
1,23,4
1,23,6
1,23,8
1,23,9
1,23,11
1,23,12
1,23,14
1,23,16
1,23,17
1,23,19
1,23,20
1,23,22
1,23,24
1,23,25
1,23,27
1,23,28
1,23,30
1,23,32
1,23,33
1,23,35
1,23,36
1,23,38
1,23,39
1,23,41
1,23,42
1,23,44
1,24,1
1,24,3
1,24,4
1,24,6
1,24,8
1,24,9
1,24,11
1,24,12
1,24,14
1,24,16
1,24,17
1,24,19
1,24,20
1,24,22
1,24,24
1,24,25
1,24,27
1,24,28
1,24,30
1,24,32
1,24,33
1,24,35
1,24,36
1,24,38
1,24,39
1,24,41
1,24,42
1,24,44
1,25,1
1,25,3
1,25,4
1,25,6
1,25,8
1,25,9
1,25,11
1,25,12
1,25,14
1,25,16
1,25,17
1,25,19
1,25,20
1,25,22
1,25,24
1,25,25
1,25,27
1,25,28
1,25,30
1,25,32
1,25,33
1,25,35
1,25,36
1,25,38
1,25,39
1,25,41
1,25,42
1,25,44
1,26,1
1,26,3
1,26,4
1,26,6
1,26,8
1,26,9
1,26,11
1,26,12
1,26,14
1,26,16
1,26,17
1,26,19
1,26,20
1,26,22
1,26,24
1,26,25
1,26,27
1,26,28
1,26,30
1,26,32
1,26,33
1,26,35
1,26,36
1,26,38
1,26,39
1,26,41
1,26,42
1,26,44
1,27,1
1,27,3
1,27,4
1,27,6
1,27,8
1,27,9
1,27,11
1,27,12
1,27,14
1,27,16
1,27,17
1,27,19
1,27,20
1,27,22
1,27,24
1,27,25
1,27,27
1,27,28
1,27,30
1,27,32
1,27,33
1,27,35
1,27,36
1,27,38
1,27,39
1,27,41
1,27,42
1,27,44
1,28,1
1,28,3
1,28,4
1,28,6
1,28,8
1,28,9
1,28,11
1,28,12
1,28,14
1,28,16
1,28,17
1,28,19
1,28,20
1,28,22
1,28,24
1,28,25
1,28,27
1,28,28
1,28,30
1,28,32
1,28,33
1,28,35
1,28,36
1,28,38
1,28,39
1,28,41
1,28,42
1,28,44
1,29,1
1,29,3
1,29,4
1,29,6
1,29,8
1,29,9
1,29,11
1,29,12
1,29,14
1,29,16
1,29,17
1,29,19
1,29,20
1,29,22
1,29,24
1,29,25
1,29,27
1,29,28
1,29,30
1,29,32
1,29,33
1,29,35
1,29,36
1,29,38
1,29,39
1,29,41
1,29,42
1,29,44
2,0,1
2,0,8
2,0,10
2,0,11
2,0,13
2,0,15
2,0,16
2,0,18
2,0,19
2,0,22
2,0,23
2,0,35
2,0,36
2,0,37
2,0,39
2,0,40
2,0,42
2,1,1
2,1,2
2,1,3
2,1,4
2,1,5
2,1,6
2,1,8
2,1,10
2,1,11
2,1,13
2,1,15
2,1,16
2,1,18
2,1,19
2,1,22
2,1,23
2,1,24
2,1,25
2,1,26
2,1,27
2,1,28
2,1,29
2,1,30
2,1,31
2,1,32
2,1,35
2,1,36
2,1,37
2,1,39
2,1,40
2,1,42
2,2,1
2,2,8
2,2,10
2,2,11
2,2,13
2,2,15
2,2,16
2,2,18
2,2,19
2,2,22
2,2,23
2,2,29
2,2,30
2,2,31
2,2,32
2,2,35
2,2,36
2,2,37
2,2,39
2,2,40
2,2,42
2,3,1
2,3,8
2,3,10
2,3,11
2,3,13
2,3,15
2,3,16
2,3,18
2,3,19
2,3,22
2,3,23
2,3,29
2,3,30
2,3,31
2,3,32
2,3,36
2,3,37
2,3,39
2,3,40
2,3,42
2,4,1
2,4,8
2,4,10
2,4,11
2,4,13
2,4,15
2,4,16
2,4,18
2,4,19
2,4,22
2,4,23
2,4,36
2,4,37
2,4,39
2,4,40
2,4,42
2,5,1
2,5,8
2,5,10
2,5,11
2,5,13
2,5,15
2,5,16
2,5,18
2,5,19
2,5,22
2,5,23
2,5,36
2,5,37
2,5,39
2,5,40
2,5,42
2,6,1
2,6,8
2,6,10
2,6,11
2,6,13
2,6,15
2,6,16
2,6,18
2,6,19
2,6,22
2,6,23
2,6,36
2,6,37
2,6,39
2,6,40
2,6,42
2,7,1
2,7,8
2,7,10
2,7,11
2,7,13
2,7,15
2,7,16
2,7,18
2,7,19
2,7,22
2,7,23
2,7,36
2,7,37
2,7,39
2,7,40
2,7,42
2,8,1
2,8,8
2,8,10
2,8,11
2,8,13
2,8,15
2,8,16
2,8,18
2,8,19
2,8,22
2,8,23
2,8,36
2,8,37
2,8,39
2,8,40
2,8,42
2,11,1
2,11,3
2,11,4
2,11,6
2,11,8
2,11,9
2,11,11
2,11,12
2,11,14
2,11,16
2,11,17
2,11,19
2,11,20
2,11,22
2,11,24
2,11,25
2,11,27
2,11,28
2,11,30
2,11,32
2,11,33
2,11,35
2,11,36
2,11,38
2,11,39
2,11,41
2,11,42
2,11,44
2,12,1
2,12,3
2,12,4
2,12,6
2,12,8
2,12,9
2,12,11
2,12,12
2,12,14
2,12,16
2,12,17
2,12,19
2,12,20
2,12,22
2,12,24
2,12,25
2,12,27
2,12,28
2,12,30
2,12,32
2,12,33
2,12,35
2,12,36
2,12,38
2,12,39
2,12,41
2,12,42
2,12,44
2,13,1
2,13,3
2,13,4
2,13,6
2,13,8
2,13,9
2,13,11
2,13,12
2,13,14
2,13,16
2,13,17
2,13,19
2,13,20
2,13,22
2,13,24
2,13,25
2,13,27
2,13,28
2,13,30
2,13,32
2,13,33
2,13,35
2,13,36
2,13,38
2,13,39
2,13,41
2,13,42
2,13,44
2,14,1
2,14,3
2,14,4
2,14,6
2,14,8
2,14,9
2,14,11
2,14,12
2,14,14
2,14,16
2,14,17
2,14,19
2,14,20
2,14,22
2,14,24
2,14,25
2,14,27
2,14,28
2,14,30
2,14,32
2,14,33
2,14,35
2,14,36
2,14,38
2,14,39
2,14,41
2,14,42
2,14,44
2,15,1
2,15,3
2,15,4
2,15,6
2,15,8
2,15,9
2,15,11
2,15,12
2,15,14
2,15,16
2,15,17
2,15,19
2,15,20
2,15,22
2,15,24
2,15,25
2,15,27
2,15,28
2,15,30
2,15,32
2,15,33
2,15,35
2,15,36
2,15,38
2,15,39
2,15,41
2,15,42
2,15,44
2,16,1
2,16,3
2,16,4
2,16,6
2,16,8
2,16,9
2,16,11
2,16,12
2,16,14
2,16,16
2,16,17
2,16,19
2,16,20
2,16,22
2,16,24
2,16,25
2,16,27
2,16,28
2,16,30
2,16,32
2,16,33
2,16,35
2,16,36
2,16,38
2,16,39
2,16,41
2,16,42
2,16,44
2,17,1
2,17,3
2,17,4
2,17,6
2,17,8
2,17,9
2,17,11
2,17,12
2,17,14
2,17,16
2,17,17
2,17,19
2,17,20
2,17,22
2,17,24
2,17,25
2,17,27
2,17,28
2,17,30
2,17,32
2,17,33
2,17,35
2,17,36
2,17,38
2,17,39
2,17,41
2,17,42
2,17,44
2,18,1
2,18,3
2,18,4
2,18,6
2,18,8
2,18,9
2,18,11
2,18,12
2,18,14
2,18,16
2,18,17
2,18,19
2,18,20
2,18,22
2,18,24
2,18,25
2,18,27
2,18,28
2,18,30
2,18,32
2,18,33
2,18,35
2,18,36
2,18,38
2,18,39
2,18,41
2,18,42
2,18,44
2,22,1
2,22,3
2,22,4
2,22,6
2,22,8
2,22,9
2,22,11
2,22,12
2,22,14
2,22,16
2,22,17
2,22,19
2,22,20
2,22,22
2,22,24
2,22,25
2,22,27
2,22,28
2,22,30
2,22,32
2,22,33
2,22,35
2,22,36
2,22,38
2,22,39
2,22,41
2,22,42
2,22,44
2,23,1
2,23,3
2,23,4
2,23,6
2,23,8
2,23,9
2,23,11
2,23,12
2,23,14
2,23,16
2,23,17
2,23,19
2,23,20
2,23,22
2,23,24
2,23,25
2,23,27
2,23,28
2,23,30
2,23,32
2,23,33
2,23,35
2,23,36
2,23,38
2,23,39
2,23,41
2,23,42
2,23,44
2,24,1
2,24,3
2,24,4
2,24,6
2,24,8
2,24,9
2,24,11
2,24,12
2,24,14
2,24,16
2,24,17
2,24,19
2,24,20
2,24,22
2,24,24
2,24,25
2,24,27
2,24,28
2,24,30
2,24,32
2,24,33
2,24,35
2,24,36
2,24,38
2,24,39
2,24,41
2,24,42
2,24,44
2,25,1
2,25,3
2,25,4
2,25,6
2,25,8
2,25,9
2,25,11
2,25,12
2,25,14
2,25,16
2,25,17
2,25,19
2,25,20
2,25,22
2,25,24
2,25,25
2,25,27
2,25,28
2,25,30
2,25,32
2,25,33
2,25,35
2,25,36
2,25,38
2,25,39
2,25,41
2,25,42
2,25,44
2,26,1
2,26,3
2,26,4
2,26,6
2,26,8
2,26,9
2,26,11
2,26,12
2,26,14
2,26,16
2,26,17
2,26,19
2,26,20
2,26,22
2,26,24
2,26,25
2,26,27
2,26,28
2,26,30
2,26,32
2,26,33
2,26,35
2,26,36
2,26,38
2,26,39
2,26,41
2,26,42
2,26,44
2,27,1
2,27,3
2,27,4
2,27,6
2,27,8
2,27,9
2,27,11
2,27,12
2,27,14
2,27,16
2,27,17
2,27,19
2,27,20
2,27,22
2,27,24
2,27,25
2,27,27
2,27,28
2,27,30
2,27,32
2,27,33
2,27,35
2,27,36
2,27,38
2,27,39
2,27,41
2,27,42
2,27,44
2,28,1
2,28,3
2,28,4
2,28,6
2,28,8
2,28,9
2,28,11
2,28,12
2,28,14
2,28,16
2,28,17
2,28,19
2,28,20
2,28,22
2,28,24
2,28,25
2,28,27
2,28,28
2,28,30
2,28,32
2,28,33
2,28,35
2,28,36
2,28,38
2,28,39
2,28,41
2,28,42
2,28,44
2,29,1
2,29,3
2,29,4
2,29,6
2,29,8
2,29,9
2,29,11
2,29,12
2,29,14
2,29,16
2,29,17
2,29,19
2,29,20
2,29,22
2,29,24
2,29,25
2,29,27
2,29,28
2,29,30
2,29,32
2,29,33
2,29,35
2,29,36
2,29,38
2,29,39
2,29,41
2,29,42
2,29,44
3,0,0
3,0,1
3,0,2
3,0,3
3,0,4
3,0,5
3,0,6
3,0,9
3,0,10
3,0,11
3,0,12
3,0,14
3,0,15
3,0,17
3,0,18
3,0,22
3,0,23
3,0,24
3,0,25
3,0,26
3,0,27
3,0,28
3,0,29
3,0,30
3,0,31
3,0,36
3,0,38
3,0,39
3,0,41
3,1,0
3,1,9
3,1,10
3,1,11
3,1,12
3,1,14
3,1,15
3,1,17
3,1,18
3,1,22
3,1,23
3,1,36
3,1,38
3,1,39
3,1,41
3,2,0
3,2,9
3,2,10
3,2,11
3,2,12
3,2,14
3,2,15
3,2,17
3,2,18
3,2,22
3,2,23
3,2,28
3,2,29
3,2,30
3,2,31
3,2,36
3,2,38
3,2,39
3,2,41
3,3,0
3,3,9
3,3,10
3,3,11
3,3,12
3,3,14
3,3,15
3,3,17
3,3,18
3,3,22
3,3,23
3,3,28
3,3,29
3,3,30
3,3,31
3,3,36
3,3,38
3,3,39
3,3,41
3,4,0
3,4,9
3,4,10
3,4,11
3,4,12
3,4,14
3,4,15
3,4,17
3,4,18
3,4,22
3,4,23
3,4,36
3,4,38
3,4,39
3,4,41
3,5,0
3,5,9
3,5,10
3,5,11
3,5,12
3,5,14
3,5,15
3,5,17
3,5,18
3,5,22
3,5,23
3,5,36
3,5,38
3,5,39
3,5,41
3,6,0
3,6,9
3,6,10
3,6,11
3,6,12
3,6,14
3,6,15
3,6,17
3,6,18
3,6,22
3,6,23
3,6,36
3,6,38
3,6,39
3,6,41
3,7,0
3,7,9
3,7,10
3,7,11
3,7,12
3,7,14
3,7,15
3,7,17
3,7,18
3,7,22
3,7,23
3,7,36
3,7,38
3,7,39
3,7,41
3,8,0
3,8,9
3,8,10
3,8,11
3,8,12
3,8,14
3,8,15
3,8,17
3,8,18
3,8,22
3,8,23
3,8,36
3,8,38
3,8,39
3,8,41
3,12,0
3,12,1
3,12,2
3,12,3
3,12,5
3,12,6
3,12,7
3,12,11
3,12,12
3,12,14
3,12,15
3,12,16
3,12,18
3,12,19
3,12,24
3,12,25
3,12,27
3,12,28
3,12,30
3,12,31
3,12,34
3,12,35
3,12,36
3,12,38
3,12,39
3,12,41
3,13,0
3,13,1
3,13,2
3,13,3
3,13,5
3,13,6
3,13,7
3,13,11
3,13,12
3,13,14
3,13,15
3,13,16
3,13,18
3,13,19
3,13,24
3,13,25
3,13,27
3,13,28
3,13,30
3,13,31
3,13,34
3,13,35
3,13,36
3,13,38
3,13,39
3,13,41
3,14,0
3,14,1
3,14,2
3,14,3
3,14,5
3,14,6
3,14,7
3,14,11
3,14,12
3,14,14
3,14,15
3,14,16
3,14,18
3,14,19
3,14,24
3,14,25
3,14,27
3,14,28
3,14,30
3,14,31
3,14,34
3,14,35
3,14,36
3,14,38
3,14,39
3,14,41
3,15,0
3,15,2
3,15,3
3,15,6
3,15,7
3,15,11
3,15,12
3,15,14
3,15,15
3,15,16
3,15,18
3,15,24
3,15,25
3,15,28
3,15,30
3,15,31
3,15,35
3,15,36
3,15,38
3,15,39
3,15,41
3,16,0
3,16,1
3,16,2
3,16,3
3,16,5
3,16,6
3,16,7
3,16,11
3,16,12
3,16,14
3,16,15
3,16,16
3,16,18
3,16,24
3,16,25
3,16,27
3,16,28
3,16,30
3,16,31
3,16,34
3,16,35
3,16,36
3,16,38
3,16,39
3,16,41
3,17,0
3,17,1
3,17,2
3,17,3
3,17,5
3,17,6
3,17,7
3,17,11
3,17,12
3,17,14
3,17,15
3,17,16
3,17,18
3,17,24
3,17,25
3,17,27
3,17,28
3,17,30
3,17,31
3,17,34
3,17,35
3,17,36
3,17,38
3,17,39
3,17,41
3,18,0
3,18,1
3,18,3
3,18,5
3,18,6
3,18,7
3,18,11
3,18,12
3,18,14
3,18,15
3,18,16
3,18,18
3,18,19
3,18,24
3,18,25
3,18,27
3,18,28
3,18,30
3,18,31
3,18,35
3,18,36
3,18,38
3,18,39
3,18,41
3,19,0
3,19,3
3,19,6
3,19,7
3,19,11
3,19,12
3,19,14
3,19,15
3,19,16
3,19,18
3,19,19
3,19,24
3,19,28
3,19,30
3,19,31
3,19,35
3,19,36
3,19,38
3,19,39
3,19,41
3,20,0
3,20,3
3,20,6
3,20,7
3,20,11
3,20,12
3,20,14
3,20,15
3,20,16
3,20,18
3,20,19
3,20,24
3,20,28
3,20,30
3,20,31
3,20,35
3,20,36
3,20,38
3,20,39
3,20,41
3,21,0
3,21,3
3,21,6
3,21,7
3,21,11
3,21,12
3,21,14
3,21,15
3,21,16
3,21,18
3,21,19
3,21,24
3,21,28
3,21,30
3,21,31
3,21,35
3,21,36
3,21,38
3,21,39
3,21,41
3,26,0
3,26,2
3,26,3
3,26,4
3,26,5
3,26,6
3,26,7
3,26,8
3,26,9
3,26,10
3,26,11
3,26,12
3,26,13
3,26,14
3,26,15
3,26,16
3,26,18
3,26,19
3,26,20
3,26,21
3,26,22
3,26,23
3,26,24
3,26,25
3,26,26
3,26,27
3,26,28
3,26,29
3,26,31
3,26,32
3,26,33
3,26,34
3,26,36
3,26,37
3,27,0
3,27,2
3,27,3
3,27,5
3,27,6
3,27,7
3,27,8
3,27,9
3,27,10
3,27,11
3,27,12
3,27,13
3,27,14
3,27,15
3,27,16
3,27,18
3,27,19
3,27,20
3,27,21
3,27,22
3,27,23
3,27,24
3,27,25
3,27,26
3,27,27
3,27,28
3,27,29
3,27,31
3,27,32
3,27,33
3,27,34
3,27,36
3,27,37
3,28,0
3,28,2
3,28,3
3,28,5
3,28,6
3,28,7
3,28,8
3,28,9
3,28,10
3,28,11
3,28,12
3,28,13
3,28,14
3,28,15
3,28,16
3,28,18
3,28,19
3,28,20
3,28,21
3,28,22
3,28,23
3,28,24
3,28,25
3,28,26
3,28,27
3,28,28
3,28,29
3,28,31
3,28,32
3,28,33
3,28,34
3,28,36
3,28,37
3,29,0
3,29,2
3,29,3
3,29,6
3,29,7
3,29,8
3,29,9
3,29,11
3,29,12
3,29,13
3,29,14
3,29,15
3,29,18
3,29,19
3,29,20
3,29,21
3,29,22
3,29,24
3,29,25
3,29,26
3,29,27
3,29,28
3,29,29
3,29,31
3,29,32
3,29,33
3,29,34
3,29,37
4,0,0
4,0,1
4,0,2
4,0,3
4,0,4
4,0,5
4,0,6
4,0,9
4,0,10
4,0,11
4,0,12
4,0,14
4,0,15
4,0,17
4,0,18
4,0,22
4,0,23
4,0,24
4,0,25
4,0,26
4,0,27
4,0,28
4,0,29
4,0,30
4,0,31
4,0,36
4,0,38
4,0,39
4,0,41
4,1,0
4,1,9
4,1,10
4,1,11
4,1,12
4,1,14
4,1,15
4,1,17
4,1,18
4,1,22
4,1,23
4,1,36
4,1,38
4,1,39
4,1,41
4,2,0
4,2,9
4,2,10
4,2,11
4,2,12
4,2,14
4,2,15
4,2,17
4,2,18
4,2,22
4,2,23
4,2,28
4,2,29
4,2,30
4,2,31
4,2,36
4,2,38
4,2,39
4,2,41
4,3,0
4,3,9
4,3,10
4,3,11
4,3,12
4,3,14
4,3,15
4,3,17
4,3,18
4,3,22
4,3,23
4,3,28
4,3,29
4,3,30
4,3,31
4,3,36
4,3,38
4,3,39
4,3,41
4,4,0
4,4,9
4,4,10
4,4,11
4,4,12
4,4,14
4,4,15
4,4,17
4,4,18
4,4,22
4,4,23
4,4,36
4,4,38
4,4,39
4,4,41
4,5,0
4,5,9
4,5,10
4,5,11
4,5,12
4,5,14
4,5,15
4,5,17
4,5,18
4,5,22
4,5,23
4,5,36
4,5,38
4,5,39
4,5,41
4,6,0
4,6,9
4,6,10
4,6,11
4,6,12
4,6,14
4,6,15
4,6,17
4,6,18
4,6,22
4,6,23
4,6,36
4,6,38
4,6,39
4,6,41
4,7,0
4,7,9
4,7,10
4,7,11
4,7,12
4,7,14
4,7,15
4,7,17
4,7,18
4,7,22
4,7,23
4,7,36
4,7,38
4,7,39
4,7,41
4,8,0
4,8,9
4,8,10
4,8,11
4,8,12
4,8,14
4,8,15
4,8,17
4,8,18
4,8,22
4,8,23
4,8,36
4,8,38
4,8,39
4,8,41
4,12,0
4,12,1
4,12,2
4,12,3
4,12,5
4,12,6
4,12,7
4,12,11
4,12,12
4,12,14
4,12,15
4,12,16
4,12,18
4,12,19
4,12,24
4,12,25
4,12,27
4,12,28
4,12,30
4,12,31
4,12,34
4,12,35
4,12,36
4,12,38
4,12,39
4,12,41
4,13,0
4,13,1
4,13,2
4,13,3
4,13,5
4,13,6
4,13,7
4,13,11
4,13,12
4,13,14
4,13,15
4,13,16
4,13,18
4,13,19
4,13,24
4,13,25
4,13,27
4,13,28
4,13,30
4,13,31
4,13,34
4,13,35
4,13,36
4,13,38
4,13,39
4,13,41
4,14,0
4,14,1
4,14,2
4,14,3
4,14,5
4,14,6
4,14,7
4,14,11
4,14,12
4,14,14
4,14,15
4,14,16
4,14,18
4,14,19
4,14,24
4,14,25
4,14,27
4,14,28
4,14,30
4,14,31
4,14,34
4,14,35
4,14,36
4,14,38
4,14,39
4,14,41
4,15,0
4,15,2
4,15,3
4,15,6
4,15,7
4,15,11
4,15,12
4,15,14
4,15,15
4,15,16
4,15,18
4,15,24
4,15,25
4,15,28
4,15,30
4,15,31
4,15,35
4,15,36
4,15,38
4,15,39
4,15,41
4,16,0
4,16,1
4,16,2
4,16,3
4,16,5
4,16,6
4,16,7
4,16,11
4,16,12
4,16,14
4,16,15
4,16,16
4,16,18
4,16,24
4,16,25
4,16,27
4,16,28
4,16,30
4,16,31
4,16,34
4,16,35
4,16,36
4,16,38
4,16,39
4,16,41
4,17,0
4,17,1
4,17,2
4,17,3
4,17,5
4,17,6
4,17,7
4,17,11
4,17,12
4,17,14
4,17,15
4,17,16
4,17,18
4,17,24
4,17,25
4,17,27
4,17,28
4,17,30
4,17,31
4,17,34
4,17,35
4,17,36
4,17,38
4,17,39
4,17,41
4,18,0
4,18,1
4,18,3
4,18,5
4,18,6
4,18,7
4,18,11
4,18,12
4,18,14
4,18,15
4,18,16
4,18,18
4,18,19
4,18,24
4,18,25
4,18,27
4,18,28
4,18,30
4,18,31
4,18,35
4,18,36
4,18,38
4,18,39
4,18,41
4,19,0
4,19,3
4,19,6
4,19,7
4,19,11
4,19,12
4,19,14
4,19,15
4,19,16
4,19,18
4,19,19
4,19,24
4,19,28
4,19,30
4,19,31
4,19,35
4,19,36
4,19,38
4,19,39
4,19,41
4,20,0
4,20,3
4,20,6
4,20,7
4,20,11
4,20,12
4,20,14
4,20,15
4,20,16
4,20,18
4,20,19
4,20,24
4,20,28
4,20,30
4,20,31
4,20,35
4,20,36
4,20,38
4,20,39
4,20,41
4,21,0
4,21,3
4,21,6
4,21,7
4,21,11
4,21,12
4,21,14
4,21,15
4,21,16
4,21,18
4,21,19
4,21,24
4,21,28
4,21,30
4,21,31
4,21,35
4,21,36
4,21,38
4,21,39
4,21,41
4,26,0
4,26,2
4,26,3
4,26,4
4,26,5
4,26,6
4,26,7
4,26,8
4,26,9
4,26,10
4,26,11
4,26,12
4,26,13
4,26,14
4,26,15
4,26,16
4,26,18
4,26,19
4,26,20
4,26,21
4,26,22
4,26,23
4,26,24
4,26,25
4,26,26
4,26,27
4,26,28
4,26,29
4,26,31
4,26,32
4,26,33
4,26,34
4,26,36
4,26,37
4,27,0
4,27,2
4,27,3
4,27,5
4,27,6
4,27,7
4,27,8
4,27,9
4,27,10
4,27,11
4,27,12
4,27,13
4,27,14
4,27,15
4,27,16
4,27,18
4,27,19
4,27,20
4,27,21
4,27,22
4,27,23
4,27,24
4,27,25
4,27,26
4,27,27
4,27,28
4,27,29
4,27,31
4,27,32
4,27,33
4,27,34
4,27,36
4,27,37
4,28,0
4,28,2
4,28,3
4,28,5
4,28,6
4,28,7
4,28,8
4,28,9
4,28,10
4,28,11
4,28,12
4,28,13
4,28,14
4,28,15
4,28,16
4,28,18
4,28,19
4,28,20
4,28,21
4,28,22
4,28,23
4,28,24
4,28,25
4,28,26
4,28,27
4,28,28
4,28,29
4,28,31
4,28,32
4,28,33
4,28,34
4,28,36
4,28,37
4,29,0
4,29,2
4,29,3
4,29,6
4,29,7
4,29,8
4,29,9
4,29,11
4,29,12
4,29,13
4,29,14
4,29,15
4,29,18
4,29,19
4,29,20
4,29,21
4,29,22
4,29,24
4,29,25
4,29,26
4,29,27
4,29,28
4,29,29
4,29,31
4,29,32
4,29,33
4,29,34
4,29,37
