target_idx,label,type,n_access_points,access_points
0,0A-01-01,shelf,2,"[(6, 25), (7, 26)]"
1,0A-01-02,shelf,1,"[(8, 26)]"
2,0A-01-03,shelf,1,"[(9, 26)]"
3,0A-02-01,shelf,1,"[(10, 26)]"
4,0A-02-02,shelf,1,"[(11, 26)]"
5,0B-01-01,shelf,3,"[(14, 25), (15, 24), (15, 26)]"
6,0B-01-02,shelf,2,"[(16, 24), (16, 26)]"
7,0B-01-03,shelf,2,"[(17, 24), (17, 26)]"
8,0B-02-01,shelf,1,"[(18, 24)]"
9,0B-02-02,shelf,2,"[(19, 24), (19, 26)]"
10,0B-02-03,shelf,2,"[(20, 24), (20, 26)]"
11,0B-03-01,shelf,2,"[(21, 24), (21, 26)]"
12,0B-03-02,shelf,2,"[(22, 24), (22, 26)]"
13,0B-03-03,shelf,3,"[(23, 24), (23, 26), (24, 25)]"
14,0C-01-01,shelf,2,"[(6, 24), (7, 23)]"
15,0C-01-02,shelf,1,"[(8, 23)]"
16,0C-01-03,shelf,1,"[(9, 23)]"
17,0C-02-01,shelf,1,"[(10, 23)]"
18,0C-02-02,shelf,1,"[(11, 23)]"
19,0C-02-03,shelf,2,"[(12, 23), (13, 24)]"
20,0D-01-01,shelf,2,"[(14, 21), (15, 22)]"
21,0D-01-02,shelf,1,"[(16, 22)]"
22,0D-01-03,shelf,1,"[(17, 22)]"
23,0D-02-01,shelf,1,"[(18, 22)]"
24,0D-02-02,shelf,1,"[(19, 22)]"
25,0D-02-03,shelf,1,"[(20, 22)]"
26,0D-03-01,shelf,1,"[(21, 22)]"
27,0D-03-02,shelf,1,"[(22, 22)]"
28,0D-03-03,shelf,2,"[(23, 22), (24, 21)]"
29,0E-01-01,shelf,3,"[(6, 20), (7, 19), (7, 21)]"
30,0E-01-02,shelf,2,"[(8, 19), (8, 21)]"
31,0E-01-03,shelf,2,"[(9, 19), (9, 21)]"
32,0E-02-01,shelf,2,"[(10, 19), (10, 21)]"
33,0E-02-02,shelf,2,"[(11, 19), (11, 21)]"
34,0E-02-03,shelf,2,"[(12, 21), (13, 20)]"
35,0F-01-01,shelf,2,"[(14, 20), (15, 19)]"
36,0F-01-02,shelf,1,"[(16, 19)]"
37,0F-01-03,shelf,1,"[(17, 19)]"
38,0F-02-02,shelf,1,"[(19, 19)]"
39,0F-02-03,shelf,1,"[(20, 19)]"
40,0F-03-01,shelf,1,"[(21, 19)]"
41,0F-03-02,shelf,1,"[(22, 19)]"
42,0F-03-03,shelf,2,"[(23, 19), (24, 20)]"
43,0G-01-01,shelf,2,"[(6, 16), (7, 17)]"
44,0G-01-02,shelf,1,"[(8, 17)]"
45,0G-01-03,shelf,1,"[(9, 17)]"
46,0G-02-01,shelf,1,"[(10, 17)]"
47,0G-02-02,shelf,1,"[(11, 17)]"
48,0G-02-03,shelf,1,"[(13, 16)]"
49,0H-01-01,shelf,2,"[(14, 16), (15, 17)]"
50,0H-01-02,shelf,1,"[(16, 17)]"
51,0H-01-03,shelf,1,"[(17, 17)]"
52,0H-02-02,shelf,1,"[(19, 17)]"
53,0H-02-03,shelf,1,"[(20, 17)]"
54,0H-03-01,shelf,1,"[(21, 17)]"
55,0H-03-02,shelf,1,"[(22, 17)]"
56,0H-03-03,shelf,2,"[(23, 17), (24, 16)]"
57,0I-01-01,shelf,2,"[(6, 15), (7, 14)]"
58,0I-01-02,shelf,1,"[(8, 14)]"
59,0I-01-03,shelf,1,"[(9, 14)]"
60,0I-02-01,shelf,1,"[(10, 14)]"
61,0I-02-02,shelf,1,"[(11, 14)]"
62,0I-02-03,shelf,2,"[(12, 14), (13, 15)]"
63,0K-01-01,shelf,2,"[(14, 15), (15, 14)]"
64,0K-01-02,shelf,1,"[(16, 14)]"
65,0K-01-03,shelf,1,"[(17, 14)]"
66,0K-02-01,shelf,1,"[(18, 14)]"
67,0K-02-02,shelf,1,"[(19, 14)]"
68,0K-02-03,shelf,1,"[(20, 14)]"
69,0K-03-01,shelf,1,"[(21, 14)]"
70,0K-03-02,shelf,1,"[(22, 14)]"
71,0K-03-03,shelf,2,"[(23, 14), (24, 15)]"
72,0M-01-01,shelf,2,"[(6, 11), (7, 12)]"
73,0M-01-02,shelf,1,"[(8, 12)]"
74,0M-01-03,shelf,1,"[(9, 12)]"
75,0M-02-01,shelf,1,"[(10, 12)]"
76,0M-02-02,shelf,1,"[(11, 12)]"
77,0N-01-01,shelf,2,"[(14, 11), (15, 12)]"
78,0N-01-02,shelf,1,"[(16, 12)]"
79,0N-01-03,shelf,1,"[(17, 12)]"
80,0N-02-02,shelf,1,"[(19, 12)]"
81,0N-02-03,shelf,1,"[(20, 12)]"
82,0N-03-01,shelf,1,"[(21, 12)]"
83,0N-03-02,shelf,1,"[(22, 12)]"
84,0N-03-03,shelf,1,"[(23, 12)]"
85,0P-01-01,shelf,2,"[(6, 10), (7, 9)]"
86,0P-01-02,shelf,1,"[(8, 9)]"
87,0P-01-03,shelf,1,"[(9, 9)]"
88,0P-02-01,shelf,1,"[(10, 9)]"
89,0P-02-02,shelf,1,"[(11, 9)]"
90,0P-02-03,shelf,2,"[(12, 9), (13, 10)]"
91,0Q-01-01,shelf,2,"[(14, 10), (15, 9)]"
92,0Q-01-02,shelf,1,"[(16, 9)]"
93,0Q-01-03,shelf,1,"[(17, 9)]"
94,0Q-02-01,shelf,1,"[(18, 9)]"
95,0Q-02-02,shelf,1,"[(19, 9)]"
96,0Q-02-03,shelf,1,"[(20, 9)]"
97,0Q-03-01,shelf,1,"[(21, 9)]"
98,0Q-03-02,shelf,1,"[(22, 9)]"
99,0Q-03-03,shelf,2,"[(23, 9), (24, 10)]"
100,0R-01-01,shelf,1,"[(7, 6)]"
101,0R-01-02,shelf,1,"[(8, 6)]"
102,0R-01-03,shelf,1,"[(9, 6)]"
103,0R-02-01,shelf,1,"[(10, 6)]"
104,0R-02-02,shelf,1,"[(11, 6)]"
105,0R-02-03,shelf,2,"[(12, 6), (13, 5)]"
106,0S-01-01,shelf,2,"[(14, 5), (15, 6)]"
107,0S-01-02,shelf,1,"[(16, 6)]"
108,0S-01-03,shelf,1,"[(17, 6)]"
109,0S-02-01,shelf,1,"[(18, 6)]"
110,0S-02-02,shelf,1,"[(19, 6)]"
111,0S-02-03,shelf,1,"[(20, 6)]"
112,0S-03-01,shelf,1,"[(21, 6)]"
113,0S-03-02,shelf,1,"[(22, 6)]"
114,0S-03-03,shelf,2,"[(23, 6), (24, 5)]"
115,0T-01-01,shelf,1,"[(7, 3)]"
116,0T-01-02,shelf,1,"[(8, 3)]"
117,0T-01-03,shelf,1,"[(9, 3)]"
118,0T-02-01,shelf,1,"[(10, 3)]"
119,0T-02-02,shelf,1,"[(11, 3)]"
120,0V-01-01,shelf,2,"[(14, 4), (15, 3)]"
121,0V-01-02,shelf,1,"[(16, 3)]"
122,0V-01-03,shelf,1,"[(17, 3)]"
123,0V-02-02,shelf,1,"[(19, 3)]"
124,0V-02-03,shelf,1,"[(20, 3)]"
125,0V-03-01,shelf,1,"[(21, 3)]"
126,0V-03-02,shelf,1,"[(22, 3)]"
127,0V-03-03,shelf,1,"[(23, 3)]"
128,0W-01-01,shelf,1,"[(7, 1)]"
129,0W-01-02,shelf,1,"[(8, 1)]"
130,0W-01-03,shelf,1,"[(9, 1)]"
131,0W-02-01,shelf,1,"[(10, 1)]"
132,0W-02-02,shelf,1,"[(11, 1)]"
133,0W-02-03,shelf,1,"[(12, 1)]"
134,0W-03-01,shelf,1,"[(13, 1)]"
135,0W-03-02,shelf,1,"[(14, 1)]"
136,0W-03-03,shelf,1,"[(15, 1)]"
137,0W-04-01,shelf,1,"[(16, 1)]"
138,0W-04-02,shelf,1,"[(17, 1)]"
139,0W-04-03,shelf,1,"[(18, 1)]"
140,0W-05-01,shelf,1,"[(19, 1)]"
141,0W-05-02,shelf,1,"[(20, 1)]"
142,0W-05-03,shelf,2,"[(21, 1), (22, 0)]"
143,EXH-000,exhibition,1,"[(7, 34)]"
144,EXH-001,exhibition,1,"[(7, 35)]"
145,EXH-002,exhibition,1,"[(7, 36)]"
146,EXH-003,exhibition,1,"[(7, 37)]"
147,EXH-004,exhibition,1,"[(7, 38)]"
148,EXH-005,exhibition,1,"[(7, 39)]"
149,EXH-006,exhibition,1,"[(7, 40)]"
150,EXH-007,exhibition,1,"[(7, 41)]"
151,EXH-008,exhibition,1,"[(8, 34)]"
152,EXH-009,exhibition,1,"[(8, 35)]"
153,EXH-010,exhibition,1,"[(8, 36)]"
154,EXH-011,exhibition,1,"[(8, 37)]"
155,EXH-012,exhibition,1,"[(8, 38)]"
156,EXH-013,exhibition,1,"[(8, 39)]"
157,EXH-014,exhibition,1,"[(8, 40)]"
158,EXH-015,exhibition,1,"[(8, 41)]"
159,EXH-016,exhibition,1,"[(9, 34)]"
160,EXH-017,exhibition,1,"[(9, 35)]"
161,EXH-018,exhibition,1,"[(9, 36)]"
162,EXH-019,exhibition,1,"[(9, 37)]"
163,EXH-020,exhibition,1,"[(9, 38)]"
164,EXH-021,exhibition,1,"[(9, 39)]"
165,EXH-022,exhibition,1,"[(9, 40)]"
166,EXH-023,exhibition,1,"[(9, 41)]"
167,EXH-024,exhibition,1,"[(10, 34)]"
168,EXH-025,exhibition,1,"[(10, 35)]"
169,EXH-026,exhibition,1,"[(10, 36)]"
170,EXH-027,exhibition,1,"[(10, 37)]"
171,EXH-028,exhibition,1,"[(10, 38)]"
172,EXH-029,exhibition,1,"[(10, 39)]"
173,EXH-030,exhibition,1,"[(10, 40)]"
174,EXH-031,exhibition,1,"[(10, 41)]"
175,EXH-032,exhibition,1,"[(11, 34)]"
176,EXH-033,exhibition,1,"[(11, 35)]"
177,EXH-034,exhibition,1,"[(11, 36)]"
178,EXH-035,exhibition,1,"[(11, 37)]"
179,EXH-036,exhibition,1,"[(11, 38)]"
180,EXH-037,exhibition,1,"[(11, 39)]"
181,EXH-038,exhibition,1,"[(11, 40)]"
182,EXH-039,exhibition,1,"[(11, 41)]"
183,EXH-040,exhibition,1,"[(13, 34)]"
184,EXH-041,exhibition,1,"[(13, 35)]"
185,EXH-042,exhibition,1,"[(13, 36)]"
186,EXH-043,exhibition,1,"[(13, 37)]"
187,EXH-044,exhibition,1,"[(13, 38)]"
188,EXH-045,exhibition,1,"[(13, 39)]"
189,EXH-046,exhibition,1,"[(13, 40)]"
190,EXH-047,exhibition,1,"[(13, 41)]"
191,EXH-048,exhibition,1,"[(14, 34)]"
192,EXH-049,exhibition,1,"[(14, 35)]"
193,EXH-050,exhibition,1,"[(14, 36)]"
194,EXH-051,exhibition,1,"[(14, 37)]"
195,EXH-052,exhibition,1,"[(14, 38)]"
196,EXH-053,exhibition,1,"[(14, 39)]"
197,EXH-054,exhibition,1,"[(14, 40)]"
198,EXH-055,exhibition,1,"[(14, 41)]"
199,EXH-056,exhibition,1,"[(15, 34)]"
200,EXH-057,exhibition,1,"[(15, 35)]"
201,EXH-058,exhibition,1,"[(15, 36)]"
202,EXH-059,exhibition,1,"[(15, 37)]"
203,EXH-060,exhibition,1,"[(15, 38)]"
204,EXH-061,exhibition,1,"[(15, 39)]"
205,EXH-062,exhibition,1,"[(15, 40)]"
206,EXH-063,exhibition,1,"[(15, 41)]"
207,EXH-064,exhibition,1,"[(16, 34)]"
208,EXH-065,exhibition,1,"[(16, 35)]"
209,EXH-066,exhibition,1,"[(16, 36)]"
210,EXH-067,exhibition,1,"[(16, 37)]"
211,EXH-068,exhibition,1,"[(16, 38)]"
212,EXH-069,exhibition,1,"[(16, 39)]"
213,EXH-070,exhibition,1,"[(16, 40)]"
214,EXH-071,exhibition,1,"[(16, 41)]"
