id_produit,forecasted_quantity,forecast_method,confidence_level,segment
31554,1628,Random Forest,HIGH,A_VERY_HIGH_FREQ_HIGH_VOL
35580,1293,Weighted MA (14d),MEDIUM,B_VERY_HIGH_FREQ_LOW_VOL
35576,1205,Weighted MA (14d),MEDIUM,B_VERY_HIGH_FREQ_LOW_VOL
34017,1170,Weighted MA (14d),MEDIUM,B_VERY_HIGH_FREQ_LOW_VOL
34014,1091,Weighted MA (14d),MEDIUM,B_VERY_HIGH_FREQ_LOW_VOL
34392,1024,Weighted MA (14d),MEDIUM,B_VERY_HIGH_FREQ_LOW_VOL
31731,966,Weighted MA (14d),MEDIUM,B_VERY_HIGH_FREQ_LOW_VOL
31461,945,Weighted MA (14d),MEDIUM,B_VERY_HIGH_FREQ_LOW_VOL
34018,828,Weighted MA (14d),MEDIUM,B_VERY_HIGH_FREQ_LOW_VOL
31756,815,Weighted MA (14d),MEDIUM,B_VERY_HIGH_FREQ_LOW_VOL
31995,807,Weighted MA (14d),MEDIUM,B_VERY_HIGH_FREQ_LOW_VOL
35578,797,Weighted MA (14d),MEDIUM,B_VERY_HIGH_FREQ_LOW_VOL
44489,703,Weighted MA (14d),MEDIUM,B_VERY_HIGH_FREQ_LOW_VOL
31730,698,Weighted MA (14d),MEDIUM,B_VERY_HIGH_FREQ_LOW_VOL
31543,696,Weighted MA (14d),MEDIUM,B_VERY_HIGH_FREQ_LOW_VOL
31985,693,Weighted MA (14d),MEDIUM,B_VERY_HIGH_FREQ_LOW_VOL
34393,600,Weighted MA (14d),MEDIUM,B_VERY_HIGH_FREQ_LOW_VOL
35586,588,Weighted MA (14d),MEDIUM,B_VERY_HIGH_FREQ_LOW_VOL
31732,573,Random Forest,HIGH,A_VERY_HIGH_FREQ_HIGH_VOL
31858,530,Weighted MA (14d),MEDIUM,B_VERY_HIGH_FREQ_LOW_VOL
31662,516,Weighted MA (14d),MEDIUM,B_VERY_HIGH_FREQ_LOW_VOL
31737,511,Weighted MA (14d),MEDIUM,B_VERY_HIGH_FREQ_LOW_VOL
31986,503,Random Forest,HIGH,A_VERY_HIGH_FREQ_HIGH_VOL
34403,501,Weighted MA (14d),MEDIUM,B_VERY_HIGH_FREQ_LOW_VOL
35595,485,Weighted MA (14d),MEDIUM,B_VERY_HIGH_FREQ_LOW_VOL
31473,485,Weighted MA (14d),MEDIUM,B_VERY_HIGH_FREQ_LOW_VOL
44490,465,Weighted MA (14d),MEDIUM,B_VERY_HIGH_FREQ_LOW_VOL
31860,464,Weighted MA (14d),MEDIUM,B_VERY_HIGH_FREQ_LOW_VOL
44486,461,Weighted MA (14d),MEDIUM,B_VERY_HIGH_FREQ_LOW_VOL
31766,453,Random Forest,HIGH,A_VERY_HIGH_FREQ_HIGH_VOL
31773,449,Weighted MA (14d),MEDIUM,B_VERY_HIGH_FREQ_LOW_VOL
31595,424,Weighted MA (14d),MEDIUM,B_VERY_HIGH_FREQ_LOW_VOL
35596,406,Weighted MA (14d),MEDIUM,B_VERY_HIGH_FREQ_LOW_VOL
31565,387,Random Forest,HIGH,A_VERY_HIGH_FREQ_HIGH_VOL
31740,368,Weighted MA (14d),MEDIUM,B_VERY_HIGH_FREQ_LOW_VOL
31552,361,Weighted MA (14d),MEDIUM,B_VERY_HIGH_FREQ_LOW_VOL
31726,346,Weighted MA (14d),MEDIUM,B_VERY_HIGH_FREQ_LOW_VOL
44485,322,Weighted MA (14d),MEDIUM,B_VERY_HIGH_FREQ_LOW_VOL
32086,318,Weighted MA (14d),MEDIUM,B_VERY_HIGH_FREQ_LOW_VOL
32088,311,Weighted MA (14d),MEDIUM,B_VERY_HIGH_FREQ_LOW_VOL
31686,310,Weighted MA (14d),MEDIUM,B_VERY_HIGH_FREQ_LOW_VOL
31556,307,Weighted MA (14d),MEDIUM,B_VERY_HIGH_FREQ_LOW_VOL
31992,305,Weighted MA (14d),MEDIUM,B_VERY_HIGH_FREQ_LOW_VOL
31866,300,Weighted MA (14d),MEDIUM,B_VERY_HIGH_FREQ_LOW_VOL
31993,296,Random Forest,HIGH,A_VERY_HIGH_FREQ_HIGH_VOL
32002,287,Weighted MA (14d),MEDIUM,B_VERY_HIGH_FREQ_LOW_VOL
32087,280,Weighted MA (14d),MEDIUM,B_VERY_HIGH_FREQ_LOW_VOL
32001,279,Weighted MA (14d),MEDIUM,B_VERY_HIGH_FREQ_LOW_VOL
31688,260,Weighted MA (14d),MEDIUM,B_VERY_HIGH_FREQ_LOW_VOL
31734,247,Weighted MA (14d),MEDIUM,B_VERY_HIGH_FREQ_LOW_VOL
31769,243,Weighted MA (14d),MEDIUM,B_VERY_HIGH_FREQ_LOW_VOL
31953,235,Weighted MA (14d),MEDIUM,B_VERY_HIGH_FREQ_LOW_VOL
31482,233,Weighted MA (14d),MEDIUM,B_VERY_HIGH_FREQ_LOW_VOL
39907,232,Weighted MA (14d),MEDIUM,B_VERY_HIGH_FREQ_LOW_VOL
31449,220,Weighted MA (14d),MEDIUM,B_VERY_HIGH_FREQ_LOW_VOL
39906,218,Weighted MA (14d),MEDIUM,B_VERY_HIGH_FREQ_LOW_VOL
31698,216,Weighted MA (14d),MEDIUM,B_VERY_HIGH_FREQ_LOW_VOL
31557,216,Random Forest,HIGH,A_VERY_HIGH_FREQ_HIGH_VOL
31484,215,Weighted MA (14d),MEDIUM,B_VERY_HIGH_FREQ_LOW_VOL
31848,211,Weighted MA (14d),MEDIUM,B_VERY_HIGH_FREQ_LOW_VOL
31727,200,Weighted MA (14d),MEDIUM,B_VERY_HIGH_FREQ_LOW_VOL
34397,200,Weighted MA (14d),MEDIUM,B_VERY_HIGH_FREQ_LOW_VOL
31951,192,Weighted MA (14d),MEDIUM,B_VERY_HIGH_FREQ_LOW_VOL
31876,187,Weighted MA (14d),MEDIUM,B_VERY_HIGH_FREQ_LOW_VOL
31960,185,Weighted MA (14d),MEDIUM,B_VERY_HIGH_FREQ_LOW_VOL
31762,179,Weighted MA (14d),MEDIUM,B_VERY_HIGH_FREQ_LOW_VOL
31798,174,Weighted MA (14d),MEDIUM,B_VERY_HIGH_FREQ_LOW_VOL
35997,172,Weighted MA (14d),MEDIUM,B_VERY_HIGH_FREQ_LOW_VOL
31563,172,Weighted MA (14d),MEDIUM,B_VERY_HIGH_FREQ_LOW_VOL
39908,170,Weighted MA (14d),MEDIUM,B_VERY_HIGH_FREQ_LOW_VOL
32089,167,Weighted MA (14d),MEDIUM,B_VERY_HIGH_FREQ_LOW_VOL
31757,166,Weighted MA (14d),MEDIUM,B_VERY_HIGH_FREQ_LOW_VOL
35998,166,Weighted MA (14d),MEDIUM,B_VERY_HIGH_FREQ_LOW_VOL
31437,162,Weighted MA (14d),MEDIUM,B_VERY_HIGH_FREQ_LOW_VOL
31754,161,Weighted MA (14d),MEDIUM,B_VERY_HIGH_FREQ_LOW_VOL
35593,160,Weighted MA (14d),MEDIUM,B_VERY_HIGH_FREQ_LOW_VOL
39905,157,Weighted MA (14d),MEDIUM,B_VERY_HIGH_FREQ_LOW_VOL
31501,154,Weighted MA (14d),MEDIUM,B_VERY_HIGH_FREQ_LOW_VOL
32076,150,Weighted MA (14d),MEDIUM,B_VERY_HIGH_FREQ_LOW_VOL
44012,150,Weighted MA (14d),MEDIUM,B_VERY_HIGH_FREQ_LOW_VOL
32000,149,Weighted MA (14d),MEDIUM,B_VERY_HIGH_FREQ_LOW_VOL
36520,148,Weighted MA (14d),MEDIUM,B_VERY_HIGH_FREQ_LOW_VOL
31440,146,Weighted MA (14d),MEDIUM,B_VERY_HIGH_FREQ_LOW_VOL
34408,143,Weighted MA (14d),MEDIUM,B_VERY_HIGH_FREQ_LOW_VOL
32085,143,Weighted MA (14d),MEDIUM,B_VERY_HIGH_FREQ_LOW_VOL
31373,141,Weighted MA (14d),MEDIUM,B_VERY_HIGH_FREQ_LOW_VOL
31558,141,Weighted MA (14d),MEDIUM,B_VERY_HIGH_FREQ_LOW_VOL
31996,137,Weighted MA (14d),MEDIUM,B_VERY_HIGH_FREQ_LOW_VOL
31665,134,Weighted MA (14d),MEDIUM,B_VERY_HIGH_FREQ_LOW_VOL
31462,131,Weighted MA (14d),MEDIUM,B_VERY_HIGH_FREQ_LOW_VOL
35585,123,Random Forest,HIGH,A_VERY_HIGH_FREQ_HIGH_VOL
31859,120,Weighted MA (14d),MEDIUM,B_VERY_HIGH_FREQ_LOW_VOL
31987,118,Weighted MA (14d),MEDIUM,B_VERY_HIGH_FREQ_LOW_VOL
31723,117,Random Forest,HIGH,A_VERY_HIGH_FREQ_HIGH_VOL
31584,117,Random Forest,HIGH,A_VERY_HIGH_FREQ_HIGH_VOL
31569,111,Random Forest,HIGH,A_VERY_HIGH_FREQ_HIGH_VOL
31510,111,Weighted MA (14d),MEDIUM,B_VERY_HIGH_FREQ_LOW_VOL
31940,111,Weighted MA (14d),MEDIUM,B_VERY_HIGH_FREQ_LOW_VOL
32080,110,Weighted MA (14d),MEDIUM,B_VERY_HIGH_FREQ_LOW_VOL
36155,109,Weighted MA (14d),MEDIUM,B_VERY_HIGH_FREQ_LOW_VOL
31453,108,Weighted MA (14d),MEDIUM,B_VERY_HIGH_FREQ_LOW_VOL
31850,103,Weighted MA (14d),MEDIUM,B_VERY_HIGH_FREQ_LOW_VOL
34013,102,Random Forest,HIGH,A_VERY_HIGH_FREQ_HIGH_VOL
35584,100,Random Forest,HIGH,A_VERY_HIGH_FREQ_HIGH_VOL
32079,100,Weighted MA (14d),MEDIUM,B_VERY_HIGH_FREQ_LOW_VOL
31663,100,Weighted MA (14d),MEDIUM,B_VERY_HIGH_FREQ_LOW_VOL
31760,99,Weighted MA (14d),MEDIUM,B_VERY_HIGH_FREQ_LOW_VOL
32084,99,Weighted MA (14d),MEDIUM,B_VERY_HIGH_FREQ_LOW_VOL
31725,95,Random Forest,HIGH,A_VERY_HIGH_FREQ_HIGH_VOL
31765,94,Weighted MA (14d),MEDIUM,B_VERY_HIGH_FREQ_LOW_VOL
31531,93,Weighted MA (14d),MEDIUM,B_VERY_HIGH_FREQ_LOW_VOL
35574,91,Random Forest,HIGH,A_VERY_HIGH_FREQ_HIGH_VOL
31451,91,Weighted MA (14d),MEDIUM,B_VERY_HIGH_FREQ_LOW_VOL
31988,88,Weighted MA (14d),MEDIUM,B_VERY_HIGH_FREQ_LOW_VOL
31755,88,Weighted MA (14d),MEDIUM,B_VERY_HIGH_FREQ_LOW_VOL
31799,87,Weighted MA (14d),MEDIUM,B_VERY_HIGH_FREQ_LOW_VOL
31674,87,Weighted MA (14d),MEDIUM,B_VERY_HIGH_FREQ_LOW_VOL
31493,87,Random Forest,HIGH,A_VERY_HIGH_FREQ_HIGH_VOL
37128,86,Weighted MA (14d),MEDIUM,B_VERY_HIGH_FREQ_LOW_VOL
31790,85,Weighted MA (14d),MEDIUM,B_VERY_HIGH_FREQ_LOW_VOL
38744,84,Weighted MA (14d),MEDIUM,B_VERY_HIGH_FREQ_LOW_VOL
43826,83,Weighted MA (14d),MEDIUM,B_VERY_HIGH_FREQ_LOW_VOL
37146,82,Weighted MA (14d),MEDIUM,B_VERY_HIGH_FREQ_LOW_VOL
34015,82,Random Forest,HIGH,A_VERY_HIGH_FREQ_HIGH_VOL
35594,81,Weighted MA (14d),MEDIUM,B_VERY_HIGH_FREQ_LOW_VOL
31775,80,Weighted MA (14d),MEDIUM,B_VERY_HIGH_FREQ_LOW_VOL
35597,78,Weighted MA (14d),MEDIUM,B_VERY_HIGH_FREQ_LOW_VOL
35996,77,Weighted MA (14d),MEDIUM,B_VERY_HIGH_FREQ_LOW_VOL
31722,76,Weighted MA (14d),MEDIUM,B_VERY_HIGH_FREQ_LOW_VOL
31841,74,Weighted MA (14d),MEDIUM,B_VERY_HIGH_FREQ_LOW_VOL
34019,74,Weighted MA (14d),MEDIUM,B_VERY_HIGH_FREQ_LOW_VOL
31464,74,Weighted MA (14d),MEDIUM,B_VERY_HIGH_FREQ_LOW_VOL
34016,74,Random Forest,HIGH,A_VERY_HIGH_FREQ_HIGH_VOL
34394,74,Weighted MA (14d),MEDIUM,B_VERY_HIGH_FREQ_LOW_VOL
31796,73,Weighted MA (14d),MEDIUM,B_VERY_HIGH_FREQ_LOW_VOL
36498,73,Weighted MA (14d),MEDIUM,B_VERY_HIGH_FREQ_LOW_VOL
31801,70,Weighted MA (14d),MEDIUM,B_VERY_HIGH_FREQ_LOW_VOL
31780,69,Weighted MA (14d),MEDIUM,B_VERY_HIGH_FREQ_LOW_VOL
31549,65,Random Forest,HIGH,A_VERY_HIGH_FREQ_HIGH_VOL
31969,64,Weighted MA (14d),MEDIUM,B_VERY_HIGH_FREQ_LOW_VOL
32003,64,Weighted MA (14d),MEDIUM,B_VERY_HIGH_FREQ_LOW_VOL
36622,61,Weighted MA (14d),MEDIUM,B_VERY_HIGH_FREQ_LOW_VOL
31447,61,Weighted MA (14d),MEDIUM,B_VERY_HIGH_FREQ_LOW_VOL
36658,59,Weighted MA (14d),MEDIUM,B_VERY_HIGH_FREQ_LOW_VOL
31568,59,Weighted MA (14d),MEDIUM,B_VERY_HIGH_FREQ_LOW_VOL
31548,58,Weighted MA (14d),MEDIUM,B_VERY_HIGH_FREQ_LOW_VOL
31772,57,Random Forest,HIGH,A_VERY_HIGH_FREQ_HIGH_VOL
32078,57,Weighted MA (14d),MEDIUM,B_VERY_HIGH_FREQ_LOW_VOL
31666,57,Weighted MA (14d),MEDIUM,B_VERY_HIGH_FREQ_LOW_VOL
31789,56,Weighted MA (14d),MEDIUM,B_VERY_HIGH_FREQ_LOW_VOL
31763,56,Weighted MA (14d),MEDIUM,B_VERY_HIGH_FREQ_LOW_VOL
31887,56,Weighted MA (14d),MEDIUM,B_VERY_HIGH_FREQ_LOW_VOL
31782,55,Weighted MA (14d),MEDIUM,B_VERY_HIGH_FREQ_LOW_VOL
32077,55,Weighted MA (14d),MEDIUM,B_VERY_HIGH_FREQ_LOW_VOL
34637,52,Random Forest,HIGH,A_VERY_HIGH_FREQ_HIGH_VOL
38711,52,Weighted MA (14d),MEDIUM,B_VERY_HIGH_FREQ_LOW_VOL
37145,52,Weighted MA (14d),MEDIUM,B_VERY_HIGH_FREQ_LOW_VOL
31553,51,Weighted MA (14d),MEDIUM,B_VERY_HIGH_FREQ_LOW_VOL
31994,51,Random Forest,HIGH,A_VERY_HIGH_FREQ_HIGH_VOL
31784,50,Weighted MA (14d),MEDIUM,B_VERY_HIGH_FREQ_LOW_VOL
39031,49,Weighted MA (14d),MEDIUM,B_VERY_HIGH_FREQ_LOW_VOL
39030,49,Weighted MA (14d),MEDIUM,B_VERY_HIGH_FREQ_LOW_VOL
31494,48,Weighted MA (14d),MEDIUM,B_VERY_HIGH_FREQ_LOW_VOL
31517,48,Weighted MA (14d),MEDIUM,B_VERY_HIGH_FREQ_LOW_VOL
31803,47,Weighted MA (14d),MEDIUM,B_VERY_HIGH_FREQ_LOW_VOL
35912,45,Weighted MA (14d),MEDIUM,B_VERY_HIGH_FREQ_LOW_VOL
31687,45,Weighted MA (14d),MEDIUM,B_VERY_HIGH_FREQ_LOW_VOL
38718,44,Weighted MA (14d),MEDIUM,B_VERY_HIGH_FREQ_LOW_VOL
44657,44,Weighted MA (14d),MEDIUM,B_VERY_HIGH_FREQ_LOW_VOL
36078,43,Weighted MA (14d),MEDIUM,B_VERY_HIGH_FREQ_LOW_VOL
31676,42,Weighted MA (14d),MEDIUM,B_VERY_HIGH_FREQ_LOW_VOL
31475,42,Weighted MA (14d),MEDIUM,B_VERY_HIGH_FREQ_LOW_VOL
39035,42,Weighted MA (14d),MEDIUM,B_VERY_HIGH_FREQ_LOW_VOL
44156,41,Weighted MA (14d),MEDIUM,B_VERY_HIGH_FREQ_LOW_VOL
31770,41,Weighted MA (14d),MEDIUM,B_VERY_HIGH_FREQ_LOW_VOL
35840,41,Weighted MA (14d),MEDIUM,B_VERY_HIGH_FREQ_LOW_VOL
38720,41,Weighted MA (14d),MEDIUM,B_VERY_HIGH_FREQ_LOW_VOL
40738,39,Weighted MA (14d),MEDIUM,B_VERY_HIGH_FREQ_LOW_VOL
35602,39,Weighted MA (14d),MEDIUM,B_VERY_HIGH_FREQ_LOW_VOL
31847,39,Weighted MA (14d),MEDIUM,B_VERY_HIGH_FREQ_LOW_VOL
38907,38,Weighted MA (14d),MEDIUM,B_VERY_HIGH_FREQ_LOW_VOL
41173,37,Weighted MA (14d),MEDIUM,B_VERY_HIGH_FREQ_LOW_VOL
31564,36,Weighted MA (14d),MEDIUM,B_VERY_HIGH_FREQ_LOW_VOL
31515,36,Weighted MA (14d),MEDIUM,B_VERY_HIGH_FREQ_LOW_VOL
34402,36,Weighted MA (14d),MEDIUM,B_VERY_HIGH_FREQ_LOW_VOL
31532,35,Weighted MA (14d),MEDIUM,B_VERY_HIGH_FREQ_LOW_VOL
34201,35,Weighted MA (14d),MEDIUM,B_VERY_HIGH_FREQ_LOW_VOL
31767,35,Weighted MA (14d),MEDIUM,B_VERY_HIGH_FREQ_LOW_VOL
34183,34,Weighted MA (14d),MEDIUM,B_VERY_HIGH_FREQ_LOW_VOL
32482,34,Weighted MA (14d),MEDIUM,B_VERY_HIGH_FREQ_LOW_VOL
31997,34,Weighted MA (14d),MEDIUM,B_VERY_HIGH_FREQ_LOW_VOL
31886,33,Weighted MA (14d),MEDIUM,B_VERY_HIGH_FREQ_LOW_VOL
35999,32,Weighted MA (14d),MEDIUM,B_VERY_HIGH_FREQ_LOW_VOL
32082,32,Weighted MA (14d),MEDIUM,B_VERY_HIGH_FREQ_LOW_VOL
31932,32,Weighted MA (14d),MEDIUM,B_VERY_HIGH_FREQ_LOW_VOL
31377,32,Weighted MA (14d),MEDIUM,B_VERY_HIGH_FREQ_LOW_VOL
34202,32,Weighted MA (14d),MEDIUM,B_VERY_HIGH_FREQ_LOW_VOL
31787,31,Weighted MA (14d),MEDIUM,B_VERY_HIGH_FREQ_LOW_VOL
31343,31,Weighted MA (14d),MEDIUM,B_VERY_HIGH_FREQ_LOW_VOL
31777,31,Weighted MA (14d),MEDIUM,B_VERY_HIGH_FREQ_LOW_VOL
38152,31,Weighted MA (14d),MEDIUM,B_VERY_HIGH_FREQ_LOW_VOL
37151,31,Weighted MA (14d),MEDIUM,B_VERY_HIGH_FREQ_LOW_VOL
34203,31,Weighted MA (14d),MEDIUM,B_VERY_HIGH_FREQ_LOW_VOL
31855,31,Weighted MA (14d),MEDIUM,B_VERY_HIGH_FREQ_LOW_VOL
44046,31,Weighted MA (14d),MEDIUM,B_VERY_HIGH_FREQ_LOW_VOL
31776,30,Weighted MA (14d),MEDIUM,B_VERY_HIGH_FREQ_LOW_VOL
31472,28,Weighted MA (14d),MEDIUM,B_VERY_HIGH_FREQ_LOW_VOL
34888,28,Weighted MA (14d),MEDIUM,B_VERY_HIGH_FREQ_LOW_VOL
31579,28,Weighted MA (14d),MEDIUM,B_VERY_HIGH_FREQ_LOW_VOL
31574,28,Weighted MA (14d),MEDIUM,B_VERY_HIGH_FREQ_LOW_VOL
31706,27,Weighted MA (14d),MEDIUM,B_VERY_HIGH_FREQ_LOW_VOL
31661,27,Random Forest,HIGH,A_VERY_HIGH_FREQ_HIGH_VOL
31678,26,Weighted MA (14d),MEDIUM,B_VERY_HIGH_FREQ_LOW_VOL
31496,26,Weighted MA (14d),MEDIUM,B_VERY_HIGH_FREQ_LOW_VOL
31589,26,Weighted MA (14d),MEDIUM,B_VERY_HIGH_FREQ_LOW_VOL
31821,25,Weighted MA (14d),MEDIUM,B_VERY_HIGH_FREQ_LOW_VOL
38781,25,Weighted MA (14d),MEDIUM,B_VERY_HIGH_FREQ_LOW_VOL
31349,24,Weighted MA (14d),MEDIUM,B_VERY_HIGH_FREQ_LOW_VOL
31783,24,Weighted MA (14d),MEDIUM,B_VERY_HIGH_FREQ_LOW_VOL
31511,24,Weighted MA (14d),MEDIUM,B_VERY_HIGH_FREQ_LOW_VOL
31781,24,Weighted MA (14d),MEDIUM,B_VERY_HIGH_FREQ_LOW_VOL
31870,24,Weighted MA (14d),MEDIUM,B_VERY_HIGH_FREQ_LOW_VOL
31724,24,Random Forest,HIGH,A_VERY_HIGH_FREQ_HIGH_VOL
36239,24,Weighted MA (14d),MEDIUM,B_VERY_HIGH_FREQ_LOW_VOL
31952,24,Weighted MA (14d),MEDIUM,B_VERY_HIGH_FREQ_LOW_VOL
43827,23,Weighted MA (14d),MEDIUM,B_VERY_HIGH_FREQ_LOW_VOL
31943,22,Weighted MA (14d),MEDIUM,B_VERY_HIGH_FREQ_LOW_VOL
31524,22,Weighted MA (14d),MEDIUM,B_VERY_HIGH_FREQ_LOW_VOL
31528,22,Weighted MA (14d),MEDIUM,B_VERY_HIGH_FREQ_LOW_VOL
31518,22,Weighted MA (14d),MEDIUM,B_VERY_HIGH_FREQ_LOW_VOL
31490,22,Weighted MA (14d),MEDIUM,B_VERY_HIGH_FREQ_LOW_VOL
31342,21,Weighted MA (14d),MEDIUM,B_VERY_HIGH_FREQ_LOW_VOL
31485,21,Weighted MA (14d),MEDIUM,B_VERY_HIGH_FREQ_LOW_VOL
31681,21,Weighted MA (14d),MEDIUM,B_VERY_HIGH_FREQ_LOW_VOL
31486,20,Weighted MA (14d),MEDIUM,B_VERY_HIGH_FREQ_LOW_VOL
34982,20,Weighted MA (14d),MEDIUM,B_VERY_HIGH_FREQ_LOW_VOL
31785,20,Weighted MA (14d),MEDIUM,B_VERY_HIGH_FREQ_LOW_VOL
31889,20,Weighted MA (14d),MEDIUM,B_VERY_HIGH_FREQ_LOW_VOL
32081,19,Weighted MA (14d),MEDIUM,B_VERY_HIGH_FREQ_LOW_VOL
35587,19,Weighted MA (14d),MEDIUM,B_VERY_HIGH_FREQ_LOW_VOL
31441,18,Weighted MA (14d),MEDIUM,B_VERY_HIGH_FREQ_LOW_VOL
43768,18,Weighted MA (14d),MEDIUM,B_VERY_HIGH_FREQ_LOW_VOL
43911,18,Weighted MA (14d),MEDIUM,B_VERY_HIGH_FREQ_LOW_VOL
40905,17,Weighted MA (14d),MEDIUM,B_VERY_HIGH_FREQ_LOW_VOL
31465,17,Weighted MA (14d),MEDIUM,B_VERY_HIGH_FREQ_LOW_VOL
35598,16,Weighted MA (14d),MEDIUM,B_VERY_HIGH_FREQ_LOW_VOL
32083,16,Weighted MA (14d),MEDIUM,B_VERY_HIGH_FREQ_LOW_VOL
40906,16,Weighted MA (14d),MEDIUM,B_VERY_HIGH_FREQ_LOW_VOL
34406,16,Weighted MA (14d),MEDIUM,B_VERY_HIGH_FREQ_LOW_VOL
31964,16,Weighted MA (14d),MEDIUM,B_VERY_HIGH_FREQ_LOW_VOL
31446,15,Weighted MA (14d),MEDIUM,B_VERY_HIGH_FREQ_LOW_VOL
31600,15,Weighted MA (14d),MEDIUM,B_VERY_HIGH_FREQ_LOW_VOL
39033,15,Weighted MA (14d),MEDIUM,B_VERY_HIGH_FREQ_LOW_VOL
31466,15,Weighted MA (14d),MEDIUM,B_VERY_HIGH_FREQ_LOW_VOL
31509,15,Weighted MA (14d),MEDIUM,B_VERY_HIGH_FREQ_LOW_VOL
35864,15,Weighted MA (14d),MEDIUM,B_VERY_HIGH_FREQ_LOW_VOL
31761,15,Random Forest,HIGH,A_VERY_HIGH_FREQ_HIGH_VOL
31672,15,Weighted MA (14d),MEDIUM,B_VERY_HIGH_FREQ_LOW_VOL
31588,15,Weighted MA (14d),MEDIUM,B_VERY_HIGH_FREQ_LOW_VOL
36000,14,Weighted MA (14d),MEDIUM,B_VERY_HIGH_FREQ_LOW_VOL
31544,13,Weighted MA (14d),MEDIUM,B_VERY_HIGH_FREQ_LOW_VOL
31586,13,Weighted MA (14d),MEDIUM,B_VERY_HIGH_FREQ_LOW_VOL
34395,12,Weighted MA (14d),MEDIUM,B_VERY_HIGH_FREQ_LOW_VOL
34212,12,Weighted MA (14d),MEDIUM,B_VERY_HIGH_FREQ_LOW_VOL
31347,12,Weighted MA (14d),MEDIUM,B_VERY_HIGH_FREQ_LOW_VOL
44105,12,Weighted MA (14d),MEDIUM,B_VERY_HIGH_FREQ_LOW_VOL
31689,12,Weighted MA (14d),MEDIUM,B_VERY_HIGH_FREQ_LOW_VOL
31998,12,Weighted MA (14d),MEDIUM,B_VERY_HIGH_FREQ_LOW_VOL
44102,12,Weighted MA (14d),MEDIUM,B_VERY_HIGH_FREQ_LOW_VOL
39911,11,Weighted MA (14d),MEDIUM,B_VERY_HIGH_FREQ_LOW_VOL
33476,11,Weighted MA (14d),MEDIUM,B_VERY_HIGH_FREQ_LOW_VOL
31512,11,Weighted MA (14d),MEDIUM,B_VERY_HIGH_FREQ_LOW_VOL
33475,11,Weighted MA (14d),MEDIUM,B_VERY_HIGH_FREQ_LOW_VOL
34213,11,Weighted MA (14d),MEDIUM,B_VERY_HIGH_FREQ_LOW_VOL
31813,11,Weighted MA (14d),MEDIUM,B_VERY_HIGH_FREQ_LOW_VOL
31387,10,Weighted MA (14d),MEDIUM,B_VERY_HIGH_FREQ_LOW_VOL
31334,10,Weighted MA (14d),MEDIUM,B_VERY_HIGH_FREQ_LOW_VOL
34208,10,Weighted MA (14d),MEDIUM,B_VERY_HIGH_FREQ_LOW_VOL
39009,9,Weighted MA (14d),MEDIUM,B_VERY_HIGH_FREQ_LOW_VOL
44103,9,Weighted MA (14d),MEDIUM,B_VERY_HIGH_FREQ_LOW_VOL
31635,9,Weighted MA (14d),MEDIUM,B_VERY_HIGH_FREQ_LOW_VOL
39912,9,Weighted MA (14d),MEDIUM,B_VERY_HIGH_FREQ_LOW_VOL
31398,9,Weighted MA (14d),MEDIUM,B_VERY_HIGH_FREQ_LOW_VOL
41596,9,Weighted MA (14d),MEDIUM,B_VERY_HIGH_FREQ_LOW_VOL
31794,8,Weighted MA (14d),MEDIUM,B_VERY_HIGH_FREQ_LOW_VOL
39910,8,Weighted MA (14d),MEDIUM,B_VERY_HIGH_FREQ_LOW_VOL
44101,8,Weighted MA (14d),MEDIUM,B_VERY_HIGH_FREQ_LOW_VOL
31771,8,Weighted MA (14d),MEDIUM,B_VERY_HIGH_FREQ_LOW_VOL
44100,8,Weighted MA (14d),MEDIUM,B_VERY_HIGH_FREQ_LOW_VOL
32127,8,Weighted MA (14d),MEDIUM,B_VERY_HIGH_FREQ_LOW_VOL
31865,8,Weighted MA (14d),MEDIUM,B_VERY_HIGH_FREQ_LOW_VOL
35579,7,Weighted MA (14d),MEDIUM,B_VERY_HIGH_FREQ_LOW_VOL
33477,7,Weighted MA (14d),MEDIUM,B_VERY_HIGH_FREQ_LOW_VOL
34405,7,Weighted MA (14d),MEDIUM,B_VERY_HIGH_FREQ_LOW_VOL
41599,7,Weighted MA (14d),MEDIUM,B_VERY_HIGH_FREQ_LOW_VOL
41598,6,Weighted MA (14d),MEDIUM,B_VERY_HIGH_FREQ_LOW_VOL
43916,6,Weighted MA (14d),MEDIUM,B_VERY_HIGH_FREQ_LOW_VOL
31555,6,Weighted MA (14d),MEDIUM,B_VERY_HIGH_FREQ_LOW_VOL
34211,6,Weighted MA (14d),MEDIUM,B_VERY_HIGH_FREQ_LOW_VOL
34209,6,Weighted MA (14d),MEDIUM,B_VERY_HIGH_FREQ_LOW_VOL
31567,6,Weighted MA (14d),MEDIUM,B_VERY_HIGH_FREQ_LOW_VOL
31703,6,Weighted MA (14d),MEDIUM,B_VERY_HIGH_FREQ_LOW_VOL
31778,6,Weighted MA (14d),MEDIUM,B_VERY_HIGH_FREQ_LOW_VOL
43918,6,Weighted MA (14d),MEDIUM,B_VERY_HIGH_FREQ_LOW_VOL
43907,6,Weighted MA (14d),MEDIUM,B_VERY_HIGH_FREQ_LOW_VOL
43915,6,Weighted MA (14d),MEDIUM,B_VERY_HIGH_FREQ_LOW_VOL
43914,6,Weighted MA (14d),MEDIUM,B_VERY_HIGH_FREQ_LOW_VOL
43913,6,Weighted MA (14d),MEDIUM,B_VERY_HIGH_FREQ_LOW_VOL
43912,6,Weighted MA (14d),MEDIUM,B_VERY_HIGH_FREQ_LOW_VOL
31550,6,Weighted MA (14d),MEDIUM,B_VERY_HIGH_FREQ_LOW_VOL
43905,6,Weighted MA (14d),MEDIUM,B_VERY_HIGH_FREQ_LOW_VOL
31335,6,Weighted MA (14d),MEDIUM,B_VERY_HIGH_FREQ_LOW_VOL
42615,5,Weighted MA (14d),MEDIUM,B_VERY_HIGH_FREQ_LOW_VOL
31786,5,Weighted MA (14d),MEDIUM,B_VERY_HIGH_FREQ_LOW_VOL
38719,5,Weighted MA (14d),MEDIUM,B_VERY_HIGH_FREQ_LOW_VOL
34210,5,Weighted MA (14d),MEDIUM,B_VERY_HIGH_FREQ_LOW_VOL
31338,5,Weighted MA (14d),MEDIUM,B_VERY_HIGH_FREQ_LOW_VOL
31336,5,Weighted MA (14d),MEDIUM,B_VERY_HIGH_FREQ_LOW_VOL
42663,5,Weighted MA (14d),MEDIUM,B_VERY_HIGH_FREQ_LOW_VOL
