id_produit,order_frequency,avg_quantity,std_quantity,total_quantity,cv
31334,738,27.90108401084011,115.0903000976666,20591.0,3.98221395621351
31335,738,21.696476964769648,87.6073484619414,16012.0,3.859953621785836
31336,738,28.922764227642276,94.96026875779258,21345.0,3.1735125817710874
31337,738,10.74119241192412,45.27464159970705,7927.0,3.856051413800785
31338,738,36.05420054200542,97.5858932237644,26608.0,2.6335986688780126
31339,738,2.8279132791327912,14.503223100651082,2087.0,3.7888066011612387
31340,738,0.48509485094850946,7.781648387020171,358.0,5.239832581770881
31341,738,6.130081300813008,68.74229215156548,4524.0,9.64116526185012
31342,738,40.52439024390244,113.30556936960532,29907.0,2.7286510097819785
31343,738,31.489159891598916,89.100315557244,23239.0,2.7424628969948732
31344,738,9.082655826558266,43.54242707080677,6703.0,4.318547396620803
31347,738,3.52710027100271,24.177710391506256,2603.0,5.3406615590935695
31348,738,2.3089430894308944,19.52869235082023,1704.0,5.901791545825278
31349,738,5.1531165311653115,37.572285786230005,3803.0,6.106220416260238
31350,738,2.9200542005420056,23.477067629384003,2155.0,5.988965057202003
31351,738,1.6287262872628727,12.655774072390201,1202.0,4.814413023414417
31352,738,0.4173441734417344,6.629306464396356,308.0,4.677273585778691
31353,738,12.09349593495935,59.727451406651426,8925.0,4.561612246518551
31354,738,12.964769647696476,71.1104124000893,9568.0,5.092129279183573
31355,738,17.12330623306233,81.67102971776355,12637.0,4.506408966856785
31356,738,6.178861788617886,27.0522483119214,4560.0,3.7683199800298213
31357,738,13.02710027100271,159.96889732461895,9614.0,11.404274171712595
31358,738,2.7439024390243905,24.24218033531094,2025.0,6.47511005698859
31360,738,3.779132791327913,25.91634068651202,2789.0,5.4228124260407915
31361,738,1.7981029810298104,13.404110294503301,1327.0,4.790427795323698
31362,738,1.2235772357723578,13.728226117822318,903.0,6.173937157192487
31363,738,0.8157181571815718,10.38675035792222,602.0,5.7204640030944764
31364,738,1.7100271002710028,25.812284102394166,1262.0,9.524732833783448
31365,738,0.4105691056910569,6.367168753763998,303.0,4.513900615060356
31366,738,0.7466124661246613,9.890143972838857,551.0,5.662471878941099
31367,738,0.12601626016260162,2.356111740630094,93.0,2.092431365324921
31368,738,35.050135501355015,739.5234164699895,25867.0,20.51374859443158
31370,738,0.0027100271002710027,0.05202259119171676,2.0,0.05188198959390131
31371,738,36.762872628726285,167.57484608470378,27131.0,4.437555578259406
31372,738,0.16395663956639567,2.7021176796538775,121.0,2.3214934197724815
31373,738,122.51761517615176,335.17613237881596,90418.0,2.713589732936572
31374,738,15.636856368563686,76.79697703573619,11540.0,4.616075016482596
31375,738,16.649051490514903,79.4432808800242,12287.0,4.501277642184865
31376,738,0.3252032520325203,6.242710943006011,240.0,4.710757337360364
31377,738,14.149051490514905,71.86121861823113,10442.0,4.743611747786635
31378,738,1.627371273712737,16.458760894330972,1201.0,6.264345301710293
31379,738,0.3265582655826558,6.242748787677126,241.0,4.705974060577854
31380,738,0.08130081300813008,2.208630521496931,60.0,2.0425680762715976
31381,738,1.978319783197832,15.831184257726182,1460.0,5.315474969154651
31382,738,8.24119241192412,101.10716178984387,6082.0,10.94092161303589
31383,738,0.08130081300813008,2.208630521496932,60.0,2.042568076271599
31384,738,1.6585365853658536,24.943353767628864,1224.0,9.382362426355812
31385,738,2.5,29.1585405750486,1845.0,8.331011592871029
31386,738,2.540650406504065,29.459382162656333,1875.0,8.320330668212925
31387,738,9.730352303523036,44.22373332296692,7181.0,4.121368252601286
31388,738,31.03252032520325,112.12169451970662,22902.0,3.5002457933817044
31389,738,4.7168021680216805,46.66494521745478,3481.0,8.16277069696175
31390,738,1.9525745257452574,16.123141299306294,1441.0,5.46070595635064
31391,738,2.16260162601626,17.019602705753943,1596.0,5.381519621613715
31392,738,0.975609756097561,10.783270183115867,720.0,5.458198487750007
31393,738,0.0013550135501355014,0.03681050869161553,1.0,0.03676069744846043
31394,738,1.353658536585366,20.507426431313963,999.0,8.712999830920959
31395,738,0.6395663956639567,13.27192508529962,472.0,8.094777448719933
31396,738,0.47696476964769646,5.7865830405389485,352.0,3.91788833386949
31397,738,0.4065040650406504,5.167223807144198,300.0,3.6738065218424065
31398,738,7.963414634146342,35.99287605140767,5877.0,4.015531749952964
31399,738,2.3915989159891597,16.379233133361698,1765.0,4.829354395693541
31400,738,2.113821138211382,15.450030585101901,1560.0,4.961759169628026
31401,738,13.521680216802167,52.42499524411386,9979.0,3.610119108906973
31402,738,0.7506775067750677,20.39302181515498,554.0,11.648645587913604
31403,738,1.0745257452574526,20.669555646969343,793.0,9.963508861831075
31404,738,0.06910569105691057,1.0217947931936675,51.0,0.9557472210100464
31405,738,0.07994579945799458,1.5758881959977071,59.0,1.4592289694432972
31406,738,0.04742547425474255,1.0440372194540144,35.0,0.9967651590647639
31407,738,0.491869918699187,5.954195494647731,363.0,3.9910956176657812
31408,738,0.07588075880758807,1.1716637890661812,56.0,1.089027552053957
31409,738,0.01084010840108401,0.2014643782472877,8.0,0.19930390234115056
31410,738,0.0013550135501355014,0.03681050869161553,1.0,0.03676069744846043
31411,738,0.5013550135501355,5.745448159388476,370.0,3.826841824574635
31412,738,0.08401084010840108,1.1358183010095033,62.0,1.047792382681267
31413,738,0.11517615176151762,1.7739292553114274,85.0,1.5907166347750104
31414,738,0.0027100271002710027,0.07362101738323104,2.0,0.07342204166057367
31415,738,1.0338753387533874,6.8630876188652445,763.0,3.3743895154713868
31416,738,0.2181571815718157,1.7772406668044334,161.0,1.4589584116815038
31417,738,0.06910569105691057,0.5228504612459458,51.0,0.48905404359886945
31418,738,0.023035230352303523,0.28676930881394325,17.0,0.2803122515293909
31419,738,0.38482384823848237,7.901248551105732,284.0,5.705598268802378
31431,738,0.0013550135501355014,0.036810508691615534,1.0,0.03676069744846044
31434,738,0.005420054200542005,0.09006495306699724,4.0,0.08957942771353634
31435,738,0.0013550135501355014,0.03681050869161553,1.0,0.03676069744846043
31436,738,0.06775067750677506,1.8405254345807758,50.0,1.7237408257875793
31437,738,116.02845528455285,233.63859066533828,85629.0,1.9964254855560533
31438,738,7.955284552845528,82.14554648001102,5871.0,9.172857210205498
31439,738,3.0636856368563685,74.00790238687796,2261.0,18.21201465872489
31440,738,165.420054200542,259.46272057721916,122080.0,1.5590832596686783
31441,738,88.94037940379404,153.55295285554234,65638.0,1.7072749067040836
31442,738,19.59620596205962,46.34572559988143,14462.0,2.250206940310033
31443,738,3.0420054200542004,13.446496713127338,2245.0,3.326689431541393
31444,738,0.502710027100271,12.903697921688988,371.0,8.586951367183474
31445,738,0.4078590785907859,5.144352387709628,301.0,3.654025083859197
31446,738,11.06910569105691,205.86331923979483,8169.0,17.057048343883306
31447,738,28.852303523035232,121.63091679363315,21293.0,4.0744231579910695
31448,738,0.04742547425474255,1.1503878812565962,35.0,1.0983004610185871
31449,738,171.34417344173443,265.1026748173492,126452.0,1.5382166366475645
31450,738,3.5013550135501355,86.56860165947454,2584.0,19.231676106168635
31451,738,74.09620596205961,156.5195232310608,54683.0,2.0842534083564512
31452,738,1.494579945799458,17.21286943675147,1103.0,6.900107357046487
31453,738,57.84146341463415,122.35706612156575,42687.0,2.0794361496307547
31454,738,0.03387533875338753,0.9202627172903876,25.0,0.8901099414945034
31455,738,1.0352303523035231,14.700957796118484,764.0,7.223240248692037
31456,738,21.30758807588076,198.06450567706491,15725.0,8.878795188584942
31457,738,0.0013550135501355014,0.03681050869161552,1.0,0.036760697448460423
31458,738,2.453929539295393,15.38986492713157,1811.0,4.455755322174618
31459,738,0.33062330623306235,3.557499753426521,244.0,2.6735588778297075
31460,738,0.006775067750677507,0.18405254345807748,5.0,0.1828139664496113
31461,738,458.9688346883469,704.3215200749601,338719.0,1.5312374816701984
31462,738,93.91192411924119,164.084695652721,69307.0,1.7288101276566221
31463,738,757.2981029810298,931.8701993351211,558886.0,1.2288969149095095
31464,738,32.388888888888886,76.35133912565465,23903.0,2.2867289588382427
31465,738,1.2073170731707317,15.295607358358305,891.0,6.929501676162327
31466,738,9.872628726287262,34.24887022075216,7286.0,3.1500082531050717
31467,738,0.0013550135501355014,0.03681050869161553,1.0,0.03676069744846043
31468,738,0.13550135501355012,3.681050869161552,100.0,3.2417846556577867
31470,738,0.15040650406504066,2.626528082219495,111.0,2.2831304177597027
31471,738,0.08401084010840108,1.5614032445682557,62.0,1.440394493114216
31472,738,13.905149051490515,55.23279167332856,10262.0,3.7056182049924073
31473,738,402.4051490514905,1311.5162260560053,296975.0,3.2511142436821094
31474,738,3.453929539295393,52.69444103653079,2549.0,11.831000147538706
31475,738,37.16260162601626,347.9820104986341,27426.0,9.118403768924583
31478,738,2.9037940379403793,47.96456982449339,2143.0,12.286654817936869
31479,738,0.04742547425474255,1.11444208066404,35.0,1.0639822193144393
31480,738,0.7601626016260162,5.73836487620765,561.0,3.2601333938731685
31482,738,174.68428184281842,547.3443589455956,128917.0,3.1154998796949562
31483,738,3.6205962059620598,65.45206296769281,2672.0,14.16528518186431
31484,738,299.11924119241195,866.2362555033155,220750.0,2.8863069627313753
31485,738,38.983739837398375,115.40196874079362,28770.0,2.8862224796904465
31486,738,26.4579945799458,83.26589472078363,19526.0,3.032482742989455
31487,738,4.5501355013550135,18.174140491751118,3358.0,3.2745399616485167
31488,738,1.1964769647696476,10.349818320504324,883.0,4.712008587620105
31490,738,17.021680216802167,54.40822196622331,12562.0,3.019042692561865
31492,738,0.0013550135501355014,0.036810508691615514,1.0,0.03676069744846042
31493,738,737.7032520325204,1258.738323984063,544425.0,1.7039837316550068
31494,738,122.94173441734418,303.99568503369335,90731.0,2.452730603317689
31495,738,68.65582655826559,187.1234602858311,50668.0,2.686400686514091
31496,738,15.6869918699187,42.17027406943003,11577.0,2.5271345727356365
31497,738,2.008130081300813,14.818025585472325,1482.0,4.925992289224584
31498,738,0.10975609756097561,2.081158532153009,81.0,1.8753296663356782
31499,738,36.13414634146341,101.82192212711877,26667.0,2.7420025006317696
31501,738,125.80216802168022,423.36956650902476,92842.0,3.3388196204708303
31502,738,24.868563685636857,107.99794115001674,18353.0,4.174871958970843
31503,738,11.826558265582657,54.02773044777884,8728.0,4.212176745242001
31504,738,5.177506775067751,27.294259281116936,3821.0,4.41832931552189
31505,738,0.489159891598916,6.734388276107102,361.0,4.5222734738553605
31506,738,0.0013550135501355014,0.03681050869161553,1.0,0.03676069744846043
31507,738,5.136856368563685,27.027378889615676,3791.0,4.404108107868486
31508,738,0.0013550135501355014,0.036810508691615514,1.0,0.03676069744846042
31509,738,325.0406504065041,646.2219298397556,239880.0,1.9820287103281533
31510,738,54.795392953929536,156.25899639484123,40439.0,2.800571662321025
31511,738,34.550135501355015,104.68002965804035,25498.0,2.9445747022272366
31512,738,9.731707317073171,37.41147630192176,7182.0,3.486069382679073
31513,738,1.2642276422764227,8.380817051466042,933.0,3.7014021448126506
31514,738,0.0013550135501355014,0.03681050869161553,1.0,0.03676069744846043
31515,738,17.86449864498645,62.6011306622817,13184.0,3.3184624643559752
31516,738,0.0013550135501355014,0.036810508691615514,1.0,0.03676069744846042
31517,738,33.456639566395665,113.6167778166878,24691.0,3.297384168811813
31518,738,1.9390243902439024,19.926195440136993,1431.0,6.779867328179392
31519,738,0.10840108401084012,2.3271531263278282,80.0,2.0995586885451556
31520,738,1.532520325203252,15.935066658347038,1131.0,6.292177203777483
31521,738,0.6747967479674797,8.558835502296795,498.0,5.110372654284008
31522,738,1.1612466124661247,17.481209592307934,857.0,8.08848443832179
31523,738,1.6016260162601625,17.184167954507174,1182.0,6.605164557513695
31524,738,2.1219512195121952,26.354617060791362,1566.0,8.441713277284732
31525,738,2.0,20.71267547597689,1476.0,6.904225158658964
31526,738,0.7601626016260162,10.496141875696333,561.0,5.963166054090757
31527,738,0.2845528455284553,5.94413658194375,210.0,4.627397465690388
31528,738,25.754742547425476,124.01629542553428,19007.0,4.635301393975401
31529,738,0.9349593495934959,11.709676503264284,690.0,6.0516395374012895
31530,738,0.33604336043360433,6.603796166460473,248.0,4.94280078179293
31531,738,113.36178861788618,294.4642592969635,83661.0,2.5748483200175247
31532,738,16.09349593495935,79.71232664210777,11877.0,4.663313282748754
31541,738,0.13685636856368563,3.681184972846121,101.0,3.2380387484629765
31542,738,0.013550135501355014,0.36810508691615496,10.0,0.3631838959146021
31543,738,354.4756097560976,520.1143257855414,261603.0,1.4631505270991936
31544,738,9.558265582655826,31.802178453410367,7054.0,3.0120646430463105
31545,738,0.5420054200542005,9.006495306699724,400.0,5.840767606629523
31546,738,0.0013550135501355014,0.036810508691615514,1.0,0.03676069744846042
31547,738,2.5582655826558267,23.340613812866867,1888.0,6.559547979396704
31548,738,27.12059620596206,70.86312476702656,20015.0,2.5199723451098928
31549,738,943.7073170731708,1269.2939590115811,696456.0,1.3435843420203657
31550,738,58.333333333333336,356.5366535799615,43050.0,6.009044723257778
31551,738,839.1029810298103,1042.4752938860852,619258.0,1.2408898878185195
31552,738,136.47425474254743,240.6012200664751,100718.0,1.7501547509172313
31553,738,21.54742547425474,72.77972603121208,15902.0,3.227850829990055
31554,738,5558.485094850948,5713.677420124711,4102162.0,1.0277350011094681
31555,738,9.417344173441734,87.99785258569753,6950.0,8.447244433954836
31556,738,171.7289972899729,352.05136736540425,126736.0,2.0381717771127312
31557,738,1813.368563685637,2087.6940053986145,1338266.0,1.1506449390623013
31558,738,66.33739837398375,157.0367430053806,48957.0,2.3320880639495094
31559,738,6.9105691056910565,62.45493460836252,5100.0,7.895125341036578
31560,738,22.085365853658537,102.67501933572692,16299.0,4.447623658494246
31561,738,0.8468834688346883,12.496713154404693,625.0,6.766378802605035
31563,738,2.303523035230352,34.280430446359105,1700.0,10.376930955460631
31564,738,18.447154471544714,52.25885938309639,13614.0,2.6872239565722644
31565,738,3342.619241192412,3672.3434153300186,2466853.0,1.0983138779941868
31566,738,10.78048780487805,80.31118614560809,7956.0,6.817305656252446
31567,738,31.1260162601626,76.80763545130014,22971.0,2.3908235253726224
31568,738,2.9810298102981028,21.89904474343167,2200.0,5.500849224183994
31569,738,902.7750677506775,1177.7627231767924,666248.0,1.3031591213375884
31570,738,5.779132791327913,40.4709219137581,4265.0,5.969926118799416
31572,738,0.0013550135501355014,0.036810508691615514,1.0,0.03676069744846042
31573,738,0.21680216802168023,3.995470918477863,160.0,3.283583004272453
31574,738,28.82249322493225,88.0107905267017,21271.0,2.9511546825710324
31575,738,1.2357723577235773,16.838887586646187,912.0,7.531575175118113
31576,738,0.13550135501355012,3.681050869161552,100.0,3.2417846556577867
31577,738,0.34417344173441733,6.632286059847428,254.0,4.934099911459074
31578,738,23.99728997289973,74.81417952531496,17710.0,2.992891613707851
31579,738,67.76016260162602,181.92229449157878,50007.0,2.645751371263871
31580,738,8.414634146341463,47.85532133549799,6210.0,5.083078172941496
31582,738,1.5826558265582655,15.12128523944013,1168.0,5.854936257453734
31583,738,1.2560975609756098,12.175592149067262,927.0,5.396748952559544
31584,738,1022.5094850948509,1221.056507211716,754612.0,1.1930094688849493
31585,738,0.27100271002710025,7.362101738323101,200.0,5.792357231217963
31586,738,21.35907859078591,77.31238369908135,15763.0,3.457762509540151
31587,738,571.6964769647697,720.3256066959765,421912.0,1.2577790080246791
31588,738,8.086720867208673,47.72638617579324,5968.0,5.252322248394782
31589,738,32.13414634146341,372.6178425776305,23715.0,11.245735403520685
31590,738,2.303523035230352,46.09711903982933,1700.0,13.95392692838148
31591,738,9.002710027100271,54.95664992707912,6644.0,5.4941760561073405
31592,738,0.3997289972899729,8.146144749631757,295.0,5.819801379698196
31593,738,0.02710027100271003,0.7362101738323101,20.0,0.716785103282645
31594,738,82.02574525745257,152.04111290933258,60535.0,1.8312526125224398
31595,738,207.96341463414635,380.2176910059031,153477.0,1.8195419120212462
31596,738,40.109756097560975,218.27220911604007,29601.0,5.30949900549252
31597,738,3.930894308943089,25.493699852524983,2901.0,5.17019799152609
31599,738,0.4065040650406504,8.226611415848245,300.0,5.848978058666671
31600,738,51.94037940379404,164.47383057894172,38332.0,3.1067746856221903
31601,738,0.0013550135501355014,0.03681050869161552,1.0,0.036760697448460423
31626,738,0.16802168021680217,2.2086438405010735,124.0,1.8909270931436104
31628,738,2.1395663956639566,11.888367269654431,1579.0,3.786627123437622
31629,738,0.08130081300813008,1.5606777357515031,60.0,1.4433335450934954
31630,738,1.0067750677506775,9.851197237274336,743.0,4.908969318776814
31631,738,3.193766937669377,27.076886640322105,2357.0,6.456459560761781
31632,738,2.521680216802168,25.363253826409256,1861.0,7.202032059980773
31633,738,3.3712737127371275,26.57807093866111,2488.0,6.080166259371326
31634,738,9.85230352303523,46.20262289517234,7271.0,4.257402384397201
31635,738,7.964769647696477,36.92291070808446,5878.0,4.11866809289092
31636,738,10.497289972899729,42.1945242413812,7747.0,3.6699539057323896
31637,738,8.94308943089431,27.928907852520755,6600.0,2.8088762599019237
31638,738,1.1382113821138211,11.63930448988144,840.0,5.443477004773449
31639,738,6.510840108401084,34.93002140312403,4805.0,4.65061443180688
31640,738,2.1707317073170733,15.533414231032198,1602.0,4.8989998728640005
31641,738,0.42953929539295393,10.056747806801518,317.0,7.034957233573005
31642,738,0.3035230352303523,3.341286251266343,224.0,2.5632736522188786
31643,738,0.24390243902439024,2.695817545778967,180.0,2.1672258701360323
31644,738,0.8861788617886179,5.258892968769612,654.0,2.788119979132165
31645,738,0.08672086720867209,1.6647229181349357,64.0,1.531877198982023
31646,738,0.04065040650406504,1.1043152607484656,30.0,1.0611779458754789
31647,738,157.66666666666666,641.3646005837508,116358.0,4.04221386922532
31649,738,41.734417344173444,1126.415635748342,30800.0,26.35851161082746
31650,738,0.8143631436314364,16.453196962883123,601.0,9.068304225995329
31651,738,30.6260162601626,817.2394482944973,22602.0,25.840733198000812
31652,738,22.494579945799458,603.727193684301,16601.0,25.696445523906462
31653,738,103.17344173441734,2782.8852226691174,76142.0,26.713960644248292
31654,738,2.7113821138211383,40.25993433434149,2001.0,10.847693150326403
31655,738,8.944444444444445,171.4372112403231,6601.0,17.239496102378858
31656,738,20.875338753387535,559.5579042516837,15406.0,25.579393789503378
31657,738,0.27100271002710025,7.362101738323103,200.0,5.792357231217964
31658,738,106.4769647696477,698.3543168357654,78580.0,6.497711563892117
31659,738,44.17479674796748,1200.0225339648266,32601.0,26.563983024867035
31660,738,44.71680216802168,1214.7467374346297,33001.0,26.57112220951293
31661,738,588.7411924119241,1593.425623575412,434491.0,2.701906605944581
31662,738,311.9756097560976,890.7815402539645,230238.0,2.8461691981306534
31663,738,69.9308943089431,217.96597482471594,51609.0,3.0729342545062823
31664,738,4.341463414634147,47.18660020709074,3204.0,8.834021043336623
31665,738,94.90921409214093,230.69579409462585,70043.0,2.4053559011858248
31666,738,50.99322493224932,145.07510321004048,37633.0,2.7902693745018343
31667,738,9.214092140921409,36.81145206743511,6800.0,3.6039866842354886
31668,738,2.0230352303523036,20.53307912614146,1493.0,6.792206362659075
31669,738,1.4905149051490514,40.49155956077708,1100.0,16.258308463467618
31671,738,16.03252032520325,313.06465018599863,11832.0,18.380406669631423
31672,738,11.276422764227643,90.145123533221,8322.0,7.342947148732571
31673,738,1.7615176151761518,47.853661299100175,1300.0,17.328754680439612
31674,738,98.33062330623306,307.40753279374195,72568.0,3.0947911385395677
31675,738,2.207317073170732,50.73068916261886,1629.0,15.817173046900175
31676,738,30.023035230352303,96.45715022527285,22157.0,3.1092106078292803
31677,738,0.26151761517615174,5.023489883631814,193.0,3.982100466294606
31678,738,11.481029810298104,47.81332757345308,8473.0,3.8308800075136653
31680,738,0.06775067750677506,1.8405254345807744,50.0,1.7237408257875781
31681,738,12.558265582655826,133.48188578431626,9268.0,9.84505613720022
31683,738,2.111111111111111,17.477991156971104,1558.0,5.617925729026426
31684,738,0.0013550135501355014,0.03681050869161552,1.0,0.036760697448460423
31686,738,356.51355013550136,718.8320868016413,263107.0,2.010642915573959
31687,738,48.359078590785906,145.69440631952813,35689.0,2.951724596146039
31688,738,265.83875338753387,581.8956340416739,196189.0,2.180701366103964
31689,738,14.223577235772357,97.60743035752341,10497.0,6.411596226422099
31690,738,0.27100271002710025,5.202259119171673,200.0,4.093035426384536
31691,738,11.24119241192412,185.67596651802438,8296.0,15.168127439705778
31692,738,0.2032520325203252,4.113305707924125,150.0,3.4184905545585638
31695,738,0.04065040650406504,0.8226611415848248,30.0,0.7905259407416677
31696,738,0.06233062330623306,1.4885965412390152,46.0,1.4012554176459098
31697,738,7.131436314363143,100.6011662027507,5263.0,12.371881462694557
31698,738,184.81436314363143,461.8514324781921,136393.0,2.485552917785955
31699,738,3.7777777777777777,62.6835167931063,2788.0,13.119805840417598
31700,738,21.09620596205962,258.3501409814818,15569.0,11.692058873142427
31703,738,6.097560975609756,92.25474270577799,4500.0,12.99809089669037
31705,738,0.0948509485094851,1.5892107534879738,70.0,1.4515316040521344
31706,738,88.15311653116531,255.2308017087371,65057.0,2.8628365629766392
31707,738,4.149051490514905,92.96779912857708,3062.0,18.05532519918155
31708,738,7.279132791327913,113.5453005470334,5372.0,13.714636956417454
31709,738,0.948509485094851,25.767356084130853,700.0,13.224136849852968
31711,738,9.811653116531165,266.5080355230382,7241.0,24.650072717884722
31712,738,0.8143631436314364,22.086285943968683,601.0,12.173023918333747
31713,738,1.491869918699187,40.49152634639672,1101.0,16.24945429235496
31714,738,2.2222222222222223,53.50605230295811,1640.0,16.605326576780104
31715,738,13.184281842818429,358.16624956941894,9730.0,25.250925886724414
31718,738,1.7615176151761518,19.758035210008448,1300.0,7.154774281151243
31719,738,1.3550135501355014,36.810508691615524,1000.0,15.630699317843648
31720,738,2.4390243902439024,66.25891564490792,1800.0,19.266776889654075
31721,738,14.640921409214092,74.96558997312191,10805.0,4.792913921871608
31722,738,14.551490514905149,58.12661685191361,10739.0,3.737687831028339
31723,738,2989.4146341463415,4516.8675183043715,2206188.0,1.5104485734948185
31724,738,1129.9783197831978,1431.8517030033688,833924.0,1.2660293110462513
31725,738,2242.7859078590786,2614.752737472255,1655176.0,1.1653307600844756
31726,738,254.56775067750678,595.2102864463465,187871.0,2.328972590901832
31727,738,158.80623306233062,418.6717954537303,117199.0,2.6198714995705585
31728,738,81.0230352303523,242.84724081677712,59795.0,2.960719999385154
31729,738,754.3116531165311,1190.9038734138253,556682.0,1.5767052825148058
31730,738,301.2710027100271,457.3669491628249,222338.0,1.513102299136459
31731,738,469.9878048780488,659.9578240813107,346851.0,1.4012206202497988
31732,738,2610.533875338753,3450.4428952246703,1926574.0,1.3212322948623818
31733,738,124.46476964769647,237.8205073932552,91855.0,1.8955162318557812
31734,738,63.77506775067751,134.4148010949223,47066.0,2.0751008954910186
31737,738,277.2113821138211,581.3365303320393,204582.0,2.089549772964373
31740,738,270.1626016260163,632.6593807995826,199380.0,2.3331365645773587
31741,738,0.056910569105691054,0.9228074650218664,42.0,0.8731178322899198
31742,738,3.0365853658536586,52.48508235686549,2241.0,13.002346686595075
31743,738,2.649051490514905,35.894465097113915,1955.0,9.836656235302662
31744,738,0.016260162601626018,0.40653561338566097,12.0,0.40003104357149033
31745,738,1.0853658536585367,8.172298407640735,801.0,3.918879938166902
31746,738,0.024390243902439025,0.6625891564490787,18.0,0.6468132241526721
31747,738,0.014905149051490514,0.4049155956077706,11.0,0.3989689046175363
31748,738,0.016260162601626018,0.3121355471503008,12.0,0.30714137839589595
31749,738,0.0027100271002710027,0.07362101738323107,2.0,0.0734220416605737
31750,738,0.6504065040650406,17.669044171975457,480.0,10.705874054940795
31752,738,0.6517615176151762,17.66903256983539,481.0,10.69708452546228
31753,738,0.6517615176151762,17.66903256983539,481.0,10.69708452546228
31754,738,269.36449864498644,945.3198441806435,198791.0,3.496464398685479
31755,738,115.08943089430895,402.8284262234037,84936.0,3.4699836420952908
31756,738,453.82249322493226,1164.1226579488152,334921.0,2.5595098643749328
31757,738,298.1490514905149,752.2853265144303,220034.0,2.5147508332924895
31759,738,74.89430894308943,245.60756156097082,55272.0,3.236178904338448
31760,738,325.64769647696477,806.3433555608316,240328.0,2.468541380385014
31761,738,723.7411924119241,1998.6978357826413,534121.0,2.7578090726856783
31762,738,481.84823848238483,1129.1693510459506,355604.0,2.3385595328979227
31763,738,152.01355013550136,435.1164099209484,112186.0,2.8436462622795853
31765,738,122.789972899729,560.8373131179353,90619.0,4.530555262114959
31766,738,571.589430894309,994.3447175725317,421833.0,1.7365753957761616
31767,738,117.42005420054201,327.4541735847895,86656.0,2.765191890811436
31769,738,259.1422764227642,556.129388687538,191247.0,2.137789352560893
31770,738,73.0420054200542,234.5787057610208,53905.0,3.168184119679252
31771,738,10.127371273712738,92.51182055904138,7474.0,8.313897171526124
31772,738,972.4647696476965,2766.89906458986,717679.0,2.8423206990749335
31773,738,453.02168021680217,1369.1384616149778,334330.0,3.0155794784099155
31775,738,48.71951219512195,176.320553260442,35955.0,3.546304971144529
31776,738,16.559620596205963,54.670120587631516,12221.0,3.1133998760453783
31777,738,26.34010840108401,86.13012490569403,19439.0,3.150321265817624
31778,738,13.192411924119241,56.78162455153994,9736.0,4.000843891448967
31779,738,98.94715447154472,290.9636330165004,73023.0,2.911174755848989
31780,738,69.29132791327913,236.96791819368957,51137.0,3.3712255157001043
31781,738,54.49864498644986,224.62992480727334,40220.0,4.04748485052414
31782,738,189.18021680216802,684.0852869527233,139615.0,3.5970370549337014
31783,738,75.61924119241192,305.92905857895454,55807.0,3.992848973937014
31784,738,79.86585365853658,251.17118803341452,58941.0,3.106022834978132
31785,738,40.52710027100271,132.11810615073014,29909.0,3.181491250015951
31786,738,118.61653116531166,417.7626205896111,87539.0,3.492515762827611
31787,738,34.827913279132794,116.45943234712205,25703.0,3.2505223354705217
31788,738,43.88075880758807,313.3524801354248,32384.0,6.981889087009948
31789,738,131.1260162601626,645.4158182130154,96771.0,4.884850360902126
31790,738,262.4241192411924,1074.6222398023026,193669.0,4.0794375355522146
31792,738,0.016260162601626018,0.44172610429938614,12.0,0.4346584866305959
31794,738,31.165311653116532,245.62123445825193,23000.0,7.63621497304701
31795,738,0.7195121951219512,14.782958900228612,531.0,8.597181771764157
31796,738,47.109756097560975,274.3212719740686,34767.0,5.701988416191034
31798,738,101.95257452574526,220.0339043201084,75241.0,2.1372355702001866
31799,738,112.08943089430895,291.3076541838665,82722.0,2.57590520953383
31800,738,2.4769647696476964,13.83720568105481,1828.0,3.9796795762347816
31801,738,71.38075880758808,195.08742084793803,52679.0,2.6952939436093053
31802,738,6.088075880758808,30.19428888884543,4493.0,4.2598709998027005
31803,738,42.21544715447155,244.24622434277674,31155.0,5.6518268449179825
31805,738,4.055555555555555,69.59864315633222,2993.0,13.766764580373406
31809,738,3.5663956639566394,20.798289728914025,2632.0,4.554640302652389
31810,738,0.1897018970189702,2.957739825794814,140.0,2.486118441271723
31811,738,2.66260162601626,20.296078044680566,1965.0,5.541437512754072
31813,738,12.024390243902438,44.85864366843383,8874.0,3.444202978287991
31814,738,7.05420054200542,34.52550690194502,5206.0,4.286646045362622
31815,738,0.24390243902439024,3.820266168342439,180.0,3.071194370628235
31816,738,0.016260162601626018,0.44172610429938614,12.0,0.4346584866305959
31817,738,3.5149051490514904,25.24851611216312,2594.0,5.592258370581148
31818,738,0.04878048780487805,0.9871933699017896,36.0,0.9412773992086831
31819,738,0.016260162601626018,0.44172610429938614,12.0,0.4346584866305959
31820,738,0.1016260162601626,2.2531082251098487,75.0,2.0452569128303426
31821,738,20.299457994579946,66.68812790930451,14981.0,3.130977695595568
31822,738,14.035230352303524,213.1272324465523,10358.0,14.175189036189222
31823,738,1.1382113821138211,30.920827300957026,840.0,14.46107132326127
31824,738,4.951219512195122,32.0440725144921,3654.0,5.384454807763017
31825,738,0.1910569105691057,5.153552735867766,141.0,4.326873628066452
31826,738,3.8265582655826558,34.09639538674225,2824.0,7.064328971200388
31827,738,0.016260162601626018,0.44172610429938614,12.0,0.4346584866305959
31830,738,0.016260162601626018,0.44172610429938614,12.0,0.4346584866305959
31831,738,0.016260162601626018,0.44172610429938614,12.0,0.4346584866305959
31832,738,0.24390243902439024,3.8202661683424406,180.0,3.0711943706282367
31834,738,0.024390243902439025,0.4623709994429324,18.0,0.45136216612286256
31835,738,0.009485094850948509,0.22386031072789675,7.0,0.22175692525797017
31836,738,0.3170731707317073,6.772300202889567,234.0,5.141931635527263
31837,738,0.4173441734417344,9.389466802283312,308.0,6.6246907266587804
31838,738,0.5392953929539296,10.638079653578508,398.0,6.911005972131108
31841,738,70.77235772357723,189.66464640283388,52230.0,2.6425862604835264
31842,738,0.8035230352303523,12.416806510044406,593.0,6.884750717064442
31843,738,0.16260162601626016,3.1213554715030063,120.0,2.6848022587053832
31844,738,0.45528455284552843,7.167602407668487,336.0,4.925224000800133
31845,738,0.12330623306233063,2.468190887851993,91.0,2.1972555792940542
31847,738,20.016260162601625,70.96168061120703,14772.0,3.376513236045828
31848,738,108.8739837398374,225.14597490124126,80349.0,2.0491290771284674
31849,738,3.0934959349593494,32.635076749374555,2283.0,7.972421926858133
31850,738,17.0,82.78764254694245,12546.0,4.5993134748301365
31851,738,15.624661246612465,51.350777491049655,11531.0,3.0888315093646304
31853,738,0.24525745257452575,3.820356885352111,181.0,3.06792533339484
31855,738,9.177506775067751,38.64060031482319,6773.0,3.796666626592932
31857,738,0.8008130081300813,8.386824932315703,591.0,4.657243641872828
31858,738,305.050135501355,558.7174389505834,225127.0,1.8255748785581236
31859,738,62.68292682926829,148.8941680410363,46260.0,2.3380547260369546
31860,738,292.94037940379405,533.26068399222,216190.0,1.814179749899775
31861,738,2.848238482384824,51.01117288833623,2102.0,13.255720278729626
31862,738,8.390243902439025,49.10614330598762,6192.0,5.229485391027253
31863,738,2.2222222222222223,34.2462064088808,1640.0,10.628133023445766
31864,738,9.739837398373984,36.8353269904292,7188.0,3.4297844207591157
31865,738,8.047425474254743,33.10259821053624,5939.0,3.65878650282698
31866,738,193.6341463414634,428.9320037004978,142902.0,2.2037859839248632
31867,738,2.7750677506775068,30.498941442284202,2048.0,8.079044789808234
31870,738,22.558265582655828,77.66839712028734,16648.0,3.296863975311863
31871,738,0.016260162601626018,0.44172610429938614,12.0,0.4346584866305959
31873,738,1.0582655826558265,10.999845476893313,781.0,5.34423038969537
31874,738,0.03387533875338753,0.4483546227588234,25.0,0.4336641043198056
31875,738,0.023035230352303523,0.4550461844304785,17.0,0.44480011140356707
31876,738,89.34417344173441,276.53162616832253,65936.0,3.060868406158653
31877,738,0.6558265582655827,12.088018443307918,484.0,7.300292644158137
31879,738,0.04607046070460705,1.1439378323858755,34.0,1.0935571506486739
31881,738,9.823848238482384,44.55273125150458,7250.0,4.116163703506558
31882,738,0.24525745257452575,4.936037061644361,181.0,3.9638687176208256
31883,738,24.390243902439025,206.29421234856719,18000.0,8.12494015974184
31885,738,0.02710027100271003,0.7362101738323104,20.0,0.7167851032826452
31886,738,47.0420054200542,150.12069182410397,34717.0,3.1247798777658646
31887,738,46.60840108401084,135.02562110717196,34397.0,2.8361721467793624
31888,738,1.8252032520325203,13.424215711244553,1347.0,4.751592899231885
31889,738,28.92140921409214,101.61450714368908,21344.0,3.3960468377883593
31890,738,2.350948509485095,14.165818949412056,1735.0,4.227405735813222
31891,738,16.440379403794037,63.21546661533501,12133.0,3.6246612044221305
31892,738,0.6517615176151762,13.608576527388923,481.0,8.238826478435623
31895,738,1.7154471544715446,12.879160952556033,1266.0,4.7429245424083595
31896,738,0.5704607046070461,8.540813980585458,421.0,5.438413043720507
31897,738,3.7953929539295395,23.452660373839095,2801.0,4.8906649776471465
31898,738,1.981029810298103,20.43581255440918,1462.0,6.855286211433625
31899,738,0.08807588075880758,1.9997540784188652,65.0,1.8378810832791066
31900,738,0.08130081300813008,2.208630521496932,60.0,2.042568076271599
31902,738,1.986449864498645,19.001744706677712,1466.0,6.362653173107147
31904,738,0.10840108401084012,2.3271531263278282,80.0,2.0995586885451556
31905,738,9.661246612466124,40.95894810235544,7130.0,3.8418535459504723
31906,738,0.7113821138211383,6.190280426946643,525.0,3.6171234798785608
31907,738,1.3021680216802167,35.338057569661295,961.0,15.349903758922917
31908,738,1.0365853658536586,8.855083262529243,765.0,4.34800495525388
31909,738,0.0027100271002710027,0.05202259119171674,2.0,0.05188198959390129
31910,738,0.489159891598916,6.971974648609858,361.0,4.681817370950023
31912,738,0.0027100271002710027,0.07362101738323105,2.0,0.07342204166057369
31915,738,0.24390243902439024,3.8202661683424406,180.0,3.0711943706282367
31916,738,0.33604336043360433,3.8907504772565416,248.0,2.9121438663441457
31917,738,0.014905149051490514,0.369891332020609,11.0,0.36445901606303
31918,738,0.008130081300813009,0.22086305214969318,6.0,0.2190818985033247
31919,738,0.0013550135501355014,0.03681050869161552,1.0,0.036760697448460423
31920,738,0.16260162601626016,3.1213554715030054,120.0,2.6848022587053824
31921,738,0.13143631436314362,2.417779765104032,97.0,2.136911936103923
31922,738,0.0013550135501355014,0.03681050869161552,1.0,0.036760697448460423
31924,738,0.3265582655826558,8.834548828090888,241.0,6.659751823422958
31927,738,0.04065040650406504,0.7958342079690862,30.0,0.7647469342202938
31932,738,40.69376693766937,291.6831257543608,30032.0,6.995844875096466
31933,738,1.0718157181571815,20.824106482871127,791.0,10.051138380875663
31936,738,0.12601626016260162,2.4686035274185443,93.0,2.1923338185738697
31938,738,6.348238482384824,32.992073854054,4685.0,4.489793565239139
31939,738,0.0989159891598916,2.020847630638413,73.0,1.8389464259077049
31940,738,53.926829268292686,246.80045403039094,39798.0,4.493258710144772
31941,738,4.403794037940379,36.31846305932347,3250.0,6.7209191920212445
31942,738,12.536585365853659,51.94749348103499,9252.0,3.837562581481864
31943,738,8.459349593495935,34.00936259645029,6243.0,3.5953172319410274
31944,738,0.032520325203252036,0.8834522085987724,24.0,0.8556269421862127
31946,738,4.873983739837398,26.08194165404068,3597.0,4.440247506501043
31948,738,0.032520325203252036,0.8834522085987724,24.0,0.8556269421862127
31950,738,0.24796747967479674,3.821602161621349,183.0,3.062261015501146
31951,738,135.26287262872629,266.851380798,99824.0,1.9583572226976789
31952,738,27.85907859078591,74.82799220977255,20560.0,2.5928753052311078
31953,738,118.60162601626017,221.63877391644942,87528.0,1.853141811686716
31954,738,1.2777777777777777,9.731682201669722,943.0,4.272445844635488
31955,738,4.788617886178862,23.558093107650194,3534.0,4.0697267587654125
31956,738,1.6544715447154472,36.42022359758522,1221.0,13.720329257283254
31959,738,3.33739837398374,16.14457190222806,2463.0,3.7221787141031886
31960,738,103.42818428184282,510.45577140838986,76330.0,4.888103483928371
31961,738,4.2588075880758804,43.55429194713009,3143.0,8.282161158717344
31964,738,10.489159891598916,49.43301888286811,7741.0,4.302579070121083
31965,738,0.02710027100271003,0.7362101738323101,20.0,0.716785103282645
31967,738,0.3252032520325203,5.4038971840198355,240.0,4.07778744561006
31968,738,0.032520325203252036,0.8834522085987723,24.0,0.8556269421862126
31969,738,51.31571815718157,188.98903874968437,37871.0,3.6124714599514895
31970,738,0.7317073170731707,17.803574643305655,540.0,10.280937470077914
31971,738,0.08672086720867209,2.213333795851193,64.0,2.0367086550351376
31975,738,0.028455284552845527,0.4665215822831175,21.0,0.45361387052034347
31976,738,0.03523035230352303,0.7683388934204859,26.0,0.7421912347438724
31981,738,0.058265582655826556,0.9263917103536385,43.0,0.8753867890409542
31982,738,3.6747967479674797,37.041359977852274,2712.0,7.923630047436226
31984,738,8.41869918699187,41.637637282492534,6213.0,4.4207418090173345
31985,738,495.18428184281845,619.2238225269577,365446.0,1.247971459771303
31986,738,514.2777777777778,848.8700671179228,379537.0,1.6474028256735966
31987,738,75.8739837398374,112.1431247774671,55995.0,1.4587916395355562
31988,738,44.27913279132791,107.43573699176964,32678.0,2.372742814817034
31989,738,0.9959349593495935,12.216555031251028,735.0,6.120717999364058
31990,738,0.44715447154471544,8.265640494692688,330.0,5.7116504541977555
31991,738,0.2872628726287263,5.214672477880472,212.0,4.050977145974514
31992,738,120.2059620596206,250.18645609583893,88712.0,2.0641431481132377
31993,738,1213.1355013550135,1394.8530201039703,895294.0,1.1488446046979686
31994,738,685.2981029810298,907.3971336920167,505750.0,1.3221617978406366
31995,738,483.5853658536585,639.8302661648729,356886.0,1.3203664643023854
31996,738,61.35230352303523,233.2986288107983,45278.0,3.7416200465570486
31997,738,8.047425474254743,31.343359109317426,5939.0,3.46434012620582
31998,738,20.9579945799458,239.84552270077748,15467.0,10.922924761072125
31999,738,1.60840108401084,12.45027166243745,1187.0,4.773143110066929
32000,738,121.7289972899729,253.25280272647873,89836.0,2.063512359089157
32001,738,126.92682926829268,240.5843013089947,93672.0,1.8806399149034858
32002,738,170.46883468834687,263.5236744176105,125806.0,1.5368604731966475
32003,738,43.84417344173442,114.42048592056503,32357.0,2.5515128753399905
32004,738,7.59349593495935,53.08171996341818,5604.0,6.176964574740242
32005,738,8.420054200542005,36.325450804036294,6214.0,3.856182780980838
32006,738,0.2750677506775068,2.6799322695962724,203.0,2.1017959776429853
32007,738,0.14227642276422764,1.803833162509194,105.0,1.5791564340827817
32008,738,0.04065040650406504,0.5620041765356595,30.0,0.5400508883897354
32009,738,0.005420054200542005,0.09006495306699723,4.0,0.08957942771353633
32011,738,2.116531165311653,28.739554254098376,1562.0,9.221648278054175
32012,738,0.8821138211382114,13.193206996713355,651.0,7.00978168723863
32013,738,0.4905149051490515,7.8353505725498485,362.0,5.256807929583444
32014,738,0.15447154471544716,3.6994242545747245,114.0,3.204430868399233
32016,738,5.681571815718157,97.46680309764048,4193.0,14.587406344769555
32017,738,0.9512195121951219,18.16098087829855,702.0,9.307502700128007
32018,738,0.8197831978319783,10.185992934223634,605.0,5.597366184256919
32019,738,0.012195121951219513,0.20472784960756465,9.0,0.20226124900988315
32020,738,0.008130081300813009,0.18764851924188072,6.0,0.18613522473186556
32021,738,1.005420054200542,9.60410206907973,742.0,4.789072518230298
32022,738,0.2046070460704607,2.683712453290194,151.0,2.2278737801216684
32023,738,0.03387533875338753,0.5514912760745942,25.0,0.5334214439620585
32024,738,0.006775067750677507,0.15172515258987695,5.0,0.15070412195333674
32026,738,0.16531165311653118,1.5487693623478396,122.0,1.3290602202473323
32027,738,0.017615176151761516,0.2624666489378224,13.0,0.25792328484169497
32028,738,0.024390243902439025,0.4192792413636465,18.0,0.4092964022835597
32031,738,0.056910569105691054,0.8524923600906772,42.0,0.8065889253165638
32032,738,0.0013550135501355014,0.03681050869161552,1.0,0.036760697448460423
32036,738,0.22493224932249323,1.9968296604431734,166.0,1.6301551873971925
32037,738,0.12059620596205962,2.012938790638375,89.0,1.7963105531936163
32038,738,0.044715447154471545,0.5580597204779694,33.0,0.5341738958660719
32039,738,0.009485094850948509,0.22386031072789675,7.0,0.22175692525797017
32040,738,0.013550135501355014,0.368105086916155,10.0,0.36318389591460215
32041,738,0.018970189701897018,0.3751696447468108,14.0,0.3681851034882266
32042,738,0.008130081300813009,0.16453222831696507,6.0,0.16320535550795728
32043,738,0.0027100271002710027,0.07362101738323104,2.0,0.07342204166057367
32046,738,0.7479674796747967,10.715205718218584,552.0,6.130094434143655
32047,738,0.2018970189701897,4.696330352998589,149.0,3.9074315676583526
32048,738,0.023035230352303523,0.4177350589666116,17.0,0.40832910399650246
32051,738,0.07859078590785908,1.3041223307203613,58.0,1.209098341798526
32052,738,0.02032520325203252,0.3469094446048774,15.0,0.33999889789960097
32053,738,0.01084010840108401,0.1801299061339946,8.0,0.17819821813255765
32054,738,0.0013550135501355014,0.03681050869161553,1.0,0.03676069744846043
32056,738,0.6924119241192412,7.9686612692716166,511.0,4.708464384885871
32057,738,0.2940379403794038,2.7627080904668806,217.0,2.134951382999537
32058,738,0.12466124661246612,1.1356628948481777,92.0,1.0097821884312712
32059,738,0.014905149051490514,0.26263471276269346,11.0,0.2587775941506913
32061,738,0.12195121951219512,2.611171176337458,90.0,2.327348222387734
32062,738,0.0040650406504065045,0.11043152607484652,3.0,0.10998443487616293
32063,738,0.0027100271002710027,0.07362101738323104,2.0,0.07342204166057367
32066,738,0.15311653116531165,2.0308669075474626,113.0,1.7611983287544388
32067,738,0.04742547425474255,0.7452610193587823,35.0,0.7115169887280482
32068,738,0.028455284552845527,0.41413695226318253,21.0,0.40267861761558454
32070,738,0.0013550135501355014,0.03681050869161553,1.0,0.03676069744846043
32071,738,0.18834688346883469,2.4302536240766357,139.0,2.0450708946049683
32072,738,0.04742547425474255,0.6499557530092774,35.0,0.6205269672973437
32073,738,0.016260162601626018,0.37529703848376145,12.0,0.3692922858680212
32076,738,91.2289972899729,527.7232636633298,67327.0,5.721880093785902
32077,738,29.440379403794037,103.02339893545582,21727.0,3.3844321573276828
32078,738,47.94850948509485,75.73488038995218,35386.0,1.54723568064956
32079,738,58.30487804878049,89.38226417188461,43029.0,1.5071654661925844
32080,738,57.83739837398374,81.90969054656493,42684.0,1.3921365119839004
32081,738,21.37669376693767,33.54721412405909,15776.0,1.4992033440447867
32082,738,23.846883468834687,44.72241685832625,17599.0,1.799920578144995
32083,738,8.5420054200542,16.268323260211837,6304.0,1.704916581374089
32084,738,52.24525745257453,75.93388369192495,38557.0,1.4261154387235173
32085,738,98.03523035230353,121.85580532636887,72350.0,1.2304288574165418
32086,738,221.2479674796748,253.44449779511964,163281.0,1.1403681242587644
32087,738,176.8509485094851,226.09733499214664,130516.0,1.2712742714447118
32088,738,193.16937669376694,229.52154183304523,142559.0,1.1820686955957722
32089,738,65.6639566395664,80.37608902467068,48460.0,1.2056903471727909
32090,738,0.16666666666666666,4.417877213927584,123.0,3.7867518976522145
32112,738,4.426829268292683,33.46843930965817,3267.0,6.167218030094315
32123,738,3.008130081300813,24.70317552248821,2220.0,6.1632669153469575
32124,738,30.983739837398375,164.262084181648,22866.0,5.135799785038816
32125,738,18.6869918699187,121.99294135730446,13791.0,6.196626796179413
32126,738,12.613821138211382,110.00172034564676,9309.0,8.08015025530878
32127,738,5.0894308943089435,30.58050073469204,3756.0,5.0218979844687865
32128,738,10.562330623306233,222.12305937129963,7795.0,19.21092438954871
32129,738,0.8617886178861789,13.383088542647087,636.0,7.188296466137955
32130,738,11.630081300813009,116.96835330387549,8583.0,9.261092665836294
32131,738,7.219512195121951,68.16448339498568,5328.0,8.293008365562057
32132,738,7.182926829268292,112.70918320829821,5301.0,13.773700481490987
32482,738,8.341463414634147,115.55856886218169,6156.0,12.370499538771407
33028,738,0.5420054200542005,10.404518238343346,400.0,6.74739407723848
33034,738,0.8130081300813008,13.758539724920421,600.0,7.588790969350725
33042,738,3.4010840108401084,48.61114890649277,2510.0,11.045267208433394
33046,738,0.42005420054200543,8.234173026143353,310.0,5.7984920737536205
33053,738,0.4065040650406504,6.367110280570734,300.0,4.526904997168788
33067,738,0.0013550135501355014,0.036810508691615514,1.0,0.03676069744846042
33473,738,0.7086720867208672,5.990082769518163,523.0,3.5056947532945313
33474,738,0.11788617886178862,2.0077002046763757,87.0,1.7959790921832306
33475,738,1.2710027100271002,15.645053729039232,938.0,6.889051105030401
33476,738,0.9769647696476965,14.424021141492018,721.0,7.296043593160459
33477,738,3.9363143631436315,64.75315834226619,2905.0,13.117713658136822
33478,738,0.6246612466124661,16.568308960946762,461.0,10.198008351274988
33479,738,0.24796747967479674,6.626252417521148,183.0,5.309635487655383
33480,738,0.2682926829268293,6.6374291308050335,198.0,5.2333575839039685
33559,738,0.04065040650406504,1.104315260748466,30.0,1.0611779458754793
33635,738,31.24932249322493,235.3587985966977,23062.0,7.298100561527853
33636,738,36.386178861788615,352.06647743084295,26853.0,9.417022229856189
33637,738,8.470189701897018,94.03418821806773,6251.0,9.92949361924939
33638,738,6.269647696476965,67.02553574930135,4627.0,9.219915262438844
33639,738,3.2262872628726287,74.22139686835386,2381.0,17.56184382457363
33640,738,13.004065040650406,191.9312934925315,9597.0,13.705398606433308
33641,738,6.29810298102981,92.10604189918281,4648.0,12.620545659412722
33642,738,5.2046070460704605,71.61646021404778,3841.0,11.542465088003333
33646,738,2.178861788617886,39.18367128422995,1608.0,12.326321145678476
33647,738,1.3279132791327912,24.849578539228244,980.0,10.674615228143448
33648,738,0.08130081300813008,2.208630521496932,60.0,2.042568076271599
33649,738,0.08130081300813008,2.208630521496932,60.0,2.042568076271599
33651,738,33.5,401.6448347358815,24723.0,11.64187926770671
33652,738,0.16260162601626016,4.417261042993864,120.0,3.799462295721995
33653,738,0.16260162601626016,4.417261042993864,120.0,3.799462295721995
33654,738,0.3712737127371274,7.067063033698365,274.0,5.153648734060665
33655,738,15.51490514905149,173.5762175683943,11450.0,10.510276383777075
33657,738,0.16260162601626016,4.417261042993864,120.0,3.799462295721995
33658,738,0.16260162601626016,4.417261042993864,120.0,3.799462295721995
33660,738,0.7357723577235772,10.815429177338986,543.0,6.230902992096933
33661,738,2.497289972899729,37.42031777798103,1843.0,10.69980415348702
33662,738,0.05420054200542006,1.4724203476646203,40.0,1.3967175020263363
33663,738,0.2032520325203252,5.521576303742328,150.0,4.588877603785854
33666,738,0.008130081300813009,0.22086305214969307,6.0,0.2190818985033246
33668,738,7.506775067750677,125.12167465424656,5540.0,14.708473382420191
33669,738,4.200542005420054,52.37867443590388,3100.0,10.071772207841862
33671,738,3.631436314363144,74.8736407349275,2680.0,16.166397560671882
33672,738,2.168021680216802,39.183165280510465,1600.0,12.368338741238976
33678,738,0.43360433604336046,8.580471233217835,320.0,5.98524363904987
33679,738,0.0013550135501355014,0.03681050869161552,1.0,0.036760697448460423
33681,738,0.0027100271002710027,0.07362101738323104,2.0,0.07342204166057367
33694,738,13.53929539295393,157.0683737435359,9992.0,10.80302514657311
33695,738,1.2479674796747968,20.649285076089733,921.0,9.185757918115867
33696,738,0.7317073170731707,19.87767469347237,540.0,11.478657217357283
33697,738,0.0040650406504065045,0.11043152607484652,3.0,0.10998443487616293
33703,738,2.0934959349593494,40.48375302341553,1545.0,13.086732251984522
33704,738,20.741192411924118,193.60223587663555,15307.0,8.904858216077098
33705,738,5.757452574525745,62.702259799817874,4249.0,9.278978891571203
33706,738,1.6910569105691058,25.7621824003581,1248.0,9.573258112519776
33720,738,0.0013550135501355014,0.03681050869161552,1.0,0.036760697448460423
33738,738,0.27100271002710025,7.362101738323101,200.0,5.792357231217963
33739,738,0.27100271002710025,7.362101738323101,200.0,5.792357231217963
33741,738,0.3523035230352303,9.570732259820032,260.0,7.07735511798315
33743,738,1.3279132791327912,22.60805937475848,980.0,9.711727484616857
33744,738,0.6233062330623306,12.066824291590272,460.0,7.43348608279935
33746,738,0.05555555555555555,1.1405455990581133,41.0,1.0805168833182126
33778,738,0.006775067750677507,0.18405254345807753,5.0,0.18281396644961134
34013,738,939.2994579945799,1641.5231777343427,693203.0,1.745745106814477
34014,738,461.0731707317073,622.0153920628228,340272.0,1.3461404631605034
34015,738,1630.4105691056911,1977.587517373252,1203243.0,1.2121948667142255
34016,738,1305.749322493225,1675.6586443244942,963643.0,1.2823107044948798
34017,738,419.840108401084,581.7818732798894,309842.0,1.3824297201383167
34018,738,331.4688346883469,479.3229561722465,244624.0,1.4417079321782424
34019,738,35.8780487804878,86.27625177655163,26478.0,2.339501536268927
34183,738,45.30623306233063,98.95585677118225,33436.0,2.1369878356976795
34201,738,39.456639566395665,85.62951589546297,29119.0,2.1165750990002903
34202,738,20.754742547425476,52.54975814024729,15317.0,2.415554126907661
34203,738,28.181571815718158,68.54361751867489,20798.0,2.348866536440475
34204,738,0.7804878048780488,6.789771921559525,576.0,3.8134335449854864
34205,738,0.575880758807588,5.5718144487864345,425.0,3.535682771456912
34206,738,0.33875338753387535,3.171983797535391,250.0,2.369356318401942
34207,738,0.46070460704607047,3.8001928883424236,340.0,2.6016162816295996
34208,738,6.37940379403794,18.126188425462537,4708.0,2.4563215310303623
34209,738,4.10840108401084,15.099189367535196,3032.0,2.955756433220418
34210,738,4.261517615176151,14.861208969060263,3145.0,2.824509971456728
34211,738,5.257452574525745,21.68677616729403,3880.0,3.465751583253139
34212,738,4.827913279132791,15.52278252949095,3563.0,2.663523251979614
34213,738,6.20189701897019,16.86336331152911,4577.0,2.341516862447504
34214,738,2.6205962059620598,9.525212344108944,1934.0,2.630840834563024
34215,738,2.7574525745257454,11.50963162295473,2035.0,3.0631475433611937
34216,738,3.2181571815718155,13.592632926310712,2375.0,3.2224102472268896
34391,738,9.788617886178862,37.715909861796774,7224.0,3.495898201206483
34392,738,415.8360433604336,613.1784190792162,306887.0,1.4710302260234425
34393,738,247.0420054200542,375.40360134765945,182317.0,1.5134678528014676
34394,738,58.676151761517616,122.28894315405392,43303.0,2.0492096012282146
34395,738,14.181571815718158,42.59403627134028,10466.0,2.805640732617737
34396,738,1.8739837398373984,16.631095121775104,1383.0,5.786774257364463
34397,738,74.10569105691057,150.43384458222977,54690.0,2.0029619921643493
34398,738,0.8319783197831978,7.782418109460936,614.0,4.2480950922945055
34399,738,2.7195121951219514,21.306286744759603,2007.0,5.728247583837008
34400,738,0.06775067750677506,1.840525434580776,50.0,1.7237408257875795
34401,738,0.2953929539295393,4.816807459915048,218.0,3.7184141270055497
34402,738,35.93224932249323,75.72761131822983,26518.0,2.050446769623335
34403,738,256.6571815718157,380.5228465228221,189413.0,1.4768571331933185
34405,738,0.6653116531165312,8.930177823218353,491.0,5.362466422729979
34406,738,33.71544715447155,104.16264447783858,24882.0,3.0004696184482773
34407,738,2.1707317073170733,21.14665749495153,1602.0,6.669330440715482
34408,738,64.69647696476964,137.37231649424874,47746.0,2.0910149651999745
34409,738,0.4065040650406504,5.809977005922288,300.0,4.130792900164401
34410,738,0.7547425474254743,8.01123773133105,557.0,4.565477564264336
34455,738,0.2032520325203252,4.113305707924125,150.0,3.4184905545585638
34637,738,998.4037940379404,3400.619439875136,736822.0,3.4026481189704567
34794,738,0.0013550135501355014,0.03681050869161553,1.0,0.03676069744846043
34833,738,0.05420054200542006,1.4724203476646196,40.0,1.3967175020263358
34836,738,0.0013550135501355014,0.036810508691615514,1.0,0.03676069744846042
34842,738,0.5203252032520326,6.070615114828949,384.0,3.992971439165565
34868,738,0.016260162601626018,0.44172610429938614,12.0,0.4346584866305959
34875,738,0.08130081300813008,2.2086305214969317,60.0,2.0425680762715985
34877,738,0.6043360433604336,6.647396336345352,446.0,4.143394000188235
34884,738,0.08672086720867209,2.355872556263393,64.0,2.167872751274793
34888,738,1.632791327913279,11.163244499133826,1205.0,4.240079485517635
34970,738,0.19241192411924118,5.153897170800428,142.0,4.322245581875813
34975,738,0.4065040650406504,7.803388678757515,300.0,5.548074031717771
34982,738,93.78319783197831,707.3836569665398,69212.0,7.463175680361778
35574,738,705.3319783197832,991.0458763294295,520535.0,1.403087934213203
35575,738,2.913279132791328,27.840319293748777,2150.0,7.114319819524445
35576,738,381.8279132791328,582.3154492386088,281789.0,1.5210893172620432
35577,738,0.948509485094851,7.7561236244439495,700.0,3.9805418879274233
35578,738,271.2181571815718,422.36403860666536,200159.0,1.5515645355168022
35579,738,4.649051490514905,22.692149651708352,3431.0,4.016984035250843
35580,738,357.41734417344173,589.6029888619041,263774.0,1.645018017254738
35581,738,0.8617886178861789,7.878650749827252,636.0,4.231764376544769
35582,738,0.13550135501355012,3.681050869161552,100.0,3.2417846556577867
35583,738,1.3265582655826558,12.69687829335201,979.0,5.457365276932896
35584,738,1115.9756097560976,1515.874363160084,823590.0,1.357123960380021
35585,738,980.449864498645,1344.877880614164,723572.0,1.3702970770709408
35586,738,204.920054200542,344.18343828578946,151231.0,1.6714420536748456
35587,738,32.86449864498645,88.73597850034203,24254.0,2.6203245891986406
35588,738,21.291327913279133,59.87964369722125,15713.0,2.686230444869569
35589,738,0.06775067750677506,1.840525434580776,50.0,1.7237408257875795
35590,738,2.100271002710027,17.827934567529045,1550.0,5.750443929561379
35591,738,0.16124661246612465,2.683132814508779,119.0,2.310562447033231
35592,738,0.07859078590785908,1.8635406891611517,58.0,1.7277550610564445
35593,738,54.05691056910569,122.52556906334253,39894.0,2.2254348781439948
35594,738,25.794037940379404,69.51187333314722,19036.0,2.594303758463773
35595,738,302.8943089430894,497.3498556441161,223536.0,1.6365882512701324
35596,738,187.37127371273712,317.6333751654565,138280.0,1.6862092022048003
35597,738,48.37127371273713,103.98664113530839,35698.0,2.1062175089981774
35598,738,13.565040650406504,49.64808828495946,10011.0,3.4087160809656787
35602,738,43.6869918699187,99.24218075567673,32241.0,2.220829297361637
35603,738,0.02032520325203252,0.5521576303742328,15.0,0.5411584743906824
35636,738,4.892953929539296,23.341152951669002,3611.0,3.9608578703912904
35637,738,4.456639566395664,19.972202951288118,3289.0,3.6601653285449793
35638,738,5.121951219512195,23.576171317444146,3780.0,3.851087745080518
35639,738,2.7289972899728996,14.190399388815804,2014.0,3.8054196035414476
35840,738,29.521680216802167,79.0215276742927,21787.0,2.5890294083741625
35864,738,1.929539295392954,38.694929985357554,1424.0,13.208537617573485
35912,738,20.27777777777778,63.15536243273606,14965.0,2.9681371378309374
35923,738,17.71680216802168,481.29740114287307,13075.0,25.7147239588388
35983,738,176.12466124661248,1561.1972741481295,129980.0,8.814115793703388
35984,738,102.84552845528455,1086.3959714445846,75900.0,10.4616538391673
35987,738,0.07859078590785908,2.1350095041137,58.0,1.9794434849697367
35995,738,1.5555555555555556,18.109130294692598,1148.0,7.086181419662322
35996,738,35.55826558265583,117.68356713513515,26242.0,3.2190686636667802
35997,738,43.80623306233063,153.96638909383498,32329.0,3.4362716651419905
35998,738,23.117886178861788,95.89275403629546,17061.0,3.9760016000216893
35999,738,14.819783197831978,69.44313323343945,10937.0,4.3896387431501775
36000,738,3.040650406504065,25.9190049478533,2244.0,6.414562592728281
36077,738,3.997289972899729,24.3308826706548,2950.0,4.86881545849871
36078,738,11.158536585365853,48.8881598407842,8235.0,4.020891782291178
36079,738,5.355013550135501,63.35880237021648,3952.0,9.969892569130014
36080,738,5.718157181571816,42.92240603557769,4220.0,6.389014855638631
36081,738,14.575880758807589,58.7824248773446,10757.0,3.773939065635521
36085,738,82.93360433604336,263.452950098019,61205.0,3.138825648940769
36094,738,0.013550135501355014,0.36810508691615507,10.0,0.3631838959146022
36113,738,1.6260162601626016,44.17261042993861,1200.0,16.821148863413153
36155,738,63.93631436314363,97.03153124281683,47185.0,1.4942568298562031
36219,738,0.0013550135501355014,0.03681050869161554,1.0,0.036760697448460444
36220,738,0.0989159891598916,2.650562299932356,73.0,2.411979010296028
36221,738,0.4878048780487805,13.251783128981584,360.0,8.906936201446639
36223,738,7.802168021680217,52.72489617280492,5758.0,5.989989743770017
36225,738,1.8495934959349594,32.87863263931045,1365.0,11.538008030342898
36238,738,4.403794037940379,110.80186130487658,3250.0,20.50445678109301
36239,738,10.804878048780488,120.86398548940875,7974.0,10.238478109639997
36240,738,5.365853658536586,139.92107301993667,3960.0,21.979938673629896
36241,738,2.7113821138211383,69.97746801921487,2001.0,18.85482708951463
36256,738,0.04065040650406504,1.1043152607484656,30.0,1.0611779458754789
36493,738,0.13550135501355012,3.68105086916155,100.0,3.241784655657785
36498,738,21.98238482384824,35.38312829558696,16223.0,1.5395760086164243
36520,738,40.97289972899729,391.8840679819994,30238.0,9.336597435779815
36521,738,27.281842818428185,189.05272457310048,20134.0,6.684597103054243
36543,738,0.008130081300813009,0.164532228316965,6.0,0.16320535550795723
36621,738,16.59078590785908,122.79964828610686,12244.0,6.980907443779607
36622,738,45.94173441734417,171.57344513476949,33905.0,3.6550299486031776
36641,738,6.1802168021680215,41.70301134097441,4561.0,5.808043474172319
36658,738,35.294037940379404,70.68464559688553,26047.0,1.9475552902931312
36659,738,0.013550135501355014,0.3681050869161551,10.0,0.36318389591460226
36680,738,0.009485094850948509,0.25767356084130866,7.0,0.25525246698105475
36681,738,0.06775067750677506,1.840525434580776,50.0,1.7237408257875795
36682,738,0.04065040650406504,1.1043152607484656,30.0,1.0611779458754789
36753,738,0.36585365853658536,9.938837346736184,270.0,7.276648771717564
37128,738,69.45257452574526,316.9794664390322,51256.0,4.499189257068234
37145,738,101.41869918699187,504.88131741055616,74847.0,4.929581428180068
37146,738,102.33739837398375,536.6651017743025,75525.0,5.1933289420746
37148,738,0.05555555555555555,1.4728304754886477,41.0,1.3953130820418767
37150,738,0.2981029810298103,5.252694255253864,220.0,4.0464387895379454
37151,738,15.860433604336043,72.27296951844377,11705.0,4.286542755333239
37160,738,0.0013550135501355014,0.03681050869161553,1.0,0.03676069744846043
37161,738,0.0948509485094851,2.576735608413086,70.0,2.3535035631297743
38040,738,3.8428184281842817,104.3946026494216,2836.0,21.55657995390966
38041,738,5.803523035230352,157.65940872618916,4283.0,23.173201282598605
38042,738,1.651761517615176,44.872010095079325,1219.0,16.92158582021898
38043,738,0.5528455284552846,15.018687546179125,408.0,9.671720252251479
38044,738,0.058265582655826556,1.5828518737394677,43.0,1.495703819231405
38045,738,0.6111111111111112,16.601539419918602,451.0,10.30440377788051
38046,738,0.07588075880758807,2.061388486730469,56.0,1.9160008856512418
38047,738,0.10975609756097561,2.981651204020858,81.0,2.68676262340341
38052,738,0.017615176151761516,0.4785366129910017,13.0,0.47025302315227596
38053,738,1.043360433604336,28.344091692543962,770.0,13.871312777916076
38055,738,1.02710027100271,27.90236558824458,758.0,13.764669655163438
38056,738,1.067750677506775,29.006680848993014,788.0,14.02813267795337
38057,738,0.18157181571815717,4.932608164676479,134.0,4.1746156256092215
38058,738,0.024390243902439025,0.6625891564490789,18.0,0.6468132241526723
38059,738,0.3604336043360434,9.79159531196973,266.0,7.197407709396075
38060,738,0.02032520325203252,0.552157630374233,15.0,0.5411584743906827
38061,738,0.0027100271002710027,0.07362101738323104,2.0,0.07342204166057367
38075,738,0.02981029810298103,0.809831191215541,22.0,0.7863887093645648
38077,738,0.1978319783197832,5.374334268975867,146.0,4.486717975683472
38078,738,0.3888888888888889,10.564615994493648,287.0,7.606523516035427
38079,738,0.2073170731707317,5.632007829817172,153.0,4.664895374192001
38080,738,0.07046070460704607,1.8411606433812346,52.0,1.7199703225510776
38081,738,0.09078590785907859,2.4297224839364526,67.0,2.227497134341742
38082,738,0.018970189701897018,0.5153471216826172,14.0,0.5057528933534196
38083,738,0.013550135501355014,0.36810508691615496,10.0,0.3631838959146021
38085,738,0.013550135501355014,0.36810508691615496,10.0,0.3631838959146021
38093,738,7.6558265582655824,207.9793741076277,5650.0,24.02767346453182
38094,738,0.44715447154471544,12.14746786823312,330.0,8.3940367853521
38095,738,0.17750677506775067,4.822176638601627,131.0,4.09524322127503
38105,738,0.05962059620596206,1.619662382431082,44.0,1.5285304836753688
38106,738,0.0040650406504065045,0.11043152607484658,3.0,0.10998443487616298
38134,738,0.008130081300813009,0.22086305214969304,6.0,0.21908189850332457
38140,738,0.013550135501355014,0.36810508691615507,10.0,0.3631838959146022
38146,738,1.084010840108401,29.448406953292416,800.0,14.130640007496623
38147,738,0.26558265582655827,7.214859703556642,196.0,5.700820622296362
38148,738,0.06639566395663957,1.8037149258891605,49.0,1.6914124717994923
38152,738,18.546070460704605,68.53169233486042,13687.0,3.5061621451041245
38153,738,0.14905149051490515,4.049155956077705,110.0,3.523911669322342
38391,738,0.13550135501355012,3.6810508691615524,100.0,3.241784655657787
38614,738,6.2073170731707314,86.34776550977807,4581.0,11.980569833843997
38615,738,1.4268292682926829,38.76146565227112,1053.0,15.972061223548904
38616,738,0.25745257452574527,4.9490050822077265,190.0,3.93573895546261
38617,738,0.12195121951219512,3.3129457822453947,90.0,2.952842979827417
38618,738,35.34146341463415,520.3025603853798,26082.0,14.317050319329242
38711,738,43.91327913279133,283.08634938374286,32408.0,6.302954378965855
38717,738,33.07452574525745,137.47098818681104,24409.0,4.034421174767032
38718,738,57.52439024390244,300.772767857455,42453.0,5.139272132592479
38719,738,51.83604336043361,209.33553584820635,38255.0,3.9619835728458
38720,738,42.20867208672087,175.07994632303183,31150.0,4.051963133040564
38744,738,35.421409214092144,94.21333179745723,26141.0,2.586756905633522
38748,738,3.4607046070460705,25.749691687991145,2554.0,5.772561502350385
38781,738,8.415989159891598,24.094490925982313,6211.0,2.558891107119722
38907,738,12.498644986449865,32.80877738244835,9224.0,2.4305237611169326
38909,738,0.13821138211382114,2.802378917464234,102.0,2.4620900489150057
38910,738,0.0040650406504065045,0.06367110280570737,3.0,0.0634133250615547
38911,738,0.11653116531165311,2.405888953186618,86.0,2.1547888925385
38913,738,0.12059620596205962,2.1013231399508854,89.0,1.8751831647929305
38963,738,8.57859078590786,58.129480953721014,6331.0,6.06868820821136
39005,738,0.8401084010840109,22.822515388801623,620.0,12.402810277566715
39009,738,9.144986449864499,124.3386929521976,6749.0,12.256171416952295
39030,738,32.666666666666664,153.5656176183924,24108.0,4.561354978764131
39031,738,15.319783197831978,107.69378753687262,11306.0,6.598971703936566
39033,738,9.498644986449865,72.3673961483933,7010.0,6.893022503551142
39035,738,6.424119241192412,40.434281750453316,4741.0,5.446340560656059
39036,738,2.0338753387533877,16.268946917611093,1501.0,5.362430917908435
39039,738,2.116531165311653,41.1724041487965,1562.0,13.210971418179053
39048,738,0.0013550135501355014,0.03681050869161553,1.0,0.03676069744846043
39055,738,0.005420054200542005,0.14724203476646208,4.0,0.14644827716664288
39058,738,0.4878048780487805,5.685611137600667,360.0,3.8214763383873334
39077,738,0.005420054200542005,0.14724203476646208,4.0,0.14644827716664288
39141,738,0.005420054200542005,0.11635765631639144,4.0,0.11573039132277207
39454,738,1.483739837398374,24.528119295986933,1095.0,9.875478472688684
39478,738,0.04065040650406504,1.1043152607484656,30.0,1.0611779458754789
39479,738,0.04065040650406504,1.1043152607484656,30.0,1.0611779458754789
39891,738,6.612466124661246,104.99422459603802,4880.0,13.792406150209338
39892,738,0.7046070460704607,19.14146451964007,520.0,11.229253430440679
39905,738,67.48915989159892,461.4362399571941,49807.0,6.737361659677698
39906,738,62.02845528455285,514.0595481062859,45777.0,8.155991540415759
39907,738,78.869918699187,389.69504744476603,58206.0,4.879121624155763
39908,738,54.27913279132791,326.94365362249056,40058.0,5.914413579110649
39909,738,2.254742547425474,23.842088720874735,1664.0,7.3253378334744195
39910,738,2.1951219512195124,18.978095723358862,1620.0,5.939709348532163
39911,738,1.7398373983739837,13.236705717960612,1284.0,4.831201196763073
39912,738,4.730352303523035,86.21694371836799,3491.0,15.04566196835081
39913,738,13.311653116531165,95.77506665012605,9824.0,6.69210369132674
39914,738,10.983739837398375,64.79283137138573,8106.0,5.406728805074929
39915,738,6.8102981029810294,42.04083822115187,5026.0,5.3827443801544215
39916,738,4.380758807588076,32.63760155055751,3233.0,6.065613181644786
39940,738,12.330623306233063,254.25227946239295,9100.0,19.072797544546248
39941,738,11.478319783197833,251.96451515449036,8471.0,20.19218288457095
39942,738,21.54471544715447,356.23433627282844,15900.0,15.801234533558565
39943,738,5.487804878048781,143.6596421944808,4050.0,22.14302755629215
39944,738,2.9810298102981028,80.98311912155417,2200.0,20.342253884175282
39945,738,1.7628726287262872,37.6138254899963,1301.0,13.614028058664674
39946,738,0.2032520325203252,5.521576303742326,150.0,4.5888776037858525
39947,738,10.978319783197833,287.31918543497636,8102.0,23.986601679978794
39948,738,3.524390243902439,62.194535059626084,2601.0,13.746501010483392
39949,738,6.842818428184282,153.5113384315713,5050.0,19.573491320404216
39950,738,2.710027100271003,39.92156396913157,2000.0,10.76045077035029
39951,738,2.845528455284553,77.30206825239263,2100.0,20.10180633201753
39952,738,2.845528455284553,77.30206825239263,2100.0,20.10180633201753
39953,738,2.1151761517615175,57.42435541073142,1561.0,18.433742624236533
39954,738,0.44850948509485095,9.908163332562717,331.0,6.840247464388479
39957,738,0.7046070460704607,19.141464519640063,520.0,11.229253430440675
39958,738,0.13550135501355012,3.681050869161552,100.0,3.2417846556577867
39959,738,0.7046070460704607,13.525873709846358,520.0,7.934892526126084
39960,738,0.25745257452574527,4.94900508220773,190.0,3.935738955462613
39967,738,0.0013550135501355014,0.03681050869161553,1.0,0.03676069744846043
39969,738,0.5663956639566395,11.3238528170438,418.0,7.229241677316891
39970,738,0.17479674796747968,1.5776815252982992,129.0,1.3429399834719087
39971,738,0.08130081300813008,0.7322035581048301,60.0,0.6771506589992038
39972,738,0.12872628726287264,1.631928295903819,95.0,1.4458140244622069
40356,738,0.2845528455284553,5.517978989953405,210.0,4.295641871925752
40357,738,0.24390243902439024,4.682033207254508,180.0,3.76398748034186
40358,738,0.2845528455284553,5.517978989953405,210.0,4.295641871925752
40359,738,0.0013550135501355014,0.03681050869161552,1.0,0.036760697448460423
40360,738,0.489159891598916,9.364068083409931,361.0,6.288154909514585
40361,738,1.0013550135501355,20.338552420940815,739.0,10.162391121634611
40364,738,0.0027100271002710027,0.05202259119171675,2.0,0.0518819895939013
40365,738,0.02710027100271003,0.7003178136643474,20.0,0.6818397710874518
40413,738,1.9254742547425474,36.79244106125068,1421.0,12.576573183512274
40588,738,0.8509485094850948,22.824015665383723,628.0,12.330983573245378
40663,738,5.464769647696477,28.707233757857573,4033.0,4.440565607482474
40675,738,11.414634146341463,52.97918387395275,8424.0,4.267478465288925
40676,738,1.0934959349593496,8.199062459267765,807.0,3.9164453688929513
40677,738,0.991869918699187,7.600609775180017,732.0,3.815816336110784
40680,738,0.06504065040650407,1.4459403933566621,48.0,1.3576386899455684
40738,738,9.215447154471544,44.1584163123057,6801.0,4.322710072752567
40900,738,1.5176151761517616,11.836302677019614,1120.0,4.701394712400686
40905,738,18.546070460704605,80.8887113736254,13687.0,4.138361801992065
40906,738,14.68970189701897,69.84097017490575,10841.0,4.451389238196773
40907,738,0.037940379403794036,1.0306942433652342,28.0,0.9930187357748601
40922,738,7.626016260162602,36.130713630082134,5628.0,4.188574718661737
40923,738,0.8970189701897019,9.068574381066266,662.0,4.7804342094477885
40925,738,44.66395663956639,198.58227043025656,32962.0,4.348774942953393
40969,738,0.09349593495934959,2.202301984404641,69.0,2.014001071239932
40970,738,0.025745257452574527,0.4077120197592602,19.0,0.3974788250757385
40971,738,0.01084010840108401,0.208090364766867,8.0,0.2058588327050239
41056,738,0.005420054200542005,0.1040451823834335,4.0,0.10348429191236377
41057,738,0.05962059620596206,1.3040884950570688,44.0,1.230712671805776
41058,738,0.023035230352303523,0.625778647757463,17.0,0.6116882676092816
41059,738,0.032520325203252036,0.6329053768172904,24.0,0.6129713492009978
41060,738,0.058265582655826556,1.5828518737394677,43.0,1.495703819231405
41061,738,0.018970189701897018,0.3641581383420175,14.0,0.3573785985324587
41062,738,0.01084010840108401,0.208090364766867,8.0,0.2058588327050239
41063,738,0.13008130081300814,3.5338088343950895,96.0,3.127039472162561
41064,738,0.13008130081300814,3.5338088343950895,96.0,3.127039472162561
41075,738,1.4024390243902438,23.83990803694471,1035.0,9.923210451926225
41092,738,0.005420054200542005,0.14724203476646208,4.0,0.14644827716664288
41093,738,0.009485094850948509,0.25767356084130855,7.0,0.25525246698105464
41173,738,1.084010840108401,11.88666466747987,800.0,5.7037441642393665
41175,738,0.8590785907859079,7.710091729822799,634.0,4.147265084992147
41176,738,5.676151761517615,27.67909733233681,4189.0,4.1459658679246125
41177,738,7.006775067750677,44.37662552490704,5171.0,5.542384436855881
41178,738,6.991869918699187,47.21557638050928,5160.0,5.907951062871456
41207,738,0.5934959349593496,9.824791336405998,438.0,6.165557828458866
41304,738,0.4878048780487805,6.2320994939898355,360.0,4.188788184484971
41307,738,0.08130081300813008,2.208630521496932,60.0,2.042568076271599
41308,738,0.43360433604336046,9.308612505311311,320.0,6.493153146426982
41309,738,3.9173441734417342,26.724788598549292,2891.0,5.43480131874604
41315,738,0.16260162601626016,3.2745239650878935,120.0,2.816548585355321
41355,738,1.2073170731707317,12.095575992877057,891.0,5.479763709480214
41372,738,0.10840108401084012,2.9448406953292405,80.0,2.656836715345941
41373,738,0.12737127371273713,1.506218273517359,94.0,1.3360445743459268
41377,738,0.2005420054200542,2.4245241201571197,148.0,2.0195246057290683
41379,738,0.08265582655826559,1.3168143349180959,61.0,1.2162815759318584
41380,738,0.013550135501355014,0.36810508691615507,10.0,0.3631838959146022
41385,738,0.02710027100271003,0.7362101738323102,20.0,0.7167851032826451
41388,738,0.1897018970189702,5.153471216826171,140.0,4.331733209587374
41574,738,0.005420054200542005,0.14724203476646208,4.0,0.14644827716664288
41596,738,1.7953929539295392,11.774803742299294,1325.0,4.212217722645118
41597,738,1.486449864498645,16.141687960954588,1097.0,6.491861425168657
41598,738,1.9092140921409213,15.202875778811102,1409.0,5.225767268170747
41599,738,1.9823848238482384,12.642392288315348,1463.0,4.239021130748172
41600,738,1.6422764227642277,8.821889096992397,1212.0,3.3387457197848143
41601,738,1.0921409214092141,6.136809156054532,806.0,2.9332675888395365
41602,738,1.2479674796747968,8.53785742629712,921.0,3.7980342258030584
41664,738,0.21002710027100271,4.730518974552342,155.0,3.909432254445272
41665,738,0.17750677506775067,4.785457761496173,131.0,4.064059640948419
41667,738,0.025745257452574527,0.5369783797668611,19.0,0.5235007189801103
41669,738,0.13550135501355012,3.681050869161552,100.0,3.2417846556577867
41670,738,0.21951219512195122,4.854523974414854,162.0,3.9807096590201803
41681,738,0.5311653116531165,7.728059782538289,392.0,5.047175327002883
41703,738,5.779132791327913,43.147674832837815,4265.0,6.364777938563724
41705,738,0.2981029810298103,5.746147000526528,220.0,4.426572532764695
41760,738,0.8550135501355014,23.19059974398181,631.0,12.50157970128457
41809,738,0.06775067750677506,1.840525434580776,50.0,1.7237408257875795
41894,738,0.27371273712737126,5.618672835552171,202.0,4.4112559070611725
41912,738,0.17073170731707318,4.638124095143554,126.0,3.961730997935119
41924,738,0.20596205962059622,5.52172147941671,152.0,4.578685900909587
41937,738,20.24661246612466,150.86831946735055,14942.0,7.100817587175046
41940,738,28.193766937669377,209.5851342107246,20807.0,7.1791055487358895
42055,738,2.6341463414634148,71.55962889650053,1944.0,19.690904595681353
42067,738,0.16260162601626016,3.0705162907168777,120.0,2.6410734528543776
42234,738,2.1571815718157183,20.73905089287203,1592.0,6.568849596111398
42235,738,1.6476964769647697,21.24395998713247,1216.0,8.023563188589439
42242,738,1.5176151761517616,41.22776973460937,1120.0,16.375723392971857
42243,738,0.7046070460704607,19.14146451964006,520.0,11.229253430440671
42249,738,6.775067750677507,97.22140143617486,5000.0,12.504251352369648
42440,738,0.4065040650406504,11.043152607484652,300.0,7.851490004165388
42442,738,0.13550135501355012,1.9617958517749952,100.0,1.727691334856738
42452,738,2.158536585365854,24.068154337528206,1593.0,7.620033419603525
42453,738,1.8956639566395663,26.474148731377575,1399.0,9.142686833765396
42481,738,0.16260162601626016,4.417261042993864,120.0,3.799462295721995
42560,738,0.08265582655826559,2.2088873143915038,61.0,2.0402488585994116
42563,738,0.036585365853658534,0.9938837346736189,27.0,0.95880548521455
42564,738,0.012195121951219513,0.33129457822453956,9.0,0.32730307728207525
42565,738,0.13550135501355012,3.681050869161552,100.0,3.2417846556577867
42566,738,0.27100271002710025,7.362101738323104,200.0,5.792357231217965
42580,738,0.4065040650406504,11.043152607484652,300.0,7.851490004165388
42597,738,1.0826558265582655,19.84526157671591,799.0,9.528824361494042
42598,738,1.0826558265582655,20.783041502723027,799.0,9.979105158757056
42599,738,1.084010840108401,20.8090364766867,800.0,9.985090324964101
42600,738,1.0826558265582655,20.783041502723027,799.0,9.979105158757056
42601,738,1.0826558265582655,20.783041502723027,799.0,9.979105158757056
42602,738,1.084010840108401,18.751129909976946,800.0,8.997616302706755
42603,738,1.084010840108401,20.8090364766867,800.0,9.985090324964101
42604,738,1.084010840108401,20.8090364766867,800.0,9.985090324964101
42607,738,0.27100271002710025,7.362101738323104,200.0,5.792357231217965
42612,738,8.197831978319783,49.300440170368496,6050.0,5.360006606619321
42614,738,1.084010840108401,29.448406953292416,800.0,14.130640007496623
42615,738,6.639566395663957,60.2737550039916,4900.0,7.889682723119156
42616,738,6.6558265582655824,95.18567572321159,4912.0,12.433102421899143
42617,738,16.668021680216803,212.57919799699826,12301.0,12.031861961943761
42618,738,0.0040650406504065045,0.11043152607484653,3.0,0.10998443487616294
42661,738,0.23035230352303523,6.257786477574639,170.0,5.086174471861325
42663,738,10.440379403794038,131.32030649970875,7705.0,11.478667084778522
43622,738,0.33875338753387535,9.202627172903881,250.0,6.874027179760187
43623,738,0.04065040650406504,1.1043152607484663,30.0,1.0611779458754795
43703,738,0.17615176151761516,4.785366129910014,130.0,4.068663829347455
43768,738,3.930894308943089,38.60873340663036,2901.0,7.829965719728828
43771,738,5.826558265582656,68.96153333068266,4300.0,10.1019475184684
43772,738,0.0013550135501355014,0.03681050869161552,1.0,0.036760697448460423
43788,738,2.169376693766938,29.388333093236536,1601.0,9.272590775035725
43826,738,11.151761517615176,88.470748124398,8230.0,7.280487524063974
43827,738,19.9579945799458,135.05191573163341,14729.0,6.443933135704755
43904,738,16.161246612466126,124.46596812260067,11927.0,7.252734660440528
43905,738,6.558265582655826,43.79020532262924,4840.0,5.7936843901219754
43906,738,1.4634146341463414,13.17966404588694,1080.0,5.350160652290738
43907,738,1.1924119241192412,12.618538488181345,880.0,5.755550929714358
43908,738,15.415989159891598,102.77047770290584,11377.0,6.260388984295874
43909,738,10.92140921409214,68.93484467986565,8060.0,5.78244093813831
43910,738,8.353658536585366,53.41660202542788,6165.0,5.710771011844963
43911,738,10.575880758807589,66.61685187270155,7805.0,5.754797691917797
43912,738,0.8130081300813008,7.3220355810483,600.0,4.03861155367238
43913,738,0.27235772357723576,3.8889357191779603,201.0,3.056479830408237
43914,738,1.0311653116531165,11.649347801628203,761.0,5.735302653503412
43915,738,0.05555555555555555,1.472830475488648,41.0,1.395313082041877
43916,738,0.05420054200542006,1.4724203476646207,40.0,1.3967175020263367
43917,738,0.10840108401084012,2.08090364766867,80.0,1.8773922884834702
43918,738,0.21680216802168023,3.6025981226798915,160.0,2.960709815743608
43921,738,0.3807588075880759,6.741395518339779,281.0,4.88238458541193
43923,738,0.27371273712737126,7.362185647824028,202.0,5.780098944780993
43991,738,3.3197831978319785,47.74943834041808,2450.0,11.05366546274421
44012,738,22.429539295392953,149.37370307274753,16553.0,6.375443460047868
44013,738,2.1802168021680215,34.48738843223116,1609.0,10.844351368975968
44046,738,16.260162601626018,97.5359798538582,12000.0,5.650930533219292
44052,738,0.05420054200542006,1.4724203476646207,40.0,1.3967175020263367
44068,738,0.10569105691056911,2.8712196779460104,78.0,2.5967648557894063
44100,738,1.8455284552845528,24.61889684250831,1362.0,8.651783747510063
44101,738,1.6341463414634145,25.85197449902482,1206.0,9.814175504259424
44102,738,1.880758807588076,24.49011948123113,1388.0,8.501273836852576
44103,738,2.5948509485094853,29.937924479868105,1915.0,8.328001608044726
44104,738,1.991869918699187,25.047362225117524,1470.0,8.371808569808302
44105,738,2.0338753387533877,24.774372704449185,1501.0,8.165916505530816
44121,738,0.2032520325203252,5.521576303742328,150.0,4.588877603785854
44156,738,13.163956639566395,63.15909099327796,9715.0,4.459141792120839
44309,738,0.008130081300813009,0.22086305214969307,6.0,0.2190818985033246
44310,738,0.005420054200542005,0.14724203476646208,4.0,0.14644827716664288
44333,738,0.05555555555555555,0.901319869084975,41.0,0.8538819812383973
44396,738,0.02032520325203252,0.552157630374233,15.0,0.5411584743906827
44397,738,0.013550135501355014,0.3681050869161552,10.0,0.3631838959146023
44398,738,0.016260162601626018,0.37529703848376145,12.0,0.3692922858680212
44399,738,0.013550135501355014,0.3681050869161552,10.0,0.3631838959146023
44400,738,0.013550135501355014,0.2601129559585837,10.0,0.25663551002330853
44401,738,0.013550135501355014,0.3681050869161552,10.0,0.3631838959146023
44402,738,0.006775067750677507,0.1840525434580776,5.0,0.1828139664496114
44403,738,0.013550135501355014,0.3681050869161552,10.0,0.3631838959146023
44404,738,0.013550135501355014,0.3681050869161552,10.0,0.3631838959146023
44405,738,0.006775067750677507,0.1840525434580776,5.0,0.1828139664496114
44419,738,0.005420054200542005,0.14724203476646208,4.0,0.14644827716664288
44421,738,0.0027100271002710027,0.07362101738323104,2.0,0.07342204166057367
44430,738,0.0027100271002710027,0.052022591191716754,2.0,0.051881989593901306
44432,738,0.04065040650406504,1.1043152607484654,30.0,1.0611779458754786
44435,738,2.124661246612466,57.71887762845313,1568.0,18.472043230615096
44436,738,0.13414634146341464,3.6442403604699356,99.0,3.21320117804876
44438,738,0.13550135501355012,3.681050869161552,100.0,3.2417846556577867
44439,738,0.4092140921409214,11.116773624867887,302.0,7.8886335914927885
44440,738,0.4092140921409214,11.116773624867887,302.0,7.8886335914927885
44441,738,1.5772357723577235,42.84743211704047,1164.0,16.625344323015703
44447,738,1.443089430894309,39.20319175657051,1065.0,16.046564346283436
44449,738,0.8130081300813008,22.086305214969308,600.0,12.182132472830604
44450,738,0.14905149051490515,4.0491559560777075,110.0,3.5239116693223442
44485,738,27.317073170731707,148.07900548526848,20160.0,5.2293188844926854
44486,738,57.02574525745258,270.9046318418692,42085.0,4.66869715571771
44489,738,44.447154471544714,268.7383620629299,32802.0,5.913205462207582
44490,738,28.9579945799458,156.50680339394694,21371.0,5.224208281909306
44500,738,0.02710027100271003,0.7362101738323101,20.0,0.716785103282645
44504,738,0.16260162601626016,4.4172610429938635,120.0,3.7994622957219946
44512,738,0.16260162601626016,4.4172610429938635,120.0,3.7994622957219946
44513,738,0.0027100271002710027,0.07362101738323104,2.0,0.07342204166057367
44535,738,0.07994579945799458,1.4900316433819392,59.0,1.3797281716635772
44638,738,0.16260162601626016,3.1213554715030067,120.0,2.6848022587053832
44657,738,2.4390243902439024,15.990573719962947,1800.0,4.649741294457311
45416,738,0.051490514905149054,1.3987993302813897,38.0,1.3303014249325589
45479,738,0.0027100271002710027,0.07362101738323103,2.0,0.07342204166057366
45482,738,0.005420054200542005,0.14724203476646205,4.0,0.14644827716664285
45483,738,0.0040650406504065045,0.11043152607484653,3.0,0.10998443487616294
45484,738,0.0040650406504065045,0.11043152607484653,3.0,0.10998443487616294
